industry,year,benefit,perk_airole_beta,perk_se,perk_pvalue,n_obs
Accommodation and Food Services,2018,PAID LEAVE,0.2244625920101597,0.32751616639224307,0.49312426745967064,62317
Accommodation and Food Services,2018,CULTURE,-2.233962572362014,1.0085986763028882,0.026765747187481842,62317
Accommodation and Food Services,2018,REMOTE_KW,0.13105086718848463,0.7471544897242673,0.8607653724588538,62317
Accommodation and Food Services,2019,EDU_ASSISTANCE,-1.5005085999789147,1.011993923348188,0.13814751327469096,68138
Accommodation and Food Services,2019,PAID LEAVE,0.006446888813815053,0.3044025989206478,0.9831030071593512,68138
Accommodation and Food Services,2019,HEALTH_WELLBEING,-0.3291849874857791,0.5251145442591906,0.5307364226287066,68138
Accommodation and Food Services,2019,PARENTAL_LEAVE,1.3093986541921971,0.6093168056839111,0.03163741327447934,68138
Accommodation and Food Services,2019,CULTURE,0.07879830618299867,0.3575667165811668,0.8255801135568913,68138
Accommodation and Food Services,2019,REMOTE_KW,-0.08871550569852726,0.7403520662979534,0.9046187607780847,68138
Accommodation and Food Services,2020,EDU_ASSISTANCE,-1.0938172145042644,0.7370067798436559,0.1377732329192326,61871
Accommodation and Food Services,2020,PAID LEAVE,-0.1096210625572182,0.2992024512105631,0.7140833655994037,61871
Accommodation and Food Services,2020,HEALTH_WELLBEING,-0.5584446768130585,0.7219514879291714,0.43921407276276836,61871
Accommodation and Food Services,2020,CULTURE,0.47962639665770423,0.3619755907993012,0.18516314414594115,61871
Accommodation and Food Services,2020,REMOTE_KW,0.8314710955214623,0.44620799785207815,0.06240376917113933,61871
Accommodation and Food Services,2021,EDU_ASSISTANCE,-0.4916984922891741,0.42720840008551636,0.24974993215117547,91994
Accommodation and Food Services,2021,PAID LEAVE,0.12759255962646232,0.19620319701993794,0.5154931227549455,91994
Accommodation and Food Services,2021,HEALTH_WELLBEING,0.27736187931333917,0.3208700876532225,0.3873651541540841,91994
Accommodation and Food Services,2021,PARENTAL_LEAVE,1.7377496736286768,0.2627705341164281,3.7614254977116824e-11,91994
Accommodation and Food Services,2021,CULTURE,0.6834753250559461,0.2669002520474184,0.010443465481649638,91994
Accommodation and Food Services,2021,REMOTE_KW,1.1626353532448956,0.27366728402296,2.153474377479881e-05,91994
Accommodation and Food Services,2022,EDU_ASSISTANCE,-0.7299894305120636,0.3426482421297652,0.03313580761177348,103222
Accommodation and Food Services,2022,PAID LEAVE,0.2955562288928372,0.13794245983632883,0.03214481492809332,103222
Accommodation and Food Services,2022,PARENTAL_LEAVE,1.718526078292895,0.18084274489931876,2.0417306109484605e-21,103222
Accommodation and Food Services,2022,CULTURE,-0.32032018108784355,0.26298567676185314,0.22321873211125265,103222
Accommodation and Food Services,2022,REMOTE_KW,1.3222497351247653,0.17062345261558173,9.22410771299038e-15,103222
Accommodation and Food Services,2023,EDU_ASSISTANCE,-0.3187261967358798,0.3306744743650271,0.33511263600723273,89670
Accommodation and Food Services,2023,PAID LEAVE,0.3152203408301313,0.1694205652314283,0.06280365686194599,89670
Accommodation and Food Services,2023,HEALTH_WELLBEING,-0.3903924516822237,0.3055542427847611,0.20137162315407597,89670
Accommodation and Food Services,2023,PARENTAL_LEAVE,1.0604522944108972,0.20765734148677434,3.2776221720044454e-07,89670
Accommodation and Food Services,2023,CULTURE,-0.47716837783835553,0.29600663962501095,0.10695776802693037,89670
Accommodation and Food Services,2023,REMOTE_KW,1.8056705976131764,0.20126613856794126,2.923525871944694e-19,89670
Accommodation and Food Services,2024,EDU_ASSISTANCE,-0.07662258645709377,0.22453802190593536,0.7329187830531867,74109
Accommodation and Food Services,2024,PAID LEAVE,0.019157682653114717,0.1393509234395387,0.8906530014942065,74109
Accommodation and Food Services,2024,HEALTH_WELLBEING,-0.17366836229342422,0.21126161143579847,0.4110464077836836,74109
Accommodation and Food Services,2024,PARENTAL_LEAVE,0.7886239291446393,0.15545616635063733,3.9166140406458257e-07,74109
Accommodation and Food Services,2024,CULTURE,-0.000487740534822262,0.19152577231252285,0.997968105195017,74109
Accommodation and Food Services,2024,REMOTE_KW,1.7967433047877048,0.1616382120427136,1.0506596296599236e-28,74109
Accommodation and Food Services,2025,EDU_ASSISTANCE,0.4196467899652887,0.1678862204542707,0.012433696138866851,78351
Accommodation and Food Services,2025,PAID LEAVE,0.030106953616774176,0.12353190782801114,0.8074492059462406,78351
Accommodation and Food Services,2025,REMOTE_KW,1.2019296487551867,0.13418687400874782,3.3323029694762167e-19,78351
Administrative and Support and Waste Management and Remediation Services,2018,EDU_ASSISTANCE,-0.469592465360279,0.45537261702614235,0.3024344564779895,29806
Administrative and Support and Waste Management and Remediation Services,2018,PAID LEAVE,-0.4567325700016273,0.2286516152114575,0.04577043473607587,29806
Administrative and Support and Waste Management and Remediation Services,2018,CULTURE,-0.3465954950478417,0.36881949496696204,0.3473494635130294,29806
Administrative and Support and Waste Management and Remediation Services,2018,REMOTE_KW,0.58067750029555,0.33094422267111495,0.07932632024498579,29806
Administrative and Support and Waste Management and Remediation Services,2019,EDU_ASSISTANCE,-0.02992034001927615,0.3442560258205737,0.9307406290664337,34383
Administrative and Support and Waste Management and Remediation Services,2019,PAID LEAVE,-0.46279944967824926,0.20234455262872453,0.02218502023144895,34383
Administrative and Support and Waste Management and Remediation Services,2019,HEALTH_WELLBEING,-0.6409937197043313,0.5080359695879048,0.20705340061448874,34383
Administrative and Support and Waste Management and Remediation Services,2019,PARENTAL_LEAVE,-0.6275314905473387,1.009773265704997,0.5342984401787254,34383
Administrative and Support and Waste Management and Remediation Services,2019,REMOTE_KW,0.4349886289838124,0.3298813481499892,0.18729569151820202,34383
Administrative and Support and Waste Management and Remediation Services,2020,EDU_ASSISTANCE,-0.32079136898393656,0.41929738266075284,0.4442305438519377,40545
Administrative and Support and Waste Management and Remediation Services,2020,PAID LEAVE,-0.3782473955382465,0.19147425813962243,0.048217356696603555,40545
Administrative and Support and Waste Management and Remediation Services,2020,HEALTH_WELLBEING,-0.18510018726512067,0.4205181951417831,0.6598127920506669,40545
Administrative and Support and Waste Management and Remediation Services,2020,PARENTAL_LEAVE,1.268782646043012,0.3645635914452904,0.0005008937492781523,40545
Administrative and Support and Waste Management and Remediation Services,2020,CULTURE,0.17130908910870354,0.2842969293201391,0.5467941077523093,40545
Administrative and Support and Waste Management and Remediation Services,2020,REMOTE_KW,0.46866844345448666,0.2442292939515323,0.05498825746948307,40545
Administrative and Support and Waste Management and Remediation Services,2021,EDU_ASSISTANCE,0.27080927713396813,0.19571683613922003,0.16645676492331718,48776
Administrative and Support and Waste Management and Remediation Services,2021,PAID LEAVE,0.5277830903589144,0.1216713197073608,1.4393087314590787e-05,48776
Administrative and Support and Waste Management and Remediation Services,2021,PARENTAL_LEAVE,0.8616014771160503,0.2743106091628623,0.001683891060904998,48776
Administrative and Support and Waste Management and Remediation Services,2021,CULTURE,0.24085151295119572,0.1807530006013429,0.18269932129358402,48776
Administrative and Support and Waste Management and Remediation Services,2021,REMOTE_KW,0.8319412885148975,0.1587712249014873,1.6068586086399556e-07,48776
Administrative and Support and Waste Management and Remediation Services,2022,EDU_ASSISTANCE,-0.7356782478416611,0.1650857591461849,8.337082835866596e-06,49317
Administrative and Support and Waste Management and Remediation Services,2022,PAID LEAVE,-0.07639111355526755,0.08737477429962007,0.3819589596467896,49317
Administrative and Support and Waste Management and Remediation Services,2022,HEALTH_WELLBEING,-0.4058662291771806,0.22522596050090488,0.07153908502326299,49317
Administrative and Support and Waste Management and Remediation Services,2022,PARENTAL_LEAVE,0.3262029930162108,0.24075522953615616,0.1754444796006832,49317
Administrative and Support and Waste Management and Remediation Services,2022,CULTURE,-0.19076897463076722,0.12104040202109698,0.11500809518960943,49317
Administrative and Support and Waste Management and Remediation Services,2022,REMOTE_KW,1.1651194164991567,0.1166594327148508,1.7313629588623375e-23,49317
Administrative and Support and Waste Management and Remediation Services,2023,EDU_ASSISTANCE,-0.492113368758523,0.24058399445809714,0.040806077138278524,41406
Administrative and Support and Waste Management and Remediation Services,2023,PAID LEAVE,0.330741432357155,0.12200211572555861,0.006709107942236246,41406
Administrative and Support and Waste Management and Remediation Services,2023,HEALTH_WELLBEING,-0.5046866280219047,0.2973479350645051,0.08964124233116258,41406
Administrative and Support and Waste Management and Remediation Services,2023,PARENTAL_LEAVE,0.8320811132669321,0.21790713547150545,0.0001342588010095231,41406
Administrative and Support and Waste Management and Remediation Services,2023,CULTURE,-0.165388490339701,0.17002829131818428,0.3306966611455071,41406
Administrative and Support and Waste Management and Remediation Services,2023,REMOTE_KW,0.9677515166002773,0.15037957294392512,1.231549862862536e-10,41406
Administrative and Support and Waste Management and Remediation Services,2024,EDU_ASSISTANCE,-0.7343194389045938,0.22278769773534365,0.0009805448737276112,36680
Administrative and Support and Waste Management and Remediation Services,2024,PAID LEAVE,0.2617940499241042,0.11068166729232377,0.018016041311309648,36680
Administrative and Support and Waste Management and Remediation Services,2024,HEALTH_WELLBEING,0.29840890485410954,0.17968406924386615,0.09676524706215914,36680
Administrative and Support and Waste Management and Remediation Services,2024,PARENTAL_LEAVE,0.29345767888434837,0.21400388633978482,0.1702899745092903,36680
Administrative and Support and Waste Management and Remediation Services,2024,CULTURE,0.019980695077998205,0.14572071766410527,0.8909388174246524,36680
Administrative and Support and Waste Management and Remediation Services,2024,REMOTE_KW,0.8266480164579704,0.14219024100791014,6.111558707761343e-09,36680
Administrative and Support and Waste Management and Remediation Services,2025,EDU_ASSISTANCE,-0.008058651753634459,0.13653563626326704,0.9529343201680324,38776
Administrative and Support and Waste Management and Remediation Services,2025,PAID LEAVE,0.3189561687862372,0.08436053528142644,0.0001562816278781684,38776
Administrative and Support and Waste Management and Remediation Services,2025,HEALTH_WELLBEING,0.47008936328623485,0.1318246922788652,0.00036244504355896663,38776
Administrative and Support and Waste Management and Remediation Services,2025,PARENTAL_LEAVE,1.0088929958404322,0.12616829771072113,1.281029680077987e-15,38776
Administrative and Support and Waste Management and Remediation Services,2025,CULTURE,1.0476966540125354,0.09593065303686578,9.108488143807833e-28,38776
Administrative and Support and Waste Management and Remediation Services,2025,REMOTE_KW,1.0822616449579012,0.10475556810292608,5.086422764721706e-25,38776
"Agriculture, Forestry, Fishing and Hunting",2020,REMOTE_KW,0.10138715509933513,1.1249376338586687,0.9281863635819866,1963
"Agriculture, Forestry, Fishing and Hunting",2021,PAID LEAVE,-0.706063844912904,0.6319802645205196,0.26389834094449993,2595
"Agriculture, Forestry, Fishing and Hunting",2021,CULTURE,0.432984480702442,0.7668409437927903,0.5723227243153286,2595
"Agriculture, Forestry, Fishing and Hunting",2021,REMOTE_KW,-0.20973032201722394,0.8220375170766396,0.7986190389630359,2595
"Agriculture, Forestry, Fishing and Hunting",2022,PAID LEAVE,-0.46096858357530723,0.4392026339617277,0.2939214328202645,2867
"Agriculture, Forestry, Fishing and Hunting",2022,PARENTAL_LEAVE,2.3079327998578285,0.5777456995447261,6.477051759394429e-05,2867
"Agriculture, Forestry, Fishing and Hunting",2022,REMOTE_KW,0.6911764064503501,0.5938732105434252,0.2444868048145109,2867
"Agriculture, Forestry, Fishing and Hunting",2023,PAID LEAVE,0.16461126622646913,0.5174587028057815,0.7503978656488827,2747
"Agriculture, Forestry, Fishing and Hunting",2023,REMOTE_KW,-0.3958335922875593,1.0519115787477034,0.706694398560306,2747
"Agriculture, Forestry, Fishing and Hunting",2024,EDU_ASSISTANCE,0.631749472098928,0.6696129956679946,0.3454484182740478,2391
"Agriculture, Forestry, Fishing and Hunting",2024,PAID LEAVE,0.39833706684278947,0.5260160591685352,0.44888711164569806,2391
"Agriculture, Forestry, Fishing and Hunting",2024,HEALTH_WELLBEING,0.23441261058688592,0.7875507305086777,0.7659721156854642,2391
"Agriculture, Forestry, Fishing and Hunting",2024,REMOTE_KW,-0.6122069997891262,1.0737822611298304,0.56858225352832,2391
"Agriculture, Forestry, Fishing and Hunting",2025,PAID LEAVE,-0.4391467778248371,0.3632407027060577,0.2266747249548966,2771
"Agriculture, Forestry, Fishing and Hunting",2025,PARENTAL_LEAVE,-0.5716242552676138,0.7481291752793997,0.4448245760421684,2771
"Agriculture, Forestry, Fishing and Hunting",2025,REMOTE_KW,0.6006405266962369,0.5285829839549863,0.2558217845803178,2771
"Arts, Entertainment, and Recreation",2018,EDU_ASSISTANCE,1.0076692724972305,0.782560273417656,0.19786536207474348,9259
"Arts, Entertainment, and Recreation",2018,PAID LEAVE,0.6779787659027674,0.5981430750869928,0.2570158557442902,9259
"Arts, Entertainment, and Recreation",2019,EDU_ASSISTANCE,-0.2593664290712286,1.0259475368301214,0.8004175765060475,10897
"Arts, Entertainment, and Recreation",2019,PAID LEAVE,0.06490317122661288,0.4893279348383175,0.8944801751054828,10897
"Arts, Entertainment, and Recreation",2019,HEALTH_WELLBEING,-0.18040174969804604,1.021391830906925,0.8598041726775423,10897
"Arts, Entertainment, and Recreation",2019,CULTURE,-0.9411191108114008,1.0241740170569629,0.35814501638084406,10897
"Arts, Entertainment, and Recreation",2019,REMOTE_KW,-0.06946583838222191,1.0393088888263855,0.9467102800834015,10897
"Arts, Entertainment, and Recreation",2020,PAID LEAVE,0.6419893100451932,0.43881462589285014,0.14346518876418327,8595
"Arts, Entertainment, and Recreation",2020,CULTURE,0.971916236493476,0.5037630673247419,0.053692114910921955,8595
"Arts, Entertainment, and Recreation",2020,REMOTE_KW,0.5637657887652754,0.7550973142470009,0.4552969449099197,8595
"Arts, Entertainment, and Recreation",2021,EDU_ASSISTANCE,1.0113064155451812,0.41991772028011354,0.016025063562531656,12741
"Arts, Entertainment, and Recreation",2021,PAID LEAVE,-0.13395702878036264,0.36230036095300444,0.7115760329002626,12741
"Arts, Entertainment, and Recreation",2021,PARENTAL_LEAVE,-0.6098773925518107,1.020405507390046,0.5500525383577927,12741
"Arts, Entertainment, and Recreation",2021,CULTURE,0.9486010668212451,0.33540322971755354,0.004680459996208821,12741
"Arts, Entertainment, and Recreation",2021,REMOTE_KW,0.7183897047845423,0.4532442938884138,0.11296758800284826,12741
"Arts, Entertainment, and Recreation",2022,EDU_ASSISTANCE,0.15837126690831882,0.47293019489675087,0.7377213468215126,14715
"Arts, Entertainment, and Recreation",2022,PAID LEAVE,-0.0935808942369621,0.28707626196486274,0.7444400817220241,14715
"Arts, Entertainment, and Recreation",2022,PARENTAL_LEAVE,1.096728425100346,0.4175268799502909,0.00862108958973591,14715
"Arts, Entertainment, and Recreation",2022,CULTURE,0.04631209376978451,0.3158287407970238,0.8834187607459485,14715
"Arts, Entertainment, and Recreation",2022,REMOTE_KW,1.0535782387779988,0.3381457658339326,0.001834767033114926,14715
"Arts, Entertainment, and Recreation",2023,PAID LEAVE,-0.00730489023697228,0.27200516360187127,0.978574823623782,13642
"Arts, Entertainment, and Recreation",2023,PARENTAL_LEAVE,0.6681953207423662,0.36829605303065555,0.06963330978478048,13642
"Arts, Entertainment, and Recreation",2023,CULTURE,0.4607633716046318,0.2982792789248221,0.1224096211070877,13642
"Arts, Entertainment, and Recreation",2023,REMOTE_KW,1.7381360267049162,0.3098929433983228,2.0370206811946407e-08,13642
"Arts, Entertainment, and Recreation",2024,PAID LEAVE,0.01376167614094666,0.2556129850087648,0.9570642828653507,12320
"Arts, Entertainment, and Recreation",2024,HEALTH_WELLBEING,0.10888627419484778,0.4340812132033189,0.8019354229428795,12320
"Arts, Entertainment, and Recreation",2024,PARENTAL_LEAVE,-0.6349614642318802,0.5215285014148305,0.22341366185529543,12320
"Arts, Entertainment, and Recreation",2024,CULTURE,0.21612721511149904,0.29754435205889723,0.4676121335095831,12320
"Arts, Entertainment, and Recreation",2024,REMOTE_KW,-0.056022499372039875,0.3974729307976569,0.8879120462445538,12320
"Arts, Entertainment, and Recreation",2025,EDU_ASSISTANCE,0.7144959211336186,0.289325371802423,0.013529297989000516,12380
"Arts, Entertainment, and Recreation",2025,PAID LEAVE,0.29390450834203163,0.2057541016866816,0.15316928015916575,12380
"Arts, Entertainment, and Recreation",2025,PARENTAL_LEAVE,0.04864704878379843,0.3171772678861157,0.8781025952126972,12380
"Arts, Entertainment, and Recreation",2025,CULTURE,0.28614234682515594,0.256022302269477,0.2637181394928082,12380
"Arts, Entertainment, and Recreation",2025,REMOTE_KW,0.9181464589440106,0.2853335746854727,0.001291777281129841,12380
Construction,2018,PAID LEAVE,-0.22325004646686664,0.34680665410264866,0.5197501604507475,19295
Construction,2018,CULTURE,0.25287507424730943,0.7226408739589455,0.7263898265509456,19295
Construction,2019,EDU_ASSISTANCE,0.38911873803228464,0.39902104198802807,0.32946924307761694,23667
Construction,2019,PAID LEAVE,-0.2810227885992756,0.2871558361767012,0.32775685319599235,23667
Construction,2019,HEALTH_WELLBEING,0.4409221347103325,0.5154517147478482,0.3923246567685208,23667
Construction,2019,CULTURE,-0.5149930657966993,0.717834143950401,0.4731111206621741,23667
Construction,2019,REMOTE_KW,-0.30097842733940716,1.0106438886133267,0.7658492611204764,23667
Construction,2020,EDU_ASSISTANCE,-0.08810910645583646,0.3920124291102876,0.822165205557033,25882
Construction,2020,PAID LEAVE,-0.7126041307182903,0.2379199789667318,0.0027431706950636456,25882
Construction,2020,CULTURE,0.29623965947176684,0.39441136221249157,0.4525966177188233,25882
Construction,2020,REMOTE_KW,0.6989841474204928,0.35071899458021794,0.04626107516009027,25882
Construction,2021,EDU_ASSISTANCE,0.4079610020033638,0.2953868493007292,0.1672459004910657,32289
Construction,2021,PAID LEAVE,-0.36350823768277174,0.19782103755376865,0.06612710957496529,32289
Construction,2021,PARENTAL_LEAVE,-0.16882924029269206,0.5131072706380033,0.742130721960984,32289
Construction,2021,CULTURE,0.602660611182353,0.28050862664903853,0.03167750032593784,32289
Construction,2021,REMOTE_KW,1.3533416216928729,0.23102297768506888,4.683645725235556e-09,32289
Construction,2022,EDU_ASSISTANCE,0.1464902567247983,0.331759764887522,0.6588110926168426,33487
Construction,2022,PAID LEAVE,0.31129399593936946,0.17637995597427117,0.07757960959152577,33487
Construction,2022,HEALTH_WELLBEING,0.8366088136464434,0.28590948527003135,0.003432055908767402,33487
Construction,2022,PARENTAL_LEAVE,1.1847670301982978,0.298689358067681,7.291970868531895e-05,33487
Construction,2022,CULTURE,0.8221002927522354,0.2438961707165946,0.0007497805046148172,33487
Construction,2022,REMOTE_KW,0.871696943491747,0.267723615210824,0.00113010323369007,33487
Construction,2023,EDU_ASSISTANCE,0.02096057328195475,0.3356521110824319,0.9502066161309777,31555
Construction,2023,PAID LEAVE,-0.17492973917702193,0.20312905257112016,0.3891414572756182,31555
Construction,2023,HEALTH_WELLBEING,-0.5637555110895169,0.46106851124635373,0.2214372559208755,31555
Construction,2023,PARENTAL_LEAVE,0.9460688888097466,0.29403770966941667,0.0012930910554368607,31555
Construction,2023,CULTURE,0.3366824752264353,0.2723938438927,0.2164535362549288,31555
Construction,2023,REMOTE_KW,0.843199092294814,0.288945888962772,0.003520694063647032,31555
Construction,2024,EDU_ASSISTANCE,0.029771424165757118,0.2579556430848732,0.9081178074768057,31758
Construction,2024,PAID LEAVE,0.06180799830827218,0.1535065070015286,0.6872124159974693,31758
Construction,2024,HEALTH_WELLBEING,0.09615417081328057,0.25816797279959564,0.7095592474025616,31758
Construction,2024,PARENTAL_LEAVE,-0.05987801109367033,0.31516657198742254,0.8493181748187171,31758
Construction,2024,CULTURE,0.5767525057839058,0.18655883230846312,0.0019912685688431076,31758
Construction,2024,REMOTE_KW,0.5323203410510313,0.256204069825986,0.037735148274465675,31758
Construction,2025,EDU_ASSISTANCE,0.09550990786986738,0.17551185467719227,0.5863181354931658,34093
Construction,2025,PAID LEAVE,-0.3026397667440763,0.11182270586451443,0.006801194304576649,34093
Construction,2025,HEALTH_WELLBEING,-0.3224913808367243,0.22780444249407708,0.15687797628076638,34093
Construction,2025,PARENTAL_LEAVE,0.18123369480940393,0.18318563623295,0.3224946370912538,34093
Construction,2025,CULTURE,0.35036393914739866,0.14908103443923684,0.018765459347156968,34093
Construction,2025,REMOTE_KW,1.601999116432402,0.13425925037922537,8.048523619362427e-33,34093
Educational Services,2018,PAID LEAVE,0.3574546183661051,0.17366838643733903,0.039565222999773886,46342
Educational Services,2018,HEALTH_WELLBEING,-0.7264329321116322,0.5046543586280658,0.15001845723343296,46342
Educational Services,2018,CULTURE,0.3337552921676409,0.14711985406932857,0.02329299623130125,46342
Educational Services,2018,REMOTE_KW,-0.33634826757846426,0.5053673845582497,0.5056975032308715,46342
Educational Services,2019,EDU_ASSISTANCE,0.600752089796054,0.1914988750244143,0.0017062497537149157,51377
Educational Services,2019,PAID LEAVE,-0.005420208644856457,0.15345242371318127,0.9718231775730269,51377
Educational Services,2019,HEALTH_WELLBEING,0.6088189655567247,0.22667444298553327,0.00723403892651657,51377
Educational Services,2019,PARENTAL_LEAVE,-0.3262801539320372,0.5826756165050054,0.575500732991641,51377
Educational Services,2019,CULTURE,0.17679796789821542,0.116931034559527,0.1305376837238515,51377
Educational Services,2019,REMOTE_KW,-0.19005778172784385,0.33867793470257823,0.5746778580320697,51377
Educational Services,2020,EDU_ASSISTANCE,1.1172666595071687,0.1549287499849483,5.534415079859583e-13,45336
Educational Services,2020,PAID LEAVE,0.5880873782730751,0.12380507970192312,2.033090237345204e-06,45336
Educational Services,2020,HEALTH_WELLBEING,1.27197079020943,0.18333288927006705,3.97579138266131e-12,45336
Educational Services,2020,CULTURE,0.4399779139383533,0.10788274366937411,4.536670974478331e-05,45336
Educational Services,2020,REMOTE_KW,0.6919020311541357,0.1697952027793427,4.602997770579139e-05,45336
Educational Services,2021,EDU_ASSISTANCE,0.9426559821026598,0.11838385829815282,1.683156441402679e-15,62235
Educational Services,2021,PAID LEAVE,0.794261606261099,0.08760043168183121,1.224864545447153e-19,62235
Educational Services,2021,HEALTH_WELLBEING,1.5203036021290142,0.12890677360751862,4.2003468173075806e-32,62235
Educational Services,2021,PARENTAL_LEAVE,0.6770621515801932,0.21586753499143754,0.0017099464872522723,62235
Educational Services,2021,CULTURE,0.37581882876165823,0.08454030634795764,8.771230744191432e-06,62235
Educational Services,2021,REMOTE_KW,0.5802817731987654,0.12352459623534129,2.631046095885917e-06,62235
Educational Services,2022,EDU_ASSISTANCE,1.0066143062601165,0.08929056455934867,1.7744077748873933e-29,82006
Educational Services,2022,PAID LEAVE,0.5056664144222763,0.07258534880619924,3.2490438878299375e-12,82006
Educational Services,2022,HEALTH_WELLBEING,1.27438996419243,0.09967407119366356,1.9740632945472866e-37,82006
Educational Services,2022,PARENTAL_LEAVE,-0.10152235268942315,0.2132056042315193,0.6339524680948494,82006
Educational Services,2022,CULTURE,0.23810791713125312,0.06580271073870793,0.0002963014377752737,82006
Educational Services,2022,REMOTE_KW,0.6166215188211827,0.08472866932859671,3.3980649998040827e-13,82006
Educational Services,2023,EDU_ASSISTANCE,0.9299953624791282,0.07984353701698903,2.3567332244783446e-31,80466
Educational Services,2023,PAID LEAVE,0.5126946463709174,0.06624075488382186,9.952070443709228e-15,80466
Educational Services,2023,HEALTH_WELLBEING,0.7626833511483186,0.10560026913510596,5.109231427519294e-13,80466
Educational Services,2023,PARENTAL_LEAVE,0.4176768680831615,0.1379899539358723,0.002471048462026739,80466
Educational Services,2023,CULTURE,0.448241837871108,0.06185591185590838,4.275275315809285e-13,80466
Educational Services,2023,REMOTE_KW,0.6307612537759745,0.08431804244304736,7.390592683672382e-14,80466
Educational Services,2024,EDU_ASSISTANCE,0.34014824581772196,0.09416609704421147,0.00030359197294454256,71638
Educational Services,2024,PAID LEAVE,0.42005276850025547,0.06479843164610938,9.024337794294196e-11,71638
Educational Services,2024,HEALTH_WELLBEING,0.846000368331635,0.09604253791668413,1.2671768102157579e-18,71638
Educational Services,2024,PARENTAL_LEAVE,0.03621449245833922,0.1409546299932895,0.797238181807402,71638
Educational Services,2024,CULTURE,0.4693086309572315,0.062239522852420515,4.6866297109054174e-14,71638
Educational Services,2024,REMOTE_KW,0.8265212056821205,0.07935921218395257,2.119375671962528e-25,71638
Educational Services,2025,EDU_ASSISTANCE,0.28193598624657035,0.09133047844438148,0.0020219653906466814,68425
Educational Services,2025,PAID LEAVE,0.46603204111473445,0.058680953609918166,1.9927782040730308e-15,68425
Educational Services,2025,HEALTH_WELLBEING,0.4622373944578751,0.0963757375002143,1.6170314595858067e-06,68425
Educational Services,2025,PARENTAL_LEAVE,0.230306294134562,0.11495311586054195,0.045125768346883824,68425
Educational Services,2025,CULTURE,0.35219027191767677,0.06561689368545603,7.989220844794109e-08,68425
Educational Services,2025,REMOTE_KW,1.0014348157675468,0.07152934200254397,1.5513573429246164e-44,68425
Finance and Insurance,2018,EDU_ASSISTANCE,0.15475467284938682,0.09090032443469301,0.0886681269916348,70739
Finance and Insurance,2018,PAID LEAVE,-0.016963300883156788,0.154973972475103,0.9128384148576052,70739
Finance and Insurance,2018,HEALTH_WELLBEING,-0.4077918425530744,0.2544904867997328,0.1090704095505027,70739
Finance and Insurance,2018,PARENTAL_LEAVE,0.8570671452556904,0.22742177170959785,0.00016414994034615705,70739
Finance and Insurance,2018,CULTURE,0.48791558493031933,0.10197240928785324,1.7117438190055837e-06,70739
Finance and Insurance,2018,REMOTE_KW,-0.5592138143347,0.13195807406035284,2.2570632112142447e-05,70739
Finance and Insurance,2019,EDU_ASSISTANCE,0.08323651703506503,0.1520780475589232,0.5841536662294504,64659
Finance and Insurance,2019,PAID LEAVE,-0.1491963193556414,0.13869676770383282,0.28206078189634687,64659
Finance and Insurance,2019,HEALTH_WELLBEING,-0.2977011268120709,0.21326258467185816,0.16273347569374597,64659
Finance and Insurance,2019,PARENTAL_LEAVE,0.1300445162959777,0.2737488447386977,0.634751003234167,64659
Finance and Insurance,2019,CULTURE,0.588341920902339,0.0921493172272961,1.7178038665751866e-10,64659
Finance and Insurance,2019,REMOTE_KW,-0.5294103224636294,0.1404904757971449,0.00016436280485216878,64659
Finance and Insurance,2020,EDU_ASSISTANCE,-0.25209591352607985,0.1652605016143221,0.12714797959968632,57967
Finance and Insurance,2020,PAID LEAVE,-0.25289458487472494,0.13104846332596282,0.0536342148693206,57967
Finance and Insurance,2020,HEALTH_WELLBEING,-0.6120327163716365,0.2415685695363229,0.011290473871990123,57967
Finance and Insurance,2020,PARENTAL_LEAVE,0.45656465920250916,0.23773737410591594,0.0548000642965518,57967
Finance and Insurance,2020,CULTURE,0.49365533510828646,0.09196695523124915,7.972634474437707e-08,57967
Finance and Insurance,2020,REMOTE_KW,-0.3413831126301423,0.10485248854026019,0.001130567350066896,57967
Finance and Insurance,2021,EDU_ASSISTANCE,-0.41531421171000665,0.1060105766458252,8.940984344409599e-05,75875
Finance and Insurance,2021,PAID LEAVE,-0.44004694765589364,0.06444822713002159,8.615824974562352e-12,75875
Finance and Insurance,2021,HEALTH_WELLBEING,-0.45855817882553945,0.0805374840228223,1.2429819952876846e-08,75875
Finance and Insurance,2021,PARENTAL_LEAVE,0.15177952638209555,0.13165281883166277,0.24896081269086145,75875
Finance and Insurance,2021,CULTURE,0.5862250222612918,0.054066178384313435,2.1592749691787306e-27,75875
Finance and Insurance,2021,REMOTE_KW,-0.14665366533434449,0.06534408012113553,0.024811190476547763,75875
Finance and Insurance,2022,EDU_ASSISTANCE,-0.3423524927721921,0.08168803120410094,2.7775832439356596e-05,82634
Finance and Insurance,2022,PAID LEAVE,-0.21785593361844052,0.051594866029787884,2.4167782508001945e-05,82634
Finance and Insurance,2022,HEALTH_WELLBEING,-0.1937158775877437,0.06264082359374136,0.001984875148000806,82634
Finance and Insurance,2022,PARENTAL_LEAVE,0.029043813079056843,0.0864839948707687,0.7369999982955048,82634
Finance and Insurance,2022,CULTURE,0.28648000286974573,0.0458718905131602,4.2320668696586684e-10,82634
Finance and Insurance,2022,REMOTE_KW,0.1717839475636695,0.04895264844471699,0.0004494804841740758,82634
Finance and Insurance,2023,EDU_ASSISTANCE,-0.06531786057689622,0.07533216074261702,0.38590653717997225,58319
Finance and Insurance,2023,PAID LEAVE,-0.3516896897453376,0.0590032149807643,2.514405221336238e-09,58319
Finance and Insurance,2023,HEALTH_WELLBEING,0.17787487148194253,0.06601564033397883,0.007050801464648363,58319
Finance and Insurance,2023,PARENTAL_LEAVE,-0.03308873253722499,0.08336473603090135,0.6914299802818524,58319
Finance and Insurance,2023,CULTURE,0.6385357110688172,0.05334671625034209,5.1311653579887536e-33,58319
Finance and Insurance,2023,REMOTE_KW,0.06430436382878073,0.05735462004746124,0.26221488014288963,58319
Finance and Insurance,2024,EDU_ASSISTANCE,0.3941885668531198,0.059887051276190775,4.6353652441960845e-11,56390
Finance and Insurance,2024,PAID LEAVE,-0.10682488307890689,0.05234612817623136,0.0412765908370681,56390
Finance and Insurance,2024,HEALTH_WELLBEING,0.6707054944914934,0.057312623722965444,1.2363815472733187e-31,56390
Finance and Insurance,2024,PARENTAL_LEAVE,0.010361887701695945,0.0665795926580227,0.8763234250727403,56390
Finance and Insurance,2024,CULTURE,0.8255129492256433,0.05115298157172723,1.3767141667722884e-58,56390
Finance and Insurance,2024,REMOTE_KW,-0.143902234283423,0.05700727703144727,0.011593609524604082,56390
Finance and Insurance,2025,EDU_ASSISTANCE,-0.009457250853662487,0.04830144442647645,0.8447694968058689,62445
Finance and Insurance,2025,PAID LEAVE,-0.3415094430678468,0.0397102466049479,7.969297413911053e-18,62445
Finance and Insurance,2025,HEALTH_WELLBEING,0.41490114396684374,0.046160618557360984,2.5129891397151467e-19,62445
Finance and Insurance,2025,PARENTAL_LEAVE,-0.1907277298903173,0.051751263195101906,0.00022828093909618786,62445
Finance and Insurance,2025,CULTURE,0.3833010217633749,0.040631737986310465,3.964867836876113e-21,62445
Finance and Insurance,2025,REMOTE_KW,0.3459069467678513,0.04007762076296113,6.085767777740488e-18,62445
Health Care and Social Assistance,2018,EDU_ASSISTANCE,-0.33972851392534636,0.2576746712542601,0.18735650138216953,134508
Health Care and Social Assistance,2018,PAID LEAVE,0.011322360911331443,0.16997949412244054,0.9468920590228509,134508
Health Care and Social Assistance,2018,HEALTH_WELLBEING,0.5818241053251935,0.2748687412229195,0.03428240011868435,134508
Health Care and Social Assistance,2018,PARENTAL_LEAVE,0.6417766410360686,0.5063415543840655,0.20498452373097564,134508
Health Care and Social Assistance,2018,CULTURE,0.8614685825199991,0.18614495178336274,3.693122163760131e-06,134508
Health Care and Social Assistance,2018,REMOTE_KW,-0.16634102775179455,0.5056838673174832,0.7421989820912938,134508
Health Care and Social Assistance,2019,EDU_ASSISTANCE,-0.44080353671111094,0.23735088019392928,0.06328541219587376,153069
Health Care and Social Assistance,2019,PAID LEAVE,-0.24270471573936095,0.16424374000930667,0.13948525572119522,153069
Health Care and Social Assistance,2019,HEALTH_WELLBEING,0.010030677151387384,0.3220645725686445,0.9751539615831578,153069
Health Care and Social Assistance,2019,PARENTAL_LEAVE,1.1843301369800445,0.29770992513528194,6.945806731060559e-05,153069
Health Care and Social Assistance,2019,CULTURE,0.18030827103812017,0.20585958324844184,0.3810953280361997,153069
Health Care and Social Assistance,2019,REMOTE_KW,0.3606535357173234,0.34079200803678344,0.28992758161170806,153069
Health Care and Social Assistance,2020,EDU_ASSISTANCE,-0.6568437359701343,0.21998968671300898,0.0028284374089399223,164626
Health Care and Social Assistance,2020,PAID LEAVE,-0.31103078376419,0.13637878994099875,0.02256981896833188,164626
Health Care and Social Assistance,2020,HEALTH_WELLBEING,-0.356058337799451,0.3209545853094554,0.26726932300652284,164626
Health Care and Social Assistance,2020,PARENTAL_LEAVE,0.14351126481151308,0.38282154175721594,0.7077514133694311,164626
Health Care and Social Assistance,2020,CULTURE,0.34435603159358,0.1631288711284726,0.03477706236704447,164626
Health Care and Social Assistance,2020,REMOTE_KW,0.9242160109690436,0.19479334698125209,2.0892141819588463e-06,164626
Health Care and Social Assistance,2021,EDU_ASSISTANCE,-0.6793504214856205,0.15418073052415257,1.0520208271101888e-05,213269
Health Care and Social Assistance,2021,PAID LEAVE,-0.4585166017531313,0.10197903466258111,6.918356093072162e-06,213269
Health Care and Social Assistance,2021,HEALTH_WELLBEING,-0.9671513615278392,0.3363646852760401,0.004036362429461505,213269
Health Care and Social Assistance,2021,PARENTAL_LEAVE,0.07588280739584782,0.2545298695563544,0.7656044929647574,213269
Health Care and Social Assistance,2021,CULTURE,0.5032981312308906,0.11219344849697373,7.257783498861272e-06,213269
Health Care and Social Assistance,2021,REMOTE_KW,0.6488699595016849,0.15271321280180505,2.1478015686722527e-05,213269
Health Care and Social Assistance,2022,EDU_ASSISTANCE,-0.48826811926295305,0.11454123655138324,2.0186749713521874e-05,227234
Health Care and Social Assistance,2022,PAID LEAVE,-0.20335152954323163,0.07962441049149238,0.010652865734566941,227234
Health Care and Social Assistance,2022,HEALTH_WELLBEING,-0.08885368960360578,0.17604623691611634,0.61375697650966,227234
Health Care and Social Assistance,2022,PARENTAL_LEAVE,-0.05636770273250776,0.19669045583937947,0.7744333386715527,227234
Health Care and Social Assistance,2022,CULTURE,0.3033901229394132,0.09303558025102,0.0011101542901833339,227234
Health Care and Social Assistance,2022,REMOTE_KW,0.7436769589427432,0.11267917814112494,4.1129605001388697e-11,227234
Health Care and Social Assistance,2023,EDU_ASSISTANCE,-0.5116780477251747,0.10868704471936748,2.5039128309292985e-06,221832
Health Care and Social Assistance,2023,PAID LEAVE,0.18279456296155663,0.07408867836086337,0.013615900050907863,221832
Health Care and Social Assistance,2023,HEALTH_WELLBEING,0.12427514809285563,0.1560717412973914,0.4258754811660077,221832
Health Care and Social Assistance,2023,PARENTAL_LEAVE,0.02557060161178138,0.13871192675204397,0.8537442193562834,221832
Health Care and Social Assistance,2023,CULTURE,0.45772693511816764,0.08652399161835095,1.222003251452049e-07,221832
Health Care and Social Assistance,2023,REMOTE_KW,0.9690947537169776,0.1103279718860971,1.5809466689387822e-18,221832
Health Care and Social Assistance,2024,EDU_ASSISTANCE,-0.8029710888252879,0.10449753957747138,1.540584918200692e-14,214348
Health Care and Social Assistance,2024,PAID LEAVE,-0.43402174350353173,0.06717743910010285,1.0413301748221486e-10,214348
Health Care and Social Assistance,2024,HEALTH_WELLBEING,-0.21991505167289976,0.13579376486143507,0.10534439778185441,214348
Health Care and Social Assistance,2024,PARENTAL_LEAVE,-0.10371481526225411,0.11813586373944476,0.3799826428578883,214348
Health Care and Social Assistance,2024,CULTURE,0.34215661862223645,0.07446851247193663,4.334799099232071e-06,214348
Health Care and Social Assistance,2024,REMOTE_KW,0.925073691558556,0.09628454533071547,7.418260582931016e-22,214348
Health Care and Social Assistance,2025,EDU_ASSISTANCE,-0.361329202105029,0.07196726302671337,5.147172841312594e-07,234102
Health Care and Social Assistance,2025,PAID LEAVE,-0.229469055433832,0.05252098691744696,1.2476385696258574e-05,234102
Health Care and Social Assistance,2025,HEALTH_WELLBEING,0.18872119153608957,0.08498700271030067,0.02637882095929734,234102
Health Care and Social Assistance,2025,PARENTAL_LEAVE,0.16116891289084762,0.08292019814896275,0.0519361151645088,234102
Health Care and Social Assistance,2025,CULTURE,0.42992403471898655,0.06674896584941423,1.18759832666165e-10,234102
Health Care and Social Assistance,2025,REMOTE_KW,1.1417990821128636,0.0766728319919915,3.724124029937114e-50,234102
Information,2018,EDU_ASSISTANCE,-0.9427824306055309,0.2034151821799145,3.5733586024334496e-06,27482
Information,2018,PAID LEAVE,-0.3867197097259453,0.1204416043527309,0.0013234382049543772,27482
Information,2018,HEALTH_WELLBEING,0.11520608336911543,0.24607251434804128,0.6396562987458988,27482
Information,2018,CULTURE,-0.11116186093412728,0.11780031115534957,0.34535027995696443,27482
Information,2018,REMOTE_KW,1.1258289578909864,0.1032321368655084,1.0813876709310818e-27,27482
Information,2019,EDU_ASSISTANCE,-1.2391344287988497,0.19546034614720723,2.3040821450202227e-10,30747
Information,2019,PAID LEAVE,-0.4621523697945395,0.10341025485236573,7.854372311504819e-06,30747
Information,2019,CULTURE,-0.12359296695456913,0.09896902990230495,0.21173659856022198,30747
Information,2019,REMOTE_KW,-0.11674476106890094,0.14007612550803594,0.4045977703569027,30747
Information,2020,EDU_ASSISTANCE,-0.4619539646087816,0.15962348487527067,0.0038034084724934067,26006
Information,2020,PAID LEAVE,-0.2731828712753644,0.09974929388634406,0.0061683607994021715,26006
Information,2020,PARENTAL_LEAVE,-0.31848079974107474,0.23714745611875224,0.1792832166855085,26006
Information,2020,CULTURE,0.478322666513641,0.09259567818944779,2.395245279104502e-07,26006
Information,2020,REMOTE_KW,-0.2527690616836711,0.11070373413174668,0.022413114831846166,26006
Information,2021,EDU_ASSISTANCE,-0.9982515272548985,0.15433015175153547,9.912090243891679e-11,41655
Information,2021,PAID LEAVE,-0.4362013846695441,0.07723040967036546,1.6227591589983227e-08,41655
Information,2021,HEALTH_WELLBEING,-0.41311817072278645,0.1703278013926334,0.015290261333696813,41655
Information,2021,PARENTAL_LEAVE,0.24397659155775556,0.10241637663710865,0.017209411418942305,41655
Information,2021,CULTURE,0.18395240534065838,0.06313296925272255,0.003571390289681772,41655
Information,2021,REMOTE_KW,0.1679161510454702,0.06544855703594797,0.010299148012133936,41655
Information,2022,EDU_ASSISTANCE,-0.9953718364395315,0.13148627593693238,3.727715936373356e-14,43258
Information,2022,PAID LEAVE,-0.38687445738196835,0.06586277479387019,4.255391214530487e-09,43258
Information,2022,HEALTH_WELLBEING,-0.023413795396585155,0.12962707315214148,0.8566625048925853,43258
Information,2022,PARENTAL_LEAVE,0.2701405716575428,0.07856482328678537,0.0005850723096363221,43258
Information,2022,CULTURE,0.25943384256365104,0.05197912736320835,6.003150000791347e-07,43258
Information,2022,REMOTE_KW,0.2808034040067078,0.054930997734410306,3.188843424185216e-07,43258
Information,2023,EDU_ASSISTANCE,-0.645527595658397,0.1202779966169585,8.007333441795675e-08,28427
Information,2023,PAID LEAVE,-0.2421780432660343,0.06626181487774414,0.00025731650666281435,28427
Information,2023,HEALTH_WELLBEING,0.18523758449149244,0.10192602202869025,0.06916004301078978,28427
Information,2023,PARENTAL_LEAVE,0.36342698400447976,0.07295625785496111,6.311391381363469e-07,28427
Information,2023,CULTURE,0.21552501770368784,0.06567382084643976,0.001031652715987973,28427
Information,2023,REMOTE_KW,0.3014483545519269,0.06751764978679858,8.016824444365446e-06,28427
Information,2024,EDU_ASSISTANCE,-0.4107521762682104,0.08699432760785426,2.339997203100749e-06,28936
Information,2024,PAID LEAVE,-0.32033378022510595,0.05284514795938008,1.3465307391573028e-09,28936
Information,2024,HEALTH_WELLBEING,-0.01457958058229282,0.08358567019425715,0.8615300575120383,28936
Information,2024,PARENTAL_LEAVE,0.20347721537884494,0.056315007702710966,0.0003024447698660276,28936
Information,2024,CULTURE,0.000873659622765982,0.05311253889271795,0.9868760163865378,28936
Information,2024,REMOTE_KW,0.08520450572432604,0.05295324808468301,0.10760507086774819,28936
Information,2025,EDU_ASSISTANCE,-0.4838242083784217,0.06000850745622947,7.469251257930524e-16,33066
Information,2025,PAID LEAVE,-0.07565260200795773,0.03669863797460913,0.03925962310461692,33066
Information,2025,HEALTH_WELLBEING,0.1240453838167768,0.05477358840877551,0.023531501169520606,33066
Information,2025,PARENTAL_LEAVE,0.34899080798189325,0.03987426757584885,2.0908236949635574e-18,33066
Information,2025,CULTURE,-0.02889617842062534,0.04352560907828105,0.5067612786372652,33066
Information,2025,REMOTE_KW,0.3117921897981869,0.03894144425561961,1.1783414302551558e-15,33066
Management of Companies and Enterprises,2018,PAID LEAVE,-0.5307598225495179,0.6040067006056142,0.3795467775160235,5794
Management of Companies and Enterprises,2018,REMOTE_KW,0.4657604260361697,0.6103748525007299,0.44542000175445895,5794
Management of Companies and Enterprises,2019,EDU_ASSISTANCE,-1.3797033887941896,1.0263834991273681,0.17887153592537208,4348
Management of Companies and Enterprises,2019,PAID LEAVE,-1.2981719587120681,0.7328335656429554,0.07648727456055089,4348
Management of Companies and Enterprises,2019,HEALTH_WELLBEING,-1.1760090733691886,1.0340978634120888,0.25544135661281964,4348
Management of Companies and Enterprises,2019,CULTURE,0.6615527556325411,0.396993926545157,0.09563272974184737,4348
Management of Companies and Enterprises,2020,CULTURE,0.17058419836578523,0.5021920703331431,0.7340981308388279,4147
Management of Companies and Enterprises,2020,REMOTE_KW,-0.12497536397011245,0.7486978986779035,0.8674301473581574,4147
Management of Companies and Enterprises,2021,EDU_ASSISTANCE,0.12403994613946707,0.4740821876964187,0.7935972417449695,4789
Management of Companies and Enterprises,2021,PAID LEAVE,-0.6314316976320298,0.3609336943767438,0.0802150609100311,4789
Management of Companies and Enterprises,2021,PARENTAL_LEAVE,0.480591375006107,0.4944099649040979,0.3310255050886104,4789
Management of Companies and Enterprises,2021,CULTURE,0.5255056116741001,0.28976492370926615,0.06974573977225705,4789
Management of Companies and Enterprises,2021,REMOTE_KW,-0.09004174715301794,0.5312053255529287,0.8653997530669063,4789
Management of Companies and Enterprises,2022,EDU_ASSISTANCE,0.1582963172305219,0.40163365854057614,0.6934842480951069,5790
Management of Companies and Enterprises,2022,PAID LEAVE,0.4808313389303769,0.2432240405717144,0.048052129233997945,5790
Management of Companies and Enterprises,2022,HEALTH_WELLBEING,-0.01800388176502092,0.5972201950083453,0.9759505055006066,5790
Management of Companies and Enterprises,2022,PARENTAL_LEAVE,0.9555392010503008,0.38582585546124776,0.013263768121668826,5790
Management of Companies and Enterprises,2022,CULTURE,0.43514446889456265,0.2841588524106829,0.12568481788351546,5790
Management of Companies and Enterprises,2022,REMOTE_KW,0.5666989579101226,0.30549775660387996,0.06359593704272762,5790
Management of Companies and Enterprises,2023,EDU_ASSISTANCE,0.12912633638214643,0.4427571567707953,0.7705607847815688,5311
Management of Companies and Enterprises,2023,PAID LEAVE,-0.5452492412469445,0.3231419036553572,0.09153859944526964,5311
Management of Companies and Enterprises,2023,PARENTAL_LEAVE,1.2664373740860786,0.40214112811103847,0.0016369786087738168,5311
Management of Companies and Enterprises,2023,CULTURE,0.7586360940485146,0.3209698055230326,0.018099580064342508,5311
Management of Companies and Enterprises,2023,REMOTE_KW,-0.268532796646847,0.48481985902098984,0.5796598820264156,5311
Management of Companies and Enterprises,2024,EDU_ASSISTANCE,-0.4513015604750309,0.4096863787235785,0.2706451146816381,5739
Management of Companies and Enterprises,2024,PAID LEAVE,-0.5957069072946106,0.25712911164630203,0.020516710203763548,5739
Management of Companies and Enterprises,2024,HEALTH_WELLBEING,0.8522259834172367,0.273584491384922,0.0018392144996638234,5739
Management of Companies and Enterprises,2024,PARENTAL_LEAVE,0.3973037179375393,0.35446135706927384,0.2623448638612692,5739
Management of Companies and Enterprises,2024,CULTURE,0.7996219736794746,0.24953028837585953,0.0013529321339219027,5739
Management of Companies and Enterprises,2024,REMOTE_KW,0.7221400580241361,0.28058825825462813,0.010062777898090174,5739
Management of Companies and Enterprises,2025,EDU_ASSISTANCE,-0.12522198489244454,0.2642361601259066,0.6355699545094102,5397
Management of Companies and Enterprises,2025,PAID LEAVE,-0.07718769582139005,0.15583581059290705,0.620378321872743,5397
Management of Companies and Enterprises,2025,HEALTH_WELLBEING,0.5504739532218715,0.16845861505317458,0.0010842127923273498,5397
Management of Companies and Enterprises,2025,PARENTAL_LEAVE,0.8705381295808092,0.19039717735753336,4.825796576108685e-06,5397
Management of Companies and Enterprises,2025,CULTURE,0.37706567434698546,0.22421406665570676,0.09262280686538724,5397
Management of Companies and Enterprises,2025,REMOTE_KW,0.28535013819145966,0.2028509135318859,0.15951671947408308,5397
Manufacturing,2018,EDU_ASSISTANCE,-0.5593367865059172,0.20033139106693276,0.005237402913070712,81699
Manufacturing,2018,PAID LEAVE,0.05001281314721493,0.09319218723903414,0.5915003116955326,81699
Manufacturing,2018,HEALTH_WELLBEING,-0.1643431978373734,0.22966420825470732,0.47425050162801663,81699
Manufacturing,2018,PARENTAL_LEAVE,-0.1838757587238921,0.28525432579132404,0.5191845708108815,81699
Manufacturing,2018,CULTURE,0.697845983704717,0.06789504977442232,8.826682027995462e-25,81699
Manufacturing,2018,REMOTE_KW,-0.3221847128767126,0.185154668570187,0.08184423461710108,81699
Manufacturing,2019,EDU_ASSISTANCE,-0.8257377540702214,0.1804174781029929,4.721044348368783e-06,80652
Manufacturing,2019,PAID LEAVE,-0.09127171036451008,0.08821781740541527,0.30084751094317075,80652
Manufacturing,2019,HEALTH_WELLBEING,0.4857784323341786,0.1287871230381998,0.00016197750733722748,80652
Manufacturing,2019,PARENTAL_LEAVE,0.323958674736917,0.17610223593084948,0.0658261488227624,80652
Manufacturing,2019,CULTURE,0.6173720569089011,0.06601122044500043,8.557409396086144e-21,80652
Manufacturing,2019,REMOTE_KW,-0.5879486633637678,0.19673978790420885,0.002803887067194181,80652
Manufacturing,2020,EDU_ASSISTANCE,-0.4803489174805071,0.14034898874763868,0.0006204077462299026,75993
Manufacturing,2020,PAID LEAVE,-0.38894634961489083,0.08606719060629163,6.2102689025058325e-06,75993
Manufacturing,2020,HEALTH_WELLBEING,-0.40301445876941183,0.19058826669266996,0.034465615715497167,75993
Manufacturing,2020,PARENTAL_LEAVE,0.426731769641383,0.1448392426442843,0.0032165840982535917,75993
Manufacturing,2020,CULTURE,0.7835843915058595,0.06111253030804136,1.234862385016107e-37,75993
Manufacturing,2020,REMOTE_KW,0.10513978217479522,0.11318828135312231,0.352944632880861,75993
Manufacturing,2021,EDU_ASSISTANCE,-0.11755526980640439,0.08024424034564191,0.14292956178359065,106195
Manufacturing,2021,PAID LEAVE,-0.24168564633670384,0.058245967228911864,3.3335212370824274e-05,106195
Manufacturing,2021,HEALTH_WELLBEING,-0.0748574613484479,0.1297957871837355,0.5641201089240402,106195
Manufacturing,2021,PARENTAL_LEAVE,0.901803342328646,0.07327299378664023,8.259671725091039e-35,106195
Manufacturing,2021,CULTURE,0.8481347622671258,0.045041709772439466,4.28874524177308e-79,106195
Manufacturing,2021,REMOTE_KW,0.39806425119839184,0.06313792824574248,2.887953098176647e-10,106195
Manufacturing,2022,EDU_ASSISTANCE,0.20577413476509054,0.05452409958287343,0.00016064859812165637,129594
Manufacturing,2022,PAID LEAVE,-0.15314995079356356,0.044306692383141846,0.0005470619470266287,129594
Manufacturing,2022,HEALTH_WELLBEING,-0.12965317946513752,0.08604644050445111,0.13186668863701181,129594
Manufacturing,2022,PARENTAL_LEAVE,0.6621795204136932,0.05707347224796725,4.0148081537179e-31,129594
Manufacturing,2022,CULTURE,0.5443222902642277,0.03865878164190693,5.0287333641113876e-45,129594
Manufacturing,2022,REMOTE_KW,0.5595539429440681,0.04436228749119761,1.7841085999871273e-36,129594
Manufacturing,2023,EDU_ASSISTANCE,-0.10571856166554786,0.061700942337593795,0.08663847851866378,104021
Manufacturing,2023,PAID LEAVE,-0.11569400573872753,0.0448933553269612,0.00996373615030627,104021
Manufacturing,2023,HEALTH_WELLBEING,-0.07423771669176753,0.08329301577137123,0.37277693038730086,104021
Manufacturing,2023,PARENTAL_LEAVE,0.14158674507797323,0.06390009819382636,0.026708518576626778,104021
Manufacturing,2023,CULTURE,0.48363663105286175,0.04585415196774826,5.228832032695759e-26,104021
Manufacturing,2023,REMOTE_KW,0.614592828177937,0.051228832572080586,3.683638222078855e-33,104021
Manufacturing,2024,EDU_ASSISTANCE,-0.09642458653787107,0.05302386791274203,0.06898578053161969,94379
Manufacturing,2024,PAID LEAVE,-0.1040956377361187,0.03979666919101172,0.008904809619542202,94379
Manufacturing,2024,HEALTH_WELLBEING,-0.2765586102026085,0.08422813795605621,0.0010254599686667608,94379
Manufacturing,2024,PARENTAL_LEAVE,0.2572171220717891,0.04861349797925526,1.2160689452214864e-07,94379
Manufacturing,2024,CULTURE,0.41598185599783416,0.04178788643104488,2.4077985741981252e-23,94379
Manufacturing,2024,REMOTE_KW,0.46618084329991843,0.04826321097162363,4.496468977921748e-22,94379
Manufacturing,2025,EDU_ASSISTANCE,0.19717658043704223,0.037881772952388974,1.939427765798722e-07,99007
Manufacturing,2025,PAID LEAVE,-0.19272197310374647,0.032361458938056066,2.5960614230735822e-09,99007
Manufacturing,2025,HEALTH_WELLBEING,-0.3972887286512896,0.0746406950884142,1.0224806472310162e-07,99007
Manufacturing,2025,PARENTAL_LEAVE,0.1504834676185161,0.03967403538165783,0.00014884040215879288,99007
Manufacturing,2025,CULTURE,0.5180436588522763,0.03520483136324367,5.15473248250264e-49,99007
Manufacturing,2025,REMOTE_KW,0.33431424905252743,0.041429688398152725,7.062322251784054e-16,99007
"Mining, Quarrying, and Oil and Gas Extraction",2019,CULTURE,1.7127338171631767,0.5774761030377479,0.0030180294719512773,2997
"Mining, Quarrying, and Oil and Gas Extraction",2020,PAID LEAVE,0.5647573425500505,0.6908247997269473,0.41363607727677776,1857
"Mining, Quarrying, and Oil and Gas Extraction",2020,CULTURE,0.9263827851661107,0.6888934146380604,0.17870909291155712,1857
"Mining, Quarrying, and Oil and Gas Extraction",2021,HEALTH_WELLBEING,1.7042076625969176,0.6491725979037639,0.008659817848224975,2806
"Mining, Quarrying, and Oil and Gas Extraction",2022,EDU_ASSISTANCE,1.1326648221630982,0.4120695500569483,0.005982802334475294,3622
"Mining, Quarrying, and Oil and Gas Extraction",2022,PAID LEAVE,0.12028909662058054,0.36746475959081826,0.7434041925865575,3622
"Mining, Quarrying, and Oil and Gas Extraction",2023,EDU_ASSISTANCE,-1.3212184535724751,1.0201796874880564,0.19529123239114388,3358
"Mining, Quarrying, and Oil and Gas Extraction",2023,PAID LEAVE,-1.4558375797976626,0.6081297023423907,0.016667611408867567,3358
"Mining, Quarrying, and Oil and Gas Extraction",2023,CULTURE,0.36375394915878806,0.4316110620870341,0.39935048683989405,3358
"Mining, Quarrying, and Oil and Gas Extraction",2023,REMOTE_KW,0.2255864536177125,0.5096965358750496,0.658062512494055,3358
"Mining, Quarrying, and Oil and Gas Extraction",2024,EDU_ASSISTANCE,0.6059743778919467,0.35650135671874045,0.08917205000700103,2926
"Mining, Quarrying, and Oil and Gas Extraction",2024,PAID LEAVE,-0.23544418222962285,0.33126903844237665,0.4772490611195077,2926
"Mining, Quarrying, and Oil and Gas Extraction",2024,PARENTAL_LEAVE,-0.6342930280782598,0.7356001953657035,0.388533686403139,2926
"Mining, Quarrying, and Oil and Gas Extraction",2024,CULTURE,0.32442627809269325,0.3437797674390367,0.3453210238957035,2926
"Mining, Quarrying, and Oil and Gas Extraction",2024,REMOTE_KW,-0.5927554550833313,0.6198454205724906,0.33892290679950776,2926
"Mining, Quarrying, and Oil and Gas Extraction",2025,EDU_ASSISTANCE,-0.7539002294293442,0.45349219578986,0.0964260584300868,2807
"Mining, Quarrying, and Oil and Gas Extraction",2025,PAID LEAVE,-0.8719213136933264,0.3207475341955971,0.006559772927661717,2807
"Mining, Quarrying, and Oil and Gas Extraction",2025,PARENTAL_LEAVE,-1.052065843056721,0.7350174583250164,0.15233047468755884,2807
"Mining, Quarrying, and Oil and Gas Extraction",2025,CULTURE,0.03695355920278728,0.3921009190435706,0.9249145226118838,2807
Other Services (except Public Administration),2018,EDU_ASSISTANCE,-1.7759822876766418,1.0072939061195638,0.07787987506947906,18976
Other Services (except Public Administration),2018,PAID LEAVE,-0.9149182363475549,0.3962384337658863,0.020943064093169185,18976
Other Services (except Public Administration),2018,PARENTAL_LEAVE,0.056444797179782756,1.0152227479147722,0.9556617103105107,18976
Other Services (except Public Administration),2018,CULTURE,-1.1343349405082694,0.7189764452243798,0.114632691250551,18976
Other Services (except Public Administration),2018,REMOTE_KW,0.5622286244828276,0.5213454125186416,0.28084696047267266,18976
Other Services (except Public Administration),2019,EDU_ASSISTANCE,-0.6357574510051279,0.5133771959229051,0.2155741828622788,23335
Other Services (except Public Administration),2019,PAID LEAVE,-0.46695041236573526,0.30061909863541814,0.12035246012442838,23335
Other Services (except Public Administration),2019,HEALTH_WELLBEING,0.5047900855924172,0.46422524699279816,0.2768681102528796,23335
Other Services (except Public Administration),2019,PARENTAL_LEAVE,0.9128987158452319,0.5202039053656894,0.07927875499948732,23335
Other Services (except Public Administration),2019,CULTURE,1.0109365911041124,0.2736565761748713,0.0002205976905843333,23335
Other Services (except Public Administration),2019,REMOTE_KW,-0.12677597363499793,0.5935960210683857,0.8308802001560817,23335
Other Services (except Public Administration),2020,EDU_ASSISTANCE,-0.7147415415976769,0.5119437295844655,0.16267444415166732,24483
Other Services (except Public Administration),2020,PAID LEAVE,-0.9672642737426277,0.2982514474440712,0.0011822974078867412,24483
Other Services (except Public Administration),2020,PARENTAL_LEAVE,-0.7648497135551995,1.00880872358974,0.44834850415182625,24483
Other Services (except Public Administration),2020,CULTURE,1.0725459085554259,0.2599052422724732,3.68037071887289e-05,24483
Other Services (except Public Administration),2020,REMOTE_KW,0.22227394920446591,0.35591067833120504,0.5322850102820338,24483
Other Services (except Public Administration),2021,EDU_ASSISTANCE,-0.2133764505565497,0.27991284416686796,0.4458833413089529,32195
Other Services (except Public Administration),2021,PAID LEAVE,0.11011614084027917,0.15337976777059323,0.47279962831261113,32195
Other Services (except Public Administration),2021,HEALTH_WELLBEING,0.39136528851346536,0.32864640738456674,0.23371640171470165,32195
Other Services (except Public Administration),2021,PARENTAL_LEAVE,0.7724100732812388,0.25466102589095285,0.0024206256914534536,32195
Other Services (except Public Administration),2021,CULTURE,0.5726880887278593,0.19949099941456475,0.0040950377598529845,32195
Other Services (except Public Administration),2021,REMOTE_KW,0.7487283449667457,0.19987567583496058,0.00017969785334294555,32195
Other Services (except Public Administration),2022,EDU_ASSISTANCE,-0.5908610104276406,0.2998166216829728,0.04875346952867168,34618
Other Services (except Public Administration),2022,PAID LEAVE,-0.2262568914709463,0.14914867561061337,0.12926947618830337,34618
Other Services (except Public Administration),2022,HEALTH_WELLBEING,0.05783091998924182,0.30039753755193405,0.8473391112639586,34618
Other Services (except Public Administration),2022,PARENTAL_LEAVE,0.5205908586871182,0.24202547494032334,0.03147813622595092,34618
Other Services (except Public Administration),2022,CULTURE,0.33014699045333656,0.18421009101700406,0.07309601011130364,34618
Other Services (except Public Administration),2022,REMOTE_KW,0.7359260407294341,0.1812088973722574,4.882058606140058e-05,34618
Other Services (except Public Administration),2023,EDU_ASSISTANCE,-0.044488502852955615,0.2247883593586943,0.8431132571351543,33222
Other Services (except Public Administration),2023,PAID LEAVE,-0.20686828004141516,0.1474388881524246,0.16059354083250021,33222
Other Services (except Public Administration),2023,HEALTH_WELLBEING,0.5127821619685107,0.22296526820202345,0.02145786603243293,33222
Other Services (except Public Administration),2023,PARENTAL_LEAVE,0.5229931877918866,0.2177182924321938,0.016298779583239015,33222
Other Services (except Public Administration),2023,CULTURE,0.5227968133500919,0.16812870389169915,0.0018740198822008666,33222
Other Services (except Public Administration),2023,REMOTE_KW,1.1782921287653754,0.16750355363457575,2.000763074525279e-12,33222
Other Services (except Public Administration),2024,EDU_ASSISTANCE,-0.12512399628487184,0.22116185292437748,0.5715585819670257,31362
Other Services (except Public Administration),2024,PAID LEAVE,0.21684790800883788,0.14135717886715976,0.12501921853015932,31362
Other Services (except Public Administration),2024,HEALTH_WELLBEING,0.6250877505565149,0.2061779961149718,0.0024311075585330324,31362
Other Services (except Public Administration),2024,PARENTAL_LEAVE,0.8257355200890453,0.19364080015394103,2.0056207407338424e-05,31362
Other Services (except Public Administration),2024,CULTURE,0.8344200286224425,0.15794453556278001,1.2708957769967477e-07,31362
Other Services (except Public Administration),2024,REMOTE_KW,0.8203322545622049,0.18263031853703757,7.063573586096546e-06,31362
Other Services (except Public Administration),2025,EDU_ASSISTANCE,0.08940537103280943,0.1527779404589314,0.5584144758601342,29936
Other Services (except Public Administration),2025,PAID LEAVE,-0.25489115274880175,0.10162626980114843,0.01213745171997203,29936
Other Services (except Public Administration),2025,HEALTH_WELLBEING,0.7162990445690471,0.1534677504105399,3.049996739549315e-06,29936
Other Services (except Public Administration),2025,PARENTAL_LEAVE,0.8550071681790526,0.15054634508246958,1.3519819897665685e-08,29936
Other Services (except Public Administration),2025,CULTURE,0.22609600619130316,0.13308851722332152,0.08934946263740305,29936
Other Services (except Public Administration),2025,REMOTE_KW,1.0326448386852851,0.13094533490774826,3.1183720235977976e-15,29936
"Professional, Scientific, and Technical Services",2018,EDU_ASSISTANCE,0.20216157419707012,0.13100274308756654,0.12278569923327369,95784
"Professional, Scientific, and Technical Services",2018,PAID LEAVE,-0.054255372425250074,0.07711288003941671,0.48169200891198793,95784
"Professional, Scientific, and Technical Services",2018,HEALTH_WELLBEING,-0.2513314841690392,0.196652227607072,0.20123160937802131,95784
"Professional, Scientific, and Technical Services",2018,PARENTAL_LEAVE,0.8664737555044859,0.16680754203706313,2.0532383677589786e-07,95784
"Professional, Scientific, and Technical Services",2018,CULTURE,0.4387659759954522,0.07458414898061407,4.033066316554966e-09,95784
"Professional, Scientific, and Technical Services",2018,REMOTE_KW,-0.18761989829064407,0.12683697630148683,0.13908130219542442,95784
"Professional, Scientific, and Technical Services",2019,EDU_ASSISTANCE,0.07044848899735841,0.11546177560968329,0.5417653928779553,102718
"Professional, Scientific, and Technical Services",2019,PAID LEAVE,-0.24779858548282874,0.06916292732045319,0.0003398998262554622,102718
"Professional, Scientific, and Technical Services",2019,HEALTH_WELLBEING,-0.06659857126865323,0.12804908881880564,0.6029925711792576,102718
"Professional, Scientific, and Technical Services",2019,PARENTAL_LEAVE,0.6685540264590837,0.12688081833613235,1.3705715381888054e-07,102718
"Professional, Scientific, and Technical Services",2019,CULTURE,0.5903710913476772,0.06364964240818388,1.7707909434631383e-20,102718
"Professional, Scientific, and Technical Services",2019,REMOTE_KW,-0.16497565677410178,0.10739637479455709,0.12450452812966958,102718
"Professional, Scientific, and Technical Services",2020,EDU_ASSISTANCE,0.15720525211174577,0.09862610257155995,0.11094683469388904,99479
"Professional, Scientific, and Technical Services",2020,PAID LEAVE,-0.2884536306155985,0.06229956465500963,3.654773844404085e-06,99479
"Professional, Scientific, and Technical Services",2020,HEALTH_WELLBEING,0.2232477964534998,0.10395712951832871,0.03175360366733011,99479
"Professional, Scientific, and Technical Services",2020,PARENTAL_LEAVE,0.3744958693748075,0.10242524512387698,0.00025589701990470624,99479
"Professional, Scientific, and Technical Services",2020,CULTURE,0.6314015495166604,0.06008171073252544,7.848221481006419e-26,99479
"Professional, Scientific, and Technical Services",2020,REMOTE_KW,0.05033845087447982,0.0679021821814682,0.45848867893438006,99479
"Professional, Scientific, and Technical Services",2021,EDU_ASSISTANCE,0.019290460267646158,0.06844605983046073,0.7780704243624257,120977
"Professional, Scientific, and Technical Services",2021,PAID LEAVE,-0.28679841971453923,0.044105817255292896,7.89919361143959e-11,120977
"Professional, Scientific, and Technical Services",2021,HEALTH_WELLBEING,-0.008163154468938219,0.08409324275285032,0.9226686952291199,120977
"Professional, Scientific, and Technical Services",2021,PARENTAL_LEAVE,0.21698101158214347,0.06742196983031594,0.0012897363378739687,120977
"Professional, Scientific, and Technical Services",2021,CULTURE,0.4825393230513999,0.04082724370523359,3.1117550181155646e-32,120977
"Professional, Scientific, and Technical Services",2021,REMOTE_KW,0.27863454636141777,0.04239982259829072,4.977844594501161e-11,120977
"Professional, Scientific, and Technical Services",2022,EDU_ASSISTANCE,0.08265590108063509,0.05399105847280951,0.1257895783716435,131790
"Professional, Scientific, and Technical Services",2022,PAID LEAVE,-0.17510677115773693,0.036787623322104314,1.936533512225769e-06,131790
"Professional, Scientific, and Technical Services",2022,HEALTH_WELLBEING,-0.2795418603892938,0.08309336583825364,0.0007676870684477028,131790
"Professional, Scientific, and Technical Services",2022,PARENTAL_LEAVE,0.4768446203302139,0.051161557419990206,1.1593581985464105e-20,131790
"Professional, Scientific, and Technical Services",2022,CULTURE,0.5190416091485583,0.033758197339012155,2.3981842792683514e-53,131790
"Professional, Scientific, and Technical Services",2022,REMOTE_KW,0.41599636781317373,0.03529282025233348,4.5549405910365097e-32,131790
"Professional, Scientific, and Technical Services",2023,EDU_ASSISTANCE,0.4327246151751964,0.04814208137160116,2.5065036172642934e-19,110322
"Professional, Scientific, and Technical Services",2023,PAID LEAVE,-0.02336378727744175,0.036965300478161746,0.5273565193869028,110322
"Professional, Scientific, and Technical Services",2023,HEALTH_WELLBEING,-0.055066000296962805,0.06799393899922382,0.4180170181436045,110322
"Professional, Scientific, and Technical Services",2023,PARENTAL_LEAVE,0.5432274937123799,0.04689610070737575,4.9882733277487745e-31,110322
"Professional, Scientific, and Technical Services",2023,CULTURE,0.26546522114906207,0.04063588146462133,6.456050228135323e-11,110322
"Professional, Scientific, and Technical Services",2023,REMOTE_KW,0.44689405333897086,0.03885539742323454,1.2969286661573173e-30,110322
"Professional, Scientific, and Technical Services",2024,EDU_ASSISTANCE,0.13443177661300254,0.04895083353701461,0.00602787444054443,100825
"Professional, Scientific, and Technical Services",2024,PAID LEAVE,-0.14493763734573994,0.0331713895609121,1.2461300876210736e-05,100825
"Professional, Scientific, and Technical Services",2024,HEALTH_WELLBEING,-0.22170709543599235,0.0622753397443747,0.00037069867160949873,100825
"Professional, Scientific, and Technical Services",2024,PARENTAL_LEAVE,0.36124951187367865,0.04336811247518645,8.095052090505809e-17,100825
"Professional, Scientific, and Technical Services",2024,CULTURE,0.6944541079292105,0.033300172764307606,1.3911959078525648e-96,100825
"Professional, Scientific, and Technical Services",2024,REMOTE_KW,0.3168090148553866,0.03617786130166711,2.0054104964213048e-18,100825
"Professional, Scientific, and Technical Services",2025,EDU_ASSISTANCE,-0.18551473013111985,0.04404270680274301,2.5294529994243068e-05,104411
"Professional, Scientific, and Technical Services",2025,PAID LEAVE,-0.23512529905421645,0.026578234194397192,9.02780163675538e-19,104411
"Professional, Scientific, and Technical Services",2025,HEALTH_WELLBEING,-0.16111684792906122,0.045631906320756255,0.0004143147369199089,104411
"Professional, Scientific, and Technical Services",2025,PARENTAL_LEAVE,0.2624780533165332,0.035766351070851556,2.1569948805182316e-13,104411
"Professional, Scientific, and Technical Services",2025,CULTURE,0.5313441764617373,0.029490828945767492,1.4261374444752888e-72,104411
"Professional, Scientific, and Technical Services",2025,REMOTE_KW,0.3493980983991886,0.029924910143727872,1.6940847900323672e-31,104411
Public Administration,2018,EDU_ASSISTANCE,-0.4978384801365634,0.4171137900417386,0.23266125250846925,22848
Public Administration,2018,PAID LEAVE,1.0311705001215339,0.1525468143128379,1.3827901365775534e-11,22848
Public Administration,2018,HEALTH_WELLBEING,-0.287169235567866,0.3290381121101436,0.382797331325762,22848
Public Administration,2018,CULTURE,-1.1423821707556385,0.7129225362870987,0.10906870417657427,22848
Public Administration,2018,REMOTE_KW,-0.669633458173329,0.2937343231340688,0.02262400798367728,22848
Public Administration,2019,EDU_ASSISTANCE,-1.1902478226235642,0.3632554672809902,0.0010506002094085008,26083
Public Administration,2019,PAID LEAVE,1.5134133714588778,0.12719523234711266,1.2071045113095643e-32,26083
Public Administration,2019,HEALTH_WELLBEING,-0.20832605761598313,0.2272403839874531,0.35926573455502775,26083
Public Administration,2019,CULTURE,-0.1522896993178184,0.34269310924471047,0.6567599913387296,26083
Public Administration,2019,REMOTE_KW,-0.15987863722207762,0.18332825462585364,0.3831595796900161,26083
Public Administration,2020,EDU_ASSISTANCE,-1.0574091445831169,0.3890473674630467,0.006568885980421249,21016
Public Administration,2020,PAID LEAVE,0.952500073974432,0.13854078183848206,6.188887433094775e-12,21016
Public Administration,2020,PARENTAL_LEAVE,1.7042219014384146,0.23918044180029158,1.0388734230545869e-12,21016
Public Administration,2020,CULTURE,0.4359503379590871,0.29002746749955466,0.1328043233030534,21016
Public Administration,2020,REMOTE_KW,-0.1479260084270361,0.21413076262772318,0.4896780930219813,21016
Public Administration,2021,EDU_ASSISTANCE,-0.9436293715319449,0.3866441821064034,0.014664399814776324,25854
Public Administration,2021,PAID LEAVE,0.02516514004495695,0.15115669715133356,0.8677762377163105,25854
Public Administration,2021,HEALTH_WELLBEING,-0.600390518846069,0.31249685914756165,0.05469780693488277,25854
Public Administration,2021,PARENTAL_LEAVE,1.9607017490416814,0.17315643794910635,1.0061543643531378e-29,25854
Public Administration,2021,CULTURE,-0.12353985699018617,0.27101206882459533,0.648500485604413,25854
Public Administration,2021,REMOTE_KW,-0.18905397415373743,0.1980326632358625,0.3397493784532477,25854
Public Administration,2022,EDU_ASSISTANCE,0.12197406896262145,0.22674127542284886,0.5906158313372681,31389
Public Administration,2022,PAID LEAVE,0.08976390098878351,0.142437825822752,0.5285656537565466,31389
Public Administration,2022,HEALTH_WELLBEING,-0.3972792400722271,0.28719946906821,0.16657693790042183,31389
Public Administration,2022,PARENTAL_LEAVE,0.7966018073684963,0.20439579138822356,9.72512760222384e-05,31389
Public Administration,2022,CULTURE,-0.16797427351988228,0.23634379895239657,0.4772577406209395,31389
Public Administration,2022,REMOTE_KW,-0.07532999020326026,0.16037775330489196,0.6385668751661833,31389
Public Administration,2023,EDU_ASSISTANCE,-0.6127857620565507,0.29858387164566597,0.04013983868924416,33339
Public Administration,2023,PAID LEAVE,-0.1434231060335802,0.15075060362867132,0.3414047879155223,33339
Public Administration,2023,HEALTH_WELLBEING,0.03549507700988864,0.2473466526040259,0.8858926537436107,33339
Public Administration,2023,PARENTAL_LEAVE,0.3753645077762454,0.22704103272240206,0.09827200164182591,33339
Public Administration,2023,CULTURE,0.4605268612043162,0.18255491961634232,0.011646574954339368,33339
Public Administration,2023,REMOTE_KW,0.3348739229522958,0.15243550783327375,0.028033046029522134,33339
Public Administration,2024,EDU_ASSISTANCE,-0.25671086322571995,0.2404808372309917,0.28575067516246255,29851
Public Administration,2024,PAID LEAVE,-0.041362575577562524,0.13814937981593794,0.7646312656618455,29851
Public Administration,2024,HEALTH_WELLBEING,0.21732509107341477,0.21636827298783534,0.3151751665884762,29851
Public Administration,2024,PARENTAL_LEAVE,-0.04823595722317468,0.22549413582840486,0.830615489756626,29851
Public Administration,2024,CULTURE,0.3843221929479757,0.16481813845729248,0.019711452085411835,29851
Public Administration,2024,REMOTE_KW,0.23792632410981096,0.1363944562059904,0.08108957618990256,29851
Public Administration,2025,EDU_ASSISTANCE,0.7179927810446392,0.16478537950490008,1.3177367095486681e-05,26686
Public Administration,2025,PAID LEAVE,0.011979868996353839,0.1298372227360152,0.926484817678517,26686
Public Administration,2025,HEALTH_WELLBEING,0.5254612597668777,0.186916465381218,0.004935570597610888,26686
Public Administration,2025,PARENTAL_LEAVE,-0.3361533322458172,0.23446933966758268,0.1516644187587591,26686
Public Administration,2025,CULTURE,1.2000068030637971,0.1379577401435453,3.366995199141945e-18,26686
Public Administration,2025,REMOTE_KW,-0.1144872180697347,0.1571437247493261,0.4662763601169091,26686
Real Estate and Rental and Leasing,2018,PAID LEAVE,-0.7776414284873449,0.3055425956852794,0.010924136022482567,18352
Real Estate and Rental and Leasing,2018,REMOTE_KW,0.0822757393770729,0.6137785968064203,0.8933646879309276,18352
Real Estate and Rental and Leasing,2019,EDU_ASSISTANCE,-0.9645671968319112,0.4553818232118226,0.034162331195055226,22429
Real Estate and Rental and Leasing,2019,PAID LEAVE,-0.8327489418429161,0.22439502386993035,0.00020637302380056954,22429
Real Estate and Rental and Leasing,2019,CULTURE,0.6541514378390013,0.24676650955748078,0.008027943828785505,22429
Real Estate and Rental and Leasing,2019,REMOTE_KW,-0.329971199790624,0.5905022594071463,0.5762999132580396,22429
Real Estate and Rental and Leasing,2020,EDU_ASSISTANCE,-1.0932038779706923,0.5869267975570093,0.06251999775118736,22057
Real Estate and Rental and Leasing,2020,PAID LEAVE,-0.4277359590385044,0.2194396059711327,0.05126921719461614,22057
Real Estate and Rental and Leasing,2020,HEALTH_WELLBEING,0.23344343240147813,0.5123020847165949,0.6486234493541357,22057
Real Estate and Rental and Leasing,2020,CULTURE,0.12720630901716734,0.3345715217153598,0.7037920420005949,22057
Real Estate and Rental and Leasing,2020,REMOTE_KW,-0.4725181293451665,0.4632927024101646,0.30776984705199883,22057
Real Estate and Rental and Leasing,2021,EDU_ASSISTANCE,-0.35861789291338536,0.42109030051616303,0.3944132071073815,28942
Real Estate and Rental and Leasing,2021,PAID LEAVE,-0.39279034669264257,0.19706362063167512,0.046237808135122516,28942
Real Estate and Rental and Leasing,2021,HEALTH_WELLBEING,-0.2692507026608814,0.5867717940881101,0.6463290781886378,28942
Real Estate and Rental and Leasing,2021,PARENTAL_LEAVE,0.2554172443869874,0.3676354324237076,0.48720767798027853,28942
Real Estate and Rental and Leasing,2021,CULTURE,0.32888293024897836,0.24751917335383364,0.18394135844686477,28942
Real Estate and Rental and Leasing,2021,REMOTE_KW,0.42038120738170726,0.2511668176528517,0.09418698669601443,28942
Real Estate and Rental and Leasing,2022,PAID LEAVE,-0.19791982661873297,0.16150567722800457,0.22039943556683483,30769
Real Estate and Rental and Leasing,2022,HEALTH_WELLBEING,-0.02972757376473731,0.41788457958531766,0.9432877336548959,30769
Real Estate and Rental and Leasing,2022,PARENTAL_LEAVE,0.20768811605668125,0.27284687839808197,0.44654402652754466,30769
Real Estate and Rental and Leasing,2022,CULTURE,0.5498862243372566,0.1910393196015666,0.003997069554673876,30769
Real Estate and Rental and Leasing,2022,REMOTE_KW,0.2512607925087449,0.1959232390794767,0.19968656163692744,30769
Real Estate and Rental and Leasing,2023,EDU_ASSISTANCE,-0.333681582295265,0.29987899936813217,0.26582838492547023,26661
Real Estate and Rental and Leasing,2023,PAID LEAVE,-0.38319217674384737,0.14918830394805652,0.010213572586474309,26661
Real Estate and Rental and Leasing,2023,HEALTH_WELLBEING,-1.2668863966463129,0.5831076275282969,0.029806978399174528,26661
Real Estate and Rental and Leasing,2023,PARENTAL_LEAVE,0.5204010299353913,0.18026640573885241,0.003891268503346822,26661
Real Estate and Rental and Leasing,2023,CULTURE,0.5282922375835912,0.17020620690234045,0.0019102886514487316,26661
Real Estate and Rental and Leasing,2023,REMOTE_KW,0.8182509134955187,0.18634887798629662,1.1285006429186007e-05,26661
Real Estate and Rental and Leasing,2024,EDU_ASSISTANCE,0.28235287688401217,0.21631427258668753,0.19179408638649642,25452
Real Estate and Rental and Leasing,2024,PAID LEAVE,-0.15349617348990097,0.1360408526042535,0.25918927279809834,25452
Real Estate and Rental and Leasing,2024,HEALTH_WELLBEING,-0.30149122875730433,0.32602872327876137,0.3551020814493361,25452
Real Estate and Rental and Leasing,2024,PARENTAL_LEAVE,0.43845631963469617,0.16184061565777869,0.0067448528835396615,25452
Real Estate and Rental and Leasing,2024,CULTURE,0.1046354917052024,0.1708966388311814,0.5403567865985044,25452
Real Estate and Rental and Leasing,2024,REMOTE_KW,0.6250761178221754,0.16927150980885472,0.00022184852555409912,25452
Real Estate and Rental and Leasing,2025,EDU_ASSISTANCE,-0.7785978387034634,0.20789838179855205,0.00018033019690161066,25709
Real Estate and Rental and Leasing,2025,PAID LEAVE,-0.34359951885897067,0.09143571893504704,0.00017139601645486718,25709
Real Estate and Rental and Leasing,2025,HEALTH_WELLBEING,-0.6494779165063167,0.24320774896725622,0.007574614255966712,25709
Real Estate and Rental and Leasing,2025,PARENTAL_LEAVE,0.1502903438258028,0.10875503353142627,0.16699742989526467,25709
Real Estate and Rental and Leasing,2025,CULTURE,0.033640692415654705,0.12411521806891614,0.786357146379492,25709
Real Estate and Rental and Leasing,2025,REMOTE_KW,0.2553502141662693,0.1192382805566692,0.03223276811036577,25709
Retail Trade,2018,EDU_ASSISTANCE,-2.2080069104671263,0.5067209860221776,1.3159182437959366e-05,106333
Retail Trade,2018,PAID LEAVE,-1.0507628576766983,0.24981181261357746,2.5968014614265276e-05,106333
Retail Trade,2018,CULTURE,-0.2955997860606871,0.2112053872400107,0.1616377785196268,106333
Retail Trade,2018,REMOTE_KW,0.432608363190296,0.23771888430350643,0.06878463746023963,106333
Retail Trade,2019,EDU_ASSISTANCE,-1.093508885366867,0.3852633781571051,0.004534869057721228,111706
Retail Trade,2019,PAID LEAVE,-0.4244582271573765,0.18547978535486004,0.022112265799319453,111706
Retail Trade,2019,HEALTH_WELLBEING,0.052816452492952914,0.3435977102567967,0.8778336986967799,111706
Retail Trade,2019,PARENTAL_LEAVE,0.073907894574602,0.4602699361473172,0.872428061618438,111706
Retail Trade,2019,CULTURE,-0.47721146569165424,0.18496156614024703,0.009878388133771175,111706
Retail Trade,2019,REMOTE_KW,0.1366450579828222,0.27103902078257663,0.6141540660660099,111706
Retail Trade,2020,EDU_ASSISTANCE,-1.3704281403123388,0.41688100074749207,0.0010113989144266678,128921
Retail Trade,2020,PAID LEAVE,-0.8089565297537455,0.19395109398765764,3.0335840511207868e-05,128921
Retail Trade,2020,HEALTH_WELLBEING,0.5677173662828553,0.28439722536374096,0.045910770622945934,128921
Retail Trade,2020,PARENTAL_LEAVE,-0.9834841892110286,0.5847126794106907,0.09256968146159245,128921
Retail Trade,2020,CULTURE,-0.17308605468556007,0.14238471865856223,0.22412879373254602,128921
Retail Trade,2021,EDU_ASSISTANCE,-0.5603624526659073,0.18630665201238444,0.0026319596403424524,150668
Retail Trade,2021,PAID LEAVE,-0.643587524882515,0.10727498291413619,1.9802529961789626e-09,150668
Retail Trade,2021,HEALTH_WELLBEING,-0.501440298831994,0.27510700366180163,0.06834731821811453,150668
Retail Trade,2021,PARENTAL_LEAVE,-0.20427061029342294,0.18480853562889885,0.26902554933229417,150668
Retail Trade,2021,CULTURE,0.04462134970624482,0.0842283333043543,0.596273831579782,150668
Retail Trade,2021,REMOTE_KW,0.6966982972577991,0.10863157830795435,1.4230489480578534e-10,150668
Retail Trade,2022,EDU_ASSISTANCE,-1.196754740066989,0.1931088419806943,5.743747418528706e-10,150694
Retail Trade,2022,PAID LEAVE,-0.7369983607083403,0.08724117785659125,2.967752048545891e-17,150694
Retail Trade,2022,HEALTH_WELLBEING,-0.3911782817673995,0.19398173256848059,0.043740115972450734,150694
Retail Trade,2022,PARENTAL_LEAVE,-0.2380456662266482,0.12025474853843285,0.047758438154014975,150694
Retail Trade,2022,CULTURE,0.3584893889643898,0.060980986292274324,4.134819549095566e-09,150694
Retail Trade,2022,REMOTE_KW,0.5273858972463074,0.07773869424557825,1.168246637383937e-11,150694
Retail Trade,2023,EDU_ASSISTANCE,-0.06549148827766921,0.13057519113488403,0.6159760094173536,134438
Retail Trade,2023,PAID LEAVE,0.05544073753935106,0.08750993286109066,0.526383346010814,134438
Retail Trade,2023,HEALTH_WELLBEING,0.23187287981979665,0.14820853342464585,0.11769919664113135,134438
Retail Trade,2023,PARENTAL_LEAVE,0.7098437368235071,0.10820514591199015,5.3747853165149146e-11,134438
Retail Trade,2023,CULTURE,0.3240580485055023,0.0932677870685919,0.0005118243157548769,134438
Retail Trade,2023,REMOTE_KW,0.6926168398679465,0.11613447531543374,2.4625578485673893e-09,134438
Retail Trade,2024,EDU_ASSISTANCE,-0.739367744579577,0.10716288828710273,5.219481243788088e-12,129622
Retail Trade,2024,PAID LEAVE,-0.7774845345488418,0.07047123853875498,2.659111228604573e-28,129622
Retail Trade,2024,HEALTH_WELLBEING,-0.4960288542215748,0.1200603718318085,3.604111628387595e-05,129622
Retail Trade,2024,PARENTAL_LEAVE,0.08209828202898548,0.08631469912893401,0.34152790697133006,129622
Retail Trade,2024,CULTURE,0.833993606933696,0.06369143539608076,3.550162577658303e-39,129622
Retail Trade,2024,REMOTE_KW,0.4026183070435578,0.09460755120879552,2.0842600132258824e-05,129622
Retail Trade,2025,EDU_ASSISTANCE,-0.1436988113384962,0.05678447777529933,0.011386755332461794,136443
Retail Trade,2025,PAID LEAVE,-0.28157822355959,0.04680292411486917,1.7850073407106155e-09,136443
Retail Trade,2025,HEALTH_WELLBEING,-0.6580918844273231,0.09169095418939854,7.111063652256962e-13,136443
Retail Trade,2025,PARENTAL_LEAVE,0.26654213555785616,0.062229131174564405,1.841935451342104e-05,136443
Retail Trade,2025,CULTURE,1.401854061143789,0.047840225003182614,9.54457934142598e-189,136443
Retail Trade,2025,REMOTE_KW,0.37355419189928696,0.07623779189901723,9.590698725189314e-07,136443
Transportation and Warehousing,2018,EDU_ASSISTANCE,-1.0101363016916975,0.5996161753402249,0.09205840059475157,35623
Transportation and Warehousing,2018,PAID LEAVE,-1.8911257620876496,0.5909862412802902,0.0013745196352042298,35623
Transportation and Warehousing,2018,PARENTAL_LEAVE,2.001240867002328,0.6902574712863894,0.0037403595458342822,35623
Transportation and Warehousing,2018,CULTURE,-0.20848231961883013,0.7271426799844368,0.7743309660384872,35623
Transportation and Warehousing,2019,EDU_ASSISTANCE,-1.4356700975645165,0.7159293856983574,0.04492846275442996,27443
Transportation and Warehousing,2019,PAID LEAVE,-0.6017134003555178,0.2801038992914898,0.031699513889955795,27443
Transportation and Warehousing,2019,REMOTE_KW,0.7736968226733569,0.484720645132468,0.11045071899611111,27443
Transportation and Warehousing,2020,EDU_ASSISTANCE,-0.6128498335766693,0.5281233568992802,0.24587405073223645,37929
Transportation and Warehousing,2020,PAID LEAVE,-1.0052796221900537,0.3104877149021063,0.0012047902021391028,37929
Transportation and Warehousing,2020,HEALTH_WELLBEING,1.1483728326432436,0.311931073254827,0.0002318699112522077,37929
Transportation and Warehousing,2020,CULTURE,-1.6874300486871383,1.0131494702317034,0.09580721866368337,37929
Transportation and Warehousing,2020,REMOTE_KW,-0.7015392037621123,0.7255280673080604,0.3335760310478716,37929
Transportation and Warehousing,2021,EDU_ASSISTANCE,-0.9403404695912091,0.3870168068195375,0.015110707386336726,44253
Transportation and Warehousing,2021,PAID LEAVE,-1.1475247805531708,0.20303091451667513,1.5861863160408786e-08,44253
Transportation and Warehousing,2021,HEALTH_WELLBEING,1.9884164392823875,0.15272527541912082,9.47106108643693e-39,44253
Transportation and Warehousing,2021,PARENTAL_LEAVE,-0.03232810293909494,0.3466679003052334,0.9257019254059099,44253
Transportation and Warehousing,2021,CULTURE,0.1907920606070102,0.25088097259293,0.4469627215275025,44253
Transportation and Warehousing,2021,REMOTE_KW,0.239454769169146,0.26688871395943026,0.36960777743462203,44253
Transportation and Warehousing,2022,EDU_ASSISTANCE,-0.9007667979763665,0.3249477858924882,0.005570696101540423,37713
Transportation and Warehousing,2022,PAID LEAVE,-0.75321093242979,0.16999383118556977,9.387833265857427e-06,37713
Transportation and Warehousing,2022,HEALTH_WELLBEING,0.9219164515974886,0.18440800357597348,5.752988974539945e-07,37713
Transportation and Warehousing,2022,CULTURE,0.4032617550368606,0.20359380650775058,0.04762299641343294,37713
Transportation and Warehousing,2022,REMOTE_KW,0.686456695717994,0.18348265696869256,0.00018309850594761944,37713
Transportation and Warehousing,2023,EDU_ASSISTANCE,-0.6374912655189747,0.31432705177506526,0.04254855879410687,32206
Transportation and Warehousing,2023,PAID LEAVE,-0.5669564286370414,0.1723521932381956,0.001003575095661847,32206
Transportation and Warehousing,2023,HEALTH_WELLBEING,-0.13694001363915725,0.2591641415251379,0.5972279460607797,32206
Transportation and Warehousing,2023,PARENTAL_LEAVE,0.5621973418042298,0.23168640018412598,0.015243384098770118,32206
Transportation and Warehousing,2023,CULTURE,0.1465968762012109,0.2430367040212638,0.5463834852928027,32206
Transportation and Warehousing,2023,REMOTE_KW,0.8708500669523795,0.196923873426373,9.767037763205172e-06,32206
Transportation and Warehousing,2024,EDU_ASSISTANCE,-0.7392204625709364,0.2800732087914002,0.008305709027677714,29418
Transportation and Warehousing,2024,PAID LEAVE,-1.0072592189648653,0.17669796917664476,1.1948649718581568e-08,29418
Transportation and Warehousing,2024,HEALTH_WELLBEING,-0.28251631461394333,0.245320945595742,0.2494775822102715,29418
Transportation and Warehousing,2024,PARENTAL_LEAVE,0.30495284307566217,0.21468836804315242,0.1554784082422254,29418
Transportation and Warehousing,2024,CULTURE,-0.33860158644608684,0.2581453245564355,0.18963136120445212,29418
Transportation and Warehousing,2024,REMOTE_KW,0.8193339778185306,0.1898629260578287,1.5931603384970694e-05,29418
Transportation and Warehousing,2025,EDU_ASSISTANCE,-0.39824899603579733,0.18467754282428173,0.03104807565184087,35102
Transportation and Warehousing,2025,PAID LEAVE,-0.774046184383712,0.12283914388427182,2.9516121884229724e-10,35102
Transportation and Warehousing,2025,HEALTH_WELLBEING,-0.4064645204719857,0.19389965096524675,0.03605893267560208,35102
Transportation and Warehousing,2025,PARENTAL_LEAVE,-0.11153289423642457,0.18193274061047612,0.5398468134292058,35102
Transportation and Warehousing,2025,CULTURE,0.3410519329333462,0.16623075230467346,0.04020099221578796,35102
Transportation and Warehousing,2025,REMOTE_KW,1.0032275627091816,0.14987552246229152,2.175399393787891e-11,35102
Utilities,2018,PAID LEAVE,0.488624169811408,0.752239322914193,0.5159768256087336,3872
Utilities,2018,CULTURE,-0.2023808860290015,1.0322808124945646,0.8445693380258725,3872
Utilities,2019,EDU_ASSISTANCE,-0.20854647063623302,0.6047029641303701,0.7301889230124922,4656
Utilities,2019,PAID LEAVE,-0.9774875629894363,0.7321972798204549,0.1818744715513717,4656
Utilities,2019,CULTURE,0.41164057064897774,0.4830726268634498,0.3941420656751631,4656
Utilities,2020,EDU_ASSISTANCE,-0.18445545092961074,0.7349843447009491,0.8018410589892296,4285
Utilities,2020,PAID LEAVE,-0.8583271302447716,0.7383737319794142,0.2450502021242421,4285
Utilities,2020,CULTURE,0.6658544468579795,0.4344603570365687,0.12537415569103968,4285
Utilities,2020,REMOTE_KW,0.20535462721267447,0.7416730176681988,0.7818720409184428,4285
Utilities,2021,EDU_ASSISTANCE,-0.34324350512290386,0.6025482180997622,0.5689129553806056,5616
Utilities,2021,PAID LEAVE,0.18243308091539875,0.39962089214696694,0.6480194182202552,5616
Utilities,2021,PARENTAL_LEAVE,0.7116464782548424,0.609421222348242,0.24291103436025852,5616
Utilities,2021,CULTURE,0.6750897527886026,0.36841441714333656,0.06688894876558334,5616
Utilities,2021,REMOTE_KW,0.148948238035534,0.6098296171664629,0.8070405651942714,5616
Utilities,2022,EDU_ASSISTANCE,0.06883960519314881,0.3246212194269357,0.8320591933954664,7808
Utilities,2022,PAID LEAVE,-0.035006923943286056,0.26566813156256697,0.8951667096368903,7808
Utilities,2022,HEALTH_WELLBEING,-0.36911534749602126,0.5157238855944676,0.4741625246386978,7808
Utilities,2022,PARENTAL_LEAVE,0.3109366231060289,0.35628256621907545,0.38281310939317625,7808
Utilities,2022,CULTURE,0.3816599614218206,0.22586315123474934,0.09106926704685046,7808
Utilities,2022,REMOTE_KW,0.7420580250741758,0.24036807603875485,0.002020694186649657,7808
Utilities,2023,EDU_ASSISTANCE,-0.5400743135291936,0.37574885928516455,0.15062484885576016,6782
Utilities,2023,PAID LEAVE,-0.20828598180910188,0.2564150537711665,0.4166194353228284,6782
Utilities,2023,HEALTH_WELLBEING,-0.238901023923104,0.4289921738284828,0.5776032686996277,6782
Utilities,2023,PARENTAL_LEAVE,0.442784243784355,0.31951279458787685,0.16580471973772437,6782
Utilities,2023,CULTURE,0.07253118098101316,0.25097535962184575,0.772583505679947,6782
Utilities,2023,REMOTE_KW,0.04067832975414625,0.30099016985441884,0.8924945700883395,6782
Utilities,2024,EDU_ASSISTANCE,0.3006005157606778,0.2197157142099035,0.17127016893074387,6551
Utilities,2024,PAID LEAVE,-0.04050251895025472,0.19962233491538267,0.8392165334683616,6551
Utilities,2024,HEALTH_WELLBEING,-0.9700039070018119,0.46161494089825916,0.035612277258468134,6551
Utilities,2024,PARENTAL_LEAVE,0.505946655192193,0.24506580311432224,0.038967124321738794,6551
Utilities,2024,CULTURE,-0.07173888753578786,0.20964535145678348,0.7322066729751946,6551
Utilities,2024,REMOTE_KW,0.5677392201245066,0.21804028374736673,0.009218922565512395,6551
Utilities,2025,EDU_ASSISTANCE,-0.0993157729892086,0.16990212971515808,0.5588523823336742,7844
Utilities,2025,PAID LEAVE,-0.3298482690325171,0.15037658191298825,0.02827269716267198,7844
Utilities,2025,HEALTH_WELLBEING,-0.5712730615800082,0.2807934557643324,0.04190164772210199,7844
Utilities,2025,PARENTAL_LEAVE,0.4214112860459924,0.16736179860426223,0.01180347796289116,7844
Utilities,2025,CULTURE,0.1432970595213494,0.17143741521712996,0.4032356968826759,7844
Utilities,2025,REMOTE_KW,0.6962401268079235,0.16673639176649185,2.97079133966649e-05,7844
Wholesale Trade,2018,EDU_ASSISTANCE,-0.10841955259654194,0.3897437726762885,0.7808729462476871,30027
Wholesale Trade,2018,PAID LEAVE,-0.3461027574591879,0.2750268437995089,0.20823533332661215,30027
Wholesale Trade,2018,CULTURE,0.9942420533174358,0.25433860462872754,9.263003861497633e-05,30027
Wholesale Trade,2019,EDU_ASSISTANCE,-0.5194078651282515,0.387075067828241,0.1796352651589066,32022
Wholesale Trade,2019,PAID LEAVE,-0.8687581890489047,0.2545204053423248,0.0006417783378623013,32022
Wholesale Trade,2019,HEALTH_WELLBEING,0.08786954301198191,0.45715733487063265,0.84757885817151,32022
Wholesale Trade,2019,CULTURE,0.7796236003929318,0.23679295785822232,0.000993265717328592,32022
Wholesale Trade,2019,REMOTE_KW,-0.3484107723213077,0.3646452619636546,0.3393356836527892,32022
Wholesale Trade,2020,EDU_ASSISTANCE,-1.0269694721888498,0.45496534460196003,0.023992602113865842,31319
Wholesale Trade,2020,PAID LEAVE,-0.4648902425836348,0.19585894536534829,0.01761575626075048,31319
Wholesale Trade,2020,HEALTH_WELLBEING,-1.0847878129357111,0.7127438533379418,0.1280120097876827,31319
Wholesale Trade,2020,PARENTAL_LEAVE,0.41511835198947866,0.46103925023454984,0.36790902344686693,31319
Wholesale Trade,2020,CULTURE,0.7388666239809876,0.2430524789240667,0.0023661988155385823,31319
Wholesale Trade,2020,REMOTE_KW,0.07131414198950738,0.25176133746357765,0.7769768507773314,31319
Wholesale Trade,2021,EDU_ASSISTANCE,-0.4719256641477612,0.28638618304167746,0.09938045109310789,44842
Wholesale Trade,2021,PAID LEAVE,-0.08640541171520494,0.1419450095386727,0.5427070332169415,44842
Wholesale Trade,2021,HEALTH_WELLBEING,-0.18615654449155722,0.3419361941939012,0.5861532070383244,44842
Wholesale Trade,2021,PARENTAL_LEAVE,0.565262356037437,0.26331914774115084,0.03181864264256348,44842
Wholesale Trade,2021,CULTURE,0.4455711506673736,0.19253797756376334,0.020656821471529738,44842
Wholesale Trade,2021,REMOTE_KW,0.47736984851635983,0.18568905995413082,0.01014632523986903,44842
Wholesale Trade,2022,EDU_ASSISTANCE,-0.10438724752310054,0.16212701676755087,0.5196656360515289,49716
Wholesale Trade,2022,PAID LEAVE,-0.1318491555288759,0.11151624563703891,0.2370742428253232,49716
Wholesale Trade,2022,HEALTH_WELLBEING,0.3960650740626938,0.1802695442207405,0.02801534170365863,49716
Wholesale Trade,2022,PARENTAL_LEAVE,0.4531082304255219,0.1786694493246854,0.011212224160670577,49716
Wholesale Trade,2022,CULTURE,0.6440284901679031,0.13594440605578825,2.1643472547665215e-06,49716
Wholesale Trade,2022,REMOTE_KW,0.511879024251825,0.14725428953312467,0.0005086544840544815,49716
Wholesale Trade,2023,EDU_ASSISTANCE,0.020151519959364313,0.15424035828960603,0.896052099450023,43716
Wholesale Trade,2023,PAID LEAVE,-0.19238419032485748,0.12360600889745091,0.1196057032261631,43716
Wholesale Trade,2023,HEALTH_WELLBEING,0.270973262546166,0.177637271007961,0.12715182434877906,43716
Wholesale Trade,2023,PARENTAL_LEAVE,0.48438332132151296,0.1522768605014538,0.0014679881254293034,43716
Wholesale Trade,2023,CULTURE,0.46827446724300703,0.1516805914344664,0.0020202406509337236,43716
Wholesale Trade,2023,REMOTE_KW,0.35231250843765155,0.16386232242715013,0.03155110452109414,43716
Wholesale Trade,2024,EDU_ASSISTANCE,-0.06369010174124735,0.14222843078773506,0.6542964755257625,39072
Wholesale Trade,2024,PAID LEAVE,0.06741993570359829,0.10485892180044369,0.5202510246314531,39072
Wholesale Trade,2024,HEALTH_WELLBEING,-0.21377624116668661,0.18502676809753918,0.2479348177324564,39072
Wholesale Trade,2024,PARENTAL_LEAVE,0.2585457418920045,0.12217037336667017,0.034321679658072965,39072
Wholesale Trade,2024,CULTURE,0.3742562773658007,0.12020231318144227,0.001848492829921969,39072
Wholesale Trade,2024,REMOTE_KW,0.3831370252349723,0.14024596150823634,0.006297150020968277,39072
Wholesale Trade,2025,EDU_ASSISTANCE,-0.0028786553469649476,0.0939480461749318,0.9755559013964522,41924
Wholesale Trade,2025,PAID LEAVE,-0.03869715388199529,0.07238500200282301,0.5929252241739262,41924
Wholesale Trade,2025,HEALTH_WELLBEING,0.12440732685721496,0.11526590787454627,0.28045079433596454,41924
Wholesale Trade,2025,PARENTAL_LEAVE,0.1090865690511823,0.08094908778470614,0.17778874682608647,41924
Wholesale Trade,2025,CULTURE,0.20292920646953436,0.08270746050025057,0.014144285598171458,41924
Wholesale Trade,2025,REMOTE_KW,0.6145602475099624,0.09390357017044787,5.965933315397759e-11,41924
