sample,period,perk,perk_label,status,detail,nobs,ai_wage_postings,beta1_ai_role,beta1_se,beta1_pvalue,beta2_perk,beta2_se,beta2_pvalue,beta3_interaction,beta3_se,beta3_pvalue,beta3_lower_ci,beta3_upper_ci,r_squared
Full sample,Pooled 2018-2025,EDU_ASSISTANCE,Tuition Assistance,ok,,3515252,44721,0.27439636943694173,0.0022231324684924194,0.0,0.02716120381126444,0.0006558156915984428,0.0,-0.036556785578013735,0.0056109664111427555,7.257414962678967e-11,-0.04755427974385354,-0.025559291412173935,0.4455941547285076
Full sample,Pooled 2018-2025,PAID LEAVE,Paid Leave,ok,,3515252,44721,0.27656712089136015,0.0026595979138658286,0.0,-0.011768027187440798,0.0004504334531025972,1.8468504370072478e-150,-0.018309118616194685,0.00409065452202404,7.611116647159968e-06,-0.026326801479361804,-0.010291435753027565,0.44548644773839796
Full sample,Pooled 2018-2025,HEALTH_WELLBEING,Health and Wellbeing,ok,,3515252,44721,0.26921856091545693,0.0021726671290569167,0.0,0.026527488991110352,0.0008258925777208026,2.3345626478837966e-226,0.0045542460437855824,0.006550061284637061,0.4868684207739813,-0.008283874074103057,0.017392366161674222,0.4455147859163804
Full sample,Pooled 2018-2025,PARENTAL_LEAVE,Parental Leave,ok,,3515252,44721,0.26489884633622945,0.0022486448194521578,0.0,0.0666197021451113,0.0008764668755503497,0.0,0.016708054243116083,0.005341550527421583,0.0017603558773423755,0.006238615209369781,0.027177493276862384,0.4462417431027391
Full sample,Pooled 2018-2025,CULTURE,Workplace Culture,ok,,3515252,44721,0.25843466427983386,0.002393584963078745,0.0,0.058984644005195784,0.0007544612814817731,0.0,0.0264950337864129,0.004492324037715968,3.682782228245111e-09,0.017690078672489604,0.0352999889003362,0.44638258220158533
Full sample,Pooled 2018-2025,REMOTE_KW,Remote Work,ok,,3515252,44721,0.29208492361019056,0.002345286210827704,0.0,0.16447776569907008,0.0008919170798614121,0.0,-0.14005936509898684,0.004697750186480343,2.5621094763781197e-195,-0.14926695546448832,-0.13085177473348536,0.45150525497342964
Full sample,2018,EDU_ASSISTANCE,Tuition Assistance,ok,,167707,1095,0.2508012652974853,0.013695997076745422,6.63711972495824e-75,0.0678393751536427,0.004413464078189126,2.5616743042234654e-53,0.02907793920834158,0.07665652887798177,0.7044445864302984,-0.1211688573925027,0.17932473580918587,0.3148525162209267
Full sample,2018,PAID LEAVE,Paid Leave,ok,,167707,1095,0.26698302397187307,0.014664093201381425,4.576356551398457e-74,0.023142462055209017,0.002888536491652874,1.1301441814105615e-15,-0.09874448696066784,0.037017192160499895,0.007641096653630091,-0.17129818359524762,-0.02619079032608805,0.3144073800957017
Full sample,2018,HEALTH_WELLBEING,Health and Wellbeing,ok,,167707,1095,0.2503373962910883,0.01370974910491765,1.72895777227548e-74,-0.005753747123593948,0.005572679555058561,0.30184168800362,0.025690651395374662,0.08141876215028253,0.7523537815497543,-0.13389012241917908,0.1852714252099284,0.31415093878677136
Full sample,2018,PARENTAL_LEAVE,Parental Leave,ok,,167707,1095,0.24915628601820047,0.013570626566061223,2.747628514308381e-75,-0.00434538610773391,0.015160943933418181,0.7744055032562133,0.1351203644403531,0.13283178598510897,0.3090444330791827,-0.1252299360904605,0.3954706649711667,0.3141529490889966
Full sample,2018,CULTURE,Workplace Culture,ok,,167707,1095,0.24560282374203665,0.01390529388003251,8.148721210675084e-70,0.034345496281752506,0.005608704411875297,9.14809166353496e-10,0.07475447285797153,0.05645147521873846,0.18542822399579073,-0.03589041857075585,0.1853993642866989,0.3142834425430321
Full sample,2018,REMOTE_KW,Remote Work,ok,,167707,1095,0.25867435978148723,0.013620518390898197,2.0043838412195326e-80,0.18171995218498432,0.006116661147496672,5.873640844006579e-194,-0.0984046053141078,0.08093634830281606,0.2240507946097029,-0.25703984798762725,0.06023063735941167,0.31819935589271453
Full sample,2019,EDU_ASSISTANCE,Tuition Assistance,ok,,270706,1562,0.22148577073739636,0.011625715107836476,6.400809243394474e-81,0.04428137094473257,0.0032456552282006737,2.2138654773708307e-42,-0.11396025775277735,0.04610527170641578,0.013445715566404885,-0.20432659029735228,-0.023593925208202415,0.32889576677183996
Full sample,2019,PAID LEAVE,Paid Leave,ok,,270706,1562,0.23452012853783066,0.012841402563370984,1.6364029679937234e-74,-0.012754581478515659,0.0018882702201980666,1.4319247950272898e-11,-0.08745951808670499,0.02660728704739071,0.0010124238038701295,-0.13960980069959078,-0.0353092354738192,0.32867458085716106
Full sample,2019,HEALTH_WELLBEING,Health and Wellbeing,ok,,270706,1562,0.21751145619702542,0.011582222952010768,1.105627698836683e-78,-0.001063603190244071,0.004098783882455963,0.7952553595724671,-0.032929437745249646,0.053417594544737844,0.5375955661898413,-0.1376279230529358,0.07176904756243653,0.32854314557227826
Full sample,2019,PARENTAL_LEAVE,Parental Leave,ok,,270706,1562,0.21828042752116017,0.011462938370539162,7.614676073821199e-81,0.01839915007979601,0.005840308744580234,0.0016306221939956737,-0.10691482874701033,0.06668249546013011,0.1088592244667088,-0.23761251984886533,0.02378286235484467,0.3285639923799305
Full sample,2019,CULTURE,Workplace Culture,ok,,270706,1562,0.21772061232040205,0.011814110842945326,7.708832773617933e-76,0.0393494726240879,0.0040296615962323945,1.5917935907541025e-22,-0.03207161459496676,0.04064883268065124,0.43011652700076475,-0.11174332664904318,0.04760009745910967,0.3287361246088639
Full sample,2019,REMOTE_KW,Remote Work,ok,,270706,1562,0.22096280015276204,0.011888659563603854,4.1703833692269614e-77,0.25371496308464897,0.004256505235564515,0.0,-0.10658247948499859,0.03616787690433835,0.003209952659222604,-0.17747151821750173,-0.035693440752495434,0.33889728181984646
Full sample,2020,EDU_ASSISTANCE,Tuition Assistance,ok,,306937,1377,0.2049184292275054,0.012244928715453634,7.290239525815729e-63,0.02122166740620917,0.002728958437047964,7.457539770187102e-15,-0.002153831675221055,0.03985639851846557,0.9569034573254308,-0.08027237277141357,0.07596470942097146,0.32224415336877343
Full sample,2020,PAID LEAVE,Paid Leave,ok,,306937,1377,0.23396434135134891,0.01418467697891003,4.041363102584798e-61,-0.021324771763619955,0.00152213067969362,1.3575497085765175e-44,-0.1001322111578899,0.024469646236470077,4.2748634503224455e-05,-0.14809271778137123,-0.052171704534408544,0.32257337634655736
Full sample,2020,HEALTH_WELLBEING,Health and Wellbeing,ok,,306937,1377,0.20671426272527657,0.011978155962337967,9.809908310743411e-67,0.013035248916901792,0.0031685124984703133,3.8886755162492265e-05,-0.05340287741874878,0.05650181334459831,0.3445805984948431,-0.16414643157416148,0.05734067673666391,0.3221693922565366
Full sample,2020,PARENTAL_LEAVE,Parental Leave,ok,,306937,1377,0.2077881074824928,0.01201743802690891,5.542140610111167e-67,0.020585039577549393,0.004377112903662751,2.5651637980715707e-06,-0.07008666208570462,0.05426561839123776,0.19651365063148274,-0.17644727413253064,0.03627394996112139,0.3221824619080301
Full sample,2020,CULTURE,Workplace Culture,ok,,306937,1377,0.2120820938278108,0.012471405892737597,7.480541716848298e-65,0.020422241564732144,0.0037472268229155957,5.038075183299099e-08,-0.08558890356095014,0.03464044361737961,0.013481885768288881,-0.1534841730510142,-0.017693634070886102,0.32220250152246077
Full sample,2020,REMOTE_KW,Remote Work,ok,,306937,1377,0.2196879562029397,0.01245996509042656,1.4115516436710228e-69,0.24716809963422048,0.0034166127452606608,0.0,-0.14773308533490595,0.033915754298581846,1.3253106290554613e-05,-0.21420796376012635,-0.08125820690968553,0.3376578432113584
Full sample,2021,EDU_ASSISTANCE,Tuition Assistance,ok,,439011,2718,0.20185279754284405,0.008446410505748536,3.2085907137259744e-126,0.022735861764247408,0.0020119231952049894,1.303816882660516e-29,-0.011152694093401824,0.027102665368596665,0.6807073669179682,-0.06427391821585128,0.041968530029047636,0.36494346114236986
Full sample,2021,PAID LEAVE,Paid Leave,ok,,439011,2718,0.2217122820987445,0.010048699380925692,7.044494404522783e-108,-0.015563022819339906,0.0012124743246924887,1.0339072385434414e-37,-0.06436013704162728,0.016510557923208182,9.69423531697563e-05,-0.09672083057111533,-0.03199944351213924,0.36504388201893634
Full sample,2021,HEALTH_WELLBEING,Health and Wellbeing,ok,,439011,2718,0.1973601174068758,0.008440166702366757,6.300082449064827e-121,0.00879340433762249,0.0025689136927465077,0.0006193294494830661,0.04653014226203302,0.026251101698120945,0.07631118778777038,-0.004922017066284035,0.09798230159035007,0.3648094925625641
Full sample,2021,PARENTAL_LEAVE,Parental Leave,ok,,439011,2718,0.20466434398798908,0.008462257969855166,3.1577782380784905e-129,0.051698752591456794,0.003192428921130286,5.543623075528181e-59,-0.06217737042868861,0.027530981769697555,0.023917562711652338,-0.11613809469729582,-0.0082166461600814,0.36516334440797416
Full sample,2021,CULTURE,Workplace Culture,ok,,439011,2718,0.19899264069951417,0.008987127385165503,1.2468685579423426e-108,0.027082495748216907,0.002451487555543675,2.2572535378351776e-28,2.997984432237344e-06,0.019829779450948125,0.9998793710495463,-0.03886336973942609,0.03886936570829056,0.3649551179536399
Full sample,2021,REMOTE_KW,Remote Work,ok,,439011,2718,0.20774668549291755,0.009161291512057556,7.630745152661256e-114,0.21317942096315098,0.00274950793346078,0.0,-0.09979673333665215,0.018605596898717214,8.148833703143143e-08,-0.13626370325813789,-0.06332976341516641,0.37633670920289497
Full sample,2022,EDU_ASSISTANCE,Tuition Assistance,ok,,536171,4434,0.21927971224760207,0.006553641814013537,1.8904119010893936e-245,0.013476763592428604,0.0016879420413550578,1.415066950379458e-15,-0.019373792345560623,0.01905397680806055,0.30925585579763404,-0.0567195868893593,0.017972002198238052,0.39434123613941663
Full sample,2022,PAID LEAVE,Paid Leave,ok,,536171,4434,0.22043135343740444,0.007788283402275093,3.1792298905174326e-176,-0.019924203552352953,0.0011022800392424116,4.9751254649305526e-73,-0.009044636764040664,0.012603852163636345,0.4729984548872689,-0.0337481870047679,0.01565891347668657,0.3946427981798454
Full sample,2022,HEALTH_WELLBEING,Health and Wellbeing,ok,,536171,4434,0.21979305880166192,0.006512294405696198,1.0518948450753523e-249,0.018395895070072273,0.0023333268120929664,3.1712251828473044e-15,-0.03464879489109272,0.019531719672683037,0.07606717991187036,-0.07293096544955147,0.0036333756673660317,0.3943437374817662
Full sample,2022,PARENTAL_LEAVE,Parental Leave,ok,,536171,4434,0.21068667622657447,0.006443114348388179,1.587054540723005e-234,0.05130664548432064,0.0025282851327050357,1.480808833808762e-91,0.056722721932473116,0.021553653660068017,0.008495917521915829,0.014477560758739808,0.09896788310620643,0.39476208448823247
Full sample,2022,CULTURE,Workplace Culture,ok,,536171,4434,0.21935021296132534,0.007132609566221574,1.1097710940866201e-207,0.04886753226589518,0.001918786067871281,4.467754961044351e-143,-0.02112526352533777,0.013999249574828601,0.13129155561407566,-0.048563792692001825,0.006313265641326286,0.39503866868075266
Full sample,2022,REMOTE_KW,Remote Work,ok,,536171,4434,0.21163674819945238,0.007272577931186633,3.522496297271584e-186,0.18020261621424435,0.002205549265516607,0.0,-0.04149377317904623,0.013153673602893603,0.001607520252340895,-0.06727497344071769,-0.015712572917374767,0.40304250034666567
Full sample,2023,EDU_ASSISTANCE,Tuition Assistance,ok,,541354,6061,0.24943472026749808,0.00600547500638326,0.0,0.024550531773256466,0.0015358907945796968,1.6373043004746312e-57,-0.04521694098480022,0.013783640143307649,0.0010363100721429166,-0.0722328756656832,-0.018201006303917227,0.4413750784635416
Full sample,2023,PAID LEAVE,Paid Leave,ok,,541354,6061,0.24394769676515335,0.0073186209573649266,1.3076797276394693e-243,-0.012951550150329916,0.0011085590663242172,1.5528128396701196e-31,-0.002402474095455128,0.010795915033446946,0.8238970593463493,-0.023562467561011144,0.018757519370100888,0.4412945840413921
Full sample,2023,HEALTH_WELLBEING,Health and Wellbeing,ok,,541354,6061,0.2387738228502744,0.005873744877619428,0.0,0.02381218864428533,0.0019809510783598172,2.7700702797989984e-33,0.031068021981642654,0.015187405245729254,0.04079142489297187,0.0013007077000133163,0.06083533626327199,0.4412979941111036
Full sample,2023,PARENTAL_LEAVE,Parental Leave,ok,,541354,6061,0.23159616955695786,0.006048727308584694,0.0,0.09115793578201897,0.0020780871644108328,0.0,0.03640350516536145,0.013297507966822372,0.006188580084680954,0.0103403895503896,0.0624666207803333,0.4432190025913998
Full sample,2023,CULTURE,Workplace Culture,ok,,541354,6061,0.24333682686827787,0.006453411111453888,0.0,0.06875744889591459,0.001738789924044773,0.0,-0.012960583694380929,0.011704828422279033,0.2681706258020945,-0.03590204740204783,0.009980880013285977,0.442909896187327
Full sample,2023,REMOTE_KW,Remote Work,ok,,541354,6061,0.26545470727265064,0.006274301598869436,0.0,0.13846916685981978,0.0020931160586347775,0.0,-0.12294566410738604,0.012268024587905173,1.2246015082194282e-23,-0.14699099229968018,-0.0989003359150919,0.44612610829827526
Full sample,2024,EDU_ASSISTANCE,Tuition Assistance,ok,,584169,9361,0.270834713464358,0.004779259235667709,0.0,0.025078847500911435,0.0014477304083556342,3.161803351096546e-67,-0.06369072441196294,0.01234766906369989,2.494454446679625e-07,-0.08789215577681472,-0.03948929304711116,0.45213211988235313
Full sample,2024,PAID LEAVE,Paid Leave,ok,,584169,9361,0.27310793943747913,0.005869759185287889,0.0,-0.011198367500329987,0.0010834718555330866,4.861912786439314e-25,-0.025369861717165664,0.00872696081225711,0.003648347883314173,-0.0424747049091896,-0.008265018525141731,0.45200831951256537
Full sample,2024,HEALTH_WELLBEING,Health and Wellbeing,ok,,584169,9361,0.2617987971864512,0.004693209950465181,0.0,0.03704101012191312,0.0018450877793324994,1.2092574899812921e-89,0.007833567630956021,0.014060819276778158,0.5774452495519453,-0.019725638151529168,0.035392773413441214,0.45223858325257194
Full sample,2024,PARENTAL_LEAVE,Parental Leave,ok,,584169,9361,0.25919667212092984,0.004956959588753903,0.0,0.06666253526944235,0.0017490510626613075,0.0,0.008841382091661146,0.010598005370515692,0.40414032763867025,-0.01193070843454961,0.0296134726178719,0.4531726772661574
Full sample,2024,CULTURE,Workplace Culture,ok,,584169,9361,0.25507665049304656,0.005519083630511485,0.0,0.07075965503355763,0.001577062367325925,0.0,0.0027516699752191966,0.00889251074033258,0.7569892885781713,-0.014677651075832658,0.02018099102627105,0.4538834395591481
Full sample,2024,REMOTE_KW,Remote Work,ok,,584169,9361,0.29330711737271015,0.005069633493421693,0.0,0.14224427505230017,0.0019833203661361095,0.0,-0.15305146389424817,0.009988460662220644,5.382389485824927e-53,-0.17262884679220064,-0.1334740809962957,0.4571605206485698
Full sample,2025,EDU_ASSISTANCE,Tuition Assistance,ok,,669197,18113,0.2928458481635583,0.0036406259880085792,0.0,0.021279952941984703,0.0013665620387505464,1.130188125954607e-54,-0.042491718440012365,0.008340359151707154,3.492738795586916e-07,-0.05883882237735839,-0.026144614502666343,0.47286989241709454
Full sample,2025,PAID LEAVE,Paid Leave,ok,,669197,18113,0.293796246697701,0.004366709849377539,0.0,-0.009593677648781251,0.0010414876673093694,3.2155863925787877e-20,-0.018875050709826546,0.006454182823174826,0.003450456267392458,-0.0315252490432492,-0.006224852376403887,0.47279009861237786
Full sample,2025,HEALTH_WELLBEING,Health and Wellbeing,ok,,669197,18113,0.2886479575449325,0.0035095712772341458,0.0,0.03937310609550777,0.0016641037802010324,9.258543885483274e-124,-0.02057893211702375,0.010280506865564781,0.04531238478244895,-0.040728725573530716,-0.0004291386605167792,0.4730880108693223
Full sample,2025,PARENTAL_LEAVE,Parental Leave,ok,,669197,18113,0.28995743375235444,0.0036895596590523884,0.0,0.07085732555752855,0.0016079534093119022,0.0,-0.027262663398716906,0.007977288244108574,0.0006319092140902306,-0.04289814835716971,-0.011627178440264101,0.47408258229647204
Full sample,2025,CULTURE,Workplace Culture,ok,,669197,18113,0.26991640005542616,0.00386694707159061,0.0,0.06394365320118289,0.0015436601422951098,0.0,0.04154355911221523,0.0070794867295180955,4.406585671458978e-09,0.027667765122359765,0.0554193531020707,0.47425000776365156
Full sample,2025,REMOTE_KW,Remote Work,ok,,669197,18113,0.3059097142611133,0.003777506920061137,0.0,0.10954735300053828,0.0018761357186959891,0.0,-0.10976527104166571,0.0075516993332027105,7.252799245886361e-48,-0.12456660173474302,-0.0949639403485884,0.4755069318616507
Small firms,Pooled 2018-2025,EDU_ASSISTANCE,Tuition Assistance,ok,,355587,1890,0.27586889441010565,0.010795932636077962,5.0797554342911035e-144,0.06369584190651344,0.003202812910009546,5.224641829365925e-88,-0.10522912724752494,0.04374813986271414,0.0161574492315371,-0.19097548137844467,-0.01948277311660522,0.32034271382580126
Small firms,Pooled 2018-2025,PAID LEAVE,Paid Leave,ok,,355587,1890,0.3381360499011741,0.015982343804267257,2.3864269404758768e-99,0.008760272155002208,0.0013200797597726752,3.219410811728518e-11,-0.13449308744319516,0.020738086695461486,8.854481298343539e-11,-0.17513973736629967,-0.09384643752009064,0.31988806170468176
Small firms,Pooled 2018-2025,HEALTH_WELLBEING,Health and Wellbeing,ok,,355587,1890,0.267385050808865,0.010791244936589743,1.5495012185880205e-135,0.07021667266640375,0.004566646457521184,2.372201287711845e-53,0.055148583390729464,0.048921689411623774,0.2596228944220892,-0.04073792785605314,0.15103509463751208,0.32017058737434045
Small firms,Pooled 2018-2025,PARENTAL_LEAVE,Parental Leave,ok,,355587,1890,0.26707830811167177,0.011060472010035348,8.009500899726846e-129,0.07966588124691804,0.003914321445080657,4.419863127028892e-92,0.016207914495861363,0.03548444443485775,0.6478427560675214,-0.053341596596459824,0.08575742558818256,0.32045908594903594
Small firms,Pooled 2018-2025,CULTURE,Workplace Culture,ok,,355587,1890,0.2614806280736846,0.01093400564945838,2.1672812497826804e-126,0.11690309253981314,0.004464845427228516,4.1494957403864064e-151,0.038392905470454264,0.037432815938595744,0.3050573737921459,-0.034975413769193386,0.11176122471010191,0.32137332550547293
Small firms,Pooled 2018-2025,REMOTE_KW,Remote Work,ok,,355587,1890,0.27483438942541255,0.01232236555022904,3.4015043240871584e-110,0.19294796885344967,0.0028531294143786397,0.0,-0.10906177145780367,0.02339139626465811,3.12430922540178e-06,-0.15490890813653357,-0.06321463477907377,0.3308657382235667
Small firms,2018,EDU_ASSISTANCE,Tuition Assistance,skipped_sparse_interaction_cells,,16790,74,,,,,,,,,,,,
Small firms,2018,PAID LEAVE,Paid Leave,ok,,16790,74,0.2818439554752819,0.05614706585839218,5.174010558189413e-07,0.029079668775802245,0.009215298314838008,0.0016017589300981862,0.14980901019036777,0.24846572609180217,0.5465510539224421,-0.33718381294956445,0.6368018333303,0.2598594697548925
Small firms,2018,HEALTH_WELLBEING,Health and Wellbeing,skipped_sparse_interaction_cells,,16790,74,,,,,,,,,,,,
Small firms,2018,PARENTAL_LEAVE,Parental Leave,skipped_sparse_interaction_cells,,16790,74,,,,,,,,,,,,
Small firms,2018,CULTURE,Workplace Culture,ok,,16790,74,0.2936521027479935,0.05432142236973962,6.45107621354105e-08,0.11123558689113189,0.033089033033142305,0.0007746267066718268,-0.026011917481309724,0.5143542923828914,0.9596665871019967,-1.034146330551777,0.9821224955891575,0.2599629044711801
Small firms,2018,REMOTE_KW,Remote Work,ok,,16790,74,0.30703367680626653,0.05780811676816411,1.0887257883783159e-07,0.19976844483221204,0.025803604940348543,9.79564730062886e-15,-0.2388679569286089,0.23925483810112594,0.318093686220961,-0.7078074396068157,0.23007152574959794,0.2634638041200362
Small firms,2019,EDU_ASSISTANCE,Tuition Assistance,ok,,33463,130,0.1921202752669991,0.040937436164902176,2.691989550893399e-06,0.053333173291326384,0.01458843809242404,0.00025632902939328215,-0.028074261204649523,0.24918618113594976,0.9102971046498803,-0.5164791762311111,0.460330653821812,0.2800867086079327
Small firms,2019,PAID LEAVE,Paid Leave,ok,,33463,130,0.21843447859975818,0.05466568424662222,6.446949105695218e-05,0.016605448087263143,0.004618495263744186,0.0003238638375929077,-0.08416693298316327,0.07458748372672691,0.25913735256704407,-0.23035840108754801,0.06202453512122147,0.2800862593485146
Small firms,2019,HEALTH_WELLBEING,Health and Wellbeing,ok,,33463,130,0.19834763409356498,0.042526599755899036,3.099947237386355e-06,0.060541136851355495,0.016705664625290207,0.0002900944845606296,-0.14331749911378652,0.12026817749068024,0.23339875425379608,-0.3790431269955198,0.09240812876794674,0.2801188928651426
Small firms,2019,PARENTAL_LEAVE,Parental Leave,ok,,33463,130,0.1933558733133536,0.04203043653524007,4.217260302271188e-06,0.0607664585315534,0.014934292474949927,4.723132630801352e-05,-0.06588176060919078,0.1374827219365663,0.6317961459595752,-0.3353478956048607,0.2035843743864792,0.28013379744440214
Small firms,2019,CULTURE,Workplace Culture,ok,,33463,130,0.18725451659512587,0.04184664193424872,7.649002777706316e-06,0.13293068845923312,0.023040406554588992,7.95262696163038e-09,-0.009967911974531089,0.14227453484223332,0.944145019553955,-0.28882600026530836,0.26889017631624623,0.2806770383269611
Small firms,2019,REMOTE_KW,Remote Work,ok,,33463,130,0.17887513997234608,0.041263567640334245,1.4579908019524581e-05,0.245036316272919,0.012837780460121457,3.2306928108808893e-81,-0.007111746216800465,0.14294307890523913,0.9603197827161433,-0.28728018087106916,0.2730566884374683,0.29005226323950994
Small firms,2020,EDU_ASSISTANCE,Tuition Assistance,ok,,41247,161,0.20883917800286061,0.03300705728068034,2.498003995070532e-10,0.06535089622746745,0.010785351238910482,1.3677687578667796e-09,-0.094706192988545,0.1589563406357035,0.5513088217177166,-0.40626062063452384,0.21684823465743386,0.27536022259073534
Small firms,2020,PAID LEAVE,Paid Leave,ok,,41247,161,0.28982749594627355,0.046445842984737105,4.3724362870512746e-10,0.007993526283441821,0.0037590731757714164,0.033464809641502315,-0.20449990454699044,0.05953590433065068,0.0005927715438225882,-0.32119027703506575,-0.0878095320589151,0.275066039785792
Small firms,2020,HEALTH_WELLBEING,Health and Wellbeing,ok,,41247,161,0.2050655359197793,0.03337797397599838,8.06016172975409e-10,0.06833345858184105,0.015059237205004027,5.688616324457666e-06,-0.014925747173663054,0.1021281001755844,0.8838050989090545,-0.21509682351780846,0.18524532917048236,0.2751445022829634
Small firms,2020,PARENTAL_LEAVE,Parental Leave,ok,,41247,161,0.20478645278721228,0.03359427987551865,1.0884202156617311e-09,0.0737170396618981,0.01251320478151314,3.835407283886845e-09,0.0038326292789249805,0.08918134589606097,0.965720917843105,-0.17096280867735453,0.17862806723520447,0.27532495553766323
Small firms,2020,CULTURE,Workplace Culture,ok,,41247,161,0.20491107041819748,0.03345448076899208,9.064317037055613e-10,0.0923011388285525,0.019381552720652263,1.91380730089343e-06,-0.040828620345281494,0.12382251821273245,0.7416001911792267,-0.2835207560422371,0.20186351535167413,0.27523404457501943
Small firms,2020,REMOTE_KW,Remote Work,ok,,41247,161,0.2024591389508735,0.034165259802198596,3.106343943956426e-09,0.24578568193466688,0.007418390815110402,1.0309583387343803e-240,-0.08497390450958611,0.07821130055943581,0.2772729566129365,-0.2382680536060803,0.06832024458690808,0.3009362440892607
Small firms,2021,EDU_ASSISTANCE,Tuition Assistance,ok,,58081,199,0.23674500872272478,0.0322814280721643,2.2374422636475848e-13,0.07947711249413202,0.007742753946347709,1.0162740243534539e-24,0.06857163675198936,0.15906054372219502,0.6663927518049899,-0.2431870289435129,0.3803303024474916,0.30411892832487275
Small firms,2021,PAID LEAVE,Paid Leave,ok,,58081,199,0.3296864763848833,0.048863738789434834,1.5087304791724344e-11,0.017109507535682678,0.003134030401594275,4.7810535500232345e-08,-0.17751407730772825,0.06301589060390951,0.00484785651924088,-0.3010252228913909,-0.05400293172406562,0.30352747787433776
Small firms,2021,HEALTH_WELLBEING,Health and Wellbeing,ok,,58081,199,0.23039292658818986,0.032479758974311594,1.3082727427135124e-12,0.04242209757039742,0.012156453678857013,0.00048360456687256804,0.1785503054419936,0.12515080962930789,0.1536718111875115,-0.06674528143144984,0.423845892315437,0.3032297362082943
Small firms,2021,PARENTAL_LEAVE,Parental Leave,ok,,58081,199,0.23842909584159835,0.03395566007704289,2.1906292770175803e-12,0.05959110317322613,0.009520241055516632,3.8643378230837097e-10,-0.05456954748963531,0.09057739880583093,0.5468658669590701,-0.23210124914906394,0.12296215416979334,0.3034916805808797
Small firms,2021,CULTURE,Workplace Culture,ok,,58081,199,0.23823192496723516,0.03266627929592112,3.0335210749403543e-13,0.08867977396932504,0.013542148916726476,5.814625674533409e-11,-0.07603698657696568,0.14246811392017533,0.5935405890978612,-0.3552744898605093,0.20320051670657796,0.3036502979970839
Small firms,2021,REMOTE_KW,Remote Work,ok,,58081,199,0.2102742301239493,0.036568240017394345,8.914462481900343e-09,0.18839190968640934,0.006568889576069649,6.891569111337508e-181,-0.009140317370573896,0.06843894086243069,0.8937549944107797,-0.14328064146093802,0.12500000671979025,0.3161440742128122
Small firms,2022,EDU_ASSISTANCE,Tuition Assistance,ok,,55493,238,0.23803995694203423,0.028309610806969723,4.154632056969398e-17,0.047222565595310816,0.007584746948719674,4.78521795512725e-10,-0.024832146697376156,0.10433476937222873,0.8118775885221017,-0.22932829466694446,0.17966400127219215,0.28927146555163286
Small firms,2022,PAID LEAVE,Paid Leave,ok,,55493,238,0.2453400800717571,0.04369370920164354,1.9656477130523804e-08,0.011901384405490635,0.003234744313156005,0.00023393465585601074,-0.016184311529490597,0.05560471359602832,0.7710053821111316,-0.1251695501777061,0.0928009271187249,0.28901379532460214
Small firms,2022,HEALTH_WELLBEING,Health and Wellbeing,ok,,55493,238,0.23512615789074695,0.028103373686361257,5.936778671397013e-17,0.07420010578026882,0.010693758670025078,3.959019431882526e-12,0.0155573240811988,0.13644988491660295,0.9092259581712884,-0.25188445035534296,0.2829990985177406,0.28941343772651373
Small firms,2022,PARENTAL_LEAVE,Parental Leave,ok,,55493,238,0.2464410159488385,0.029450050432682316,5.855386742624784e-17,0.09034392055870982,0.009565654659490127,3.567149957522296e-21,-0.1536691734168633,0.07141163866917519,0.0314069211416721,-0.29363598520844664,-0.013702361625279935,0.2899535127626923
Small firms,2022,CULTURE,Workplace Culture,ok,,55493,238,0.23962277732189452,0.029558897260760022,5.204688478553209e-16,0.13516701759592725,0.012602385807755419,7.725951068969442e-27,-0.1120590749173812,0.0751477005159092,0.13591310145013424,-0.2593485679285632,0.03523041809380083,0.29092647623684087
Small firms,2022,REMOTE_KW,Remote Work,ok,,55493,238,0.20487955800137203,0.0316540786598097,9.642408360527443e-11,0.17140445051178496,0.0073606226321236414,6.0497208102770895e-120,0.028942484806418867,0.060442880253280915,0.6320522693523596,-0.08952556049001173,0.14741053010284946,0.29795877394743553
Small firms,2023,EDU_ASSISTANCE,Tuition Assistance,ok,,46183,229,0.2521946795827482,0.028237635839326602,4.2158703155700196e-19,0.07471171680510619,0.007781157727507446,7.869791668861168e-22,-0.14669178935903607,0.2182914799239163,0.5015839446486468,-0.574543090009912,0.2811595112918398,0.29633024307489797
Small firms,2023,PAID LEAVE,Paid Leave,ok,,46183,229,0.2900575719706235,0.042922081315773304,1.4013132611076332e-11,-0.001281179273411876,0.003610876510959274,0.7227310692722018,-0.08109480432936784,0.056118173950929315,0.14843765052573207,-0.1910864252731893,0.028896816614453605,0.29514657120411825
Small firms,2023,HEALTH_WELLBEING,Health and Wellbeing,ok,,46183,229,0.24472272504874737,0.028813543332490095,2.0081151557659688e-17,0.07710413087172163,0.011696681402981954,4.3403882268764596e-11,-0.013177856778386334,0.12336131010884757,0.9149291976243596,-0.25496602459172757,0.22861031103495488,0.29578396997724554
Small firms,2023,PARENTAL_LEAVE,Parental Leave,ok,,46183,229,0.24434330519944591,0.029283940731528457,7.185834795440029e-17,0.09010222005402987,0.009709135577448598,1.692425058222805e-20,-0.014457049624272893,0.09877509971617877,0.8836345970480206,-0.2080562450679833,0.17914214581943752,0.29640024535984855
Small firms,2023,CULTURE,Workplace Culture,ok,,46183,229,0.22679684495807567,0.029066933804083026,6.065798145368439e-15,0.14326487868850588,0.011743752964281158,3.1373268684475736e-34,0.13801747716725912,0.08939273308809788,0.12260161966190462,-0.03719227968541272,0.31322723401993097,0.29844331056867957
Small firms,2023,REMOTE_KW,Remote Work,ok,,46183,229,0.263740353283639,0.03236436613891769,3.666523055780057e-16,0.17280467124186827,0.007357197838512179,5.430519960714382e-122,-0.1394134648170735,0.06487650948641054,0.03164192014973897,-0.26657142341043816,-0.012255506223708856,0.3053624612287348
Small firms,2024,EDU_ASSISTANCE,Tuition Assistance,ok,,48326,286,0.3064431084374837,0.028175845711071852,1.4984949570663665e-27,0.05644347017218073,0.00814111769555101,4.116142847023905e-12,-0.1057308561994689,0.07334861062114706,0.14944796520656517,-0.24949413301691714,0.038032420617979346,0.2843908508343642
Small firms,2024,PAID LEAVE,Paid Leave,ok,,48326,286,0.3872189389010671,0.04643209843652497,7.462632473748314e-17,0.011104570123246083,0.0035763512979801585,0.0019027914276268972,-0.1533190577195342,0.05538858702509192,0.005639068083276962,-0.26188068828871436,-0.04475742715035404,0.2840505005756957
Small firms,2024,HEALTH_WELLBEING,Health and Wellbeing,ok,,48326,286,0.2982088303102972,0.027902942510705214,1.1664224041404837e-26,0.0738886497640239,0.01206293455294318,9.053379265316997e-10,0.0365360324539659,0.11159571080518435,0.7433680992472422,-0.1821915607241954,0.25526362563212723,0.2843848557821921
Small firms,2024,PARENTAL_LEAVE,Parental Leave,ok,,48326,286,0.2984812396563833,0.029408670068981527,3.33304237036453e-24,0.09676650800830953,0.009900456675636451,1.4566858989875306e-22,-0.022776677590013707,0.06670827532222712,0.7327745775521499,-0.15352489722157886,0.10797154204155146,0.2851762939242112
Small firms,2024,CULTURE,Workplace Culture,ok,,48326,286,0.30966448690685383,0.03007526288628126,7.320962713292989e-25,0.13350094397577364,0.010092780982542866,6.098454766935949e-40,-0.12574246840299622,0.06684544072038272,0.059959314264112225,-0.25675953221494635,0.005274595408953919,0.28724052914305176
Small firms,2024,REMOTE_KW,Remote Work,ok,,48326,286,0.31510305942871586,0.034449624043904274,5.865695533190681e-20,0.1786876949296549,0.007159346134319333,1.7197189937698824e-137,-0.1420064959517952,0.05450742844673594,0.009180224035939833,-0.24884105570739765,-0.03517193619619277,0.2946603819861783
Small firms,2025,EDU_ASSISTANCE,Tuition Assistance,ok,,56004,573,0.3292101810664177,0.021210540864355844,2.4986962441682862e-54,0.06034780130277107,0.00745579908324638,5.770085546416407e-16,-0.17114184124630638,0.0704010894656814,0.01505910789980416,-0.3091279765990419,-0.033155705893570836,0.3113255983712987
Small firms,2025,PAID LEAVE,Paid Leave,ok,,56004,573,0.4309217821484808,0.031645294703914764,3.162682997726151e-42,-0.00046952469931891075,0.003324774034497578,0.8876961205184807,-0.20575620160357522,0.04041450126354858,3.5590234810836325e-07,-0.28496862408013046,-0.12654377912702,0.3111772510290769
Small firms,2025,HEALTH_WELLBEING,Health and Wellbeing,ok,,56004,573,0.31217224447815334,0.021019128836557516,6.770880449458528e-50,0.08274164887354818,0.010660356736379975,8.385065594598666e-15,0.1229855337204232,0.09155879699155091,0.17919393658129212,-0.05646970838301657,0.302440775823863,0.31156250040874933
Small firms,2025,PARENTAL_LEAVE,Parental Leave,ok,,56004,573,0.3058904087587314,0.021404369686146354,2.4891414560399258e-46,0.08383658512884967,0.009407384483079043,5.021757727860886e-19,0.12362001963123623,0.07044632923367067,0.07929157783118006,-0.014454785666758285,0.26169482492923074,0.31182947826330165
Small firms,2025,CULTURE,Workplace Culture,ok,,56004,573,0.2959172942792726,0.020905732538509244,1.7433465924976434e-45,0.09372219229840474,0.00783039333944752,5.163029889628048e-33,0.15358532197438213,0.07033545638119815,0.028990796756763408,0.01572782746723375,0.2914428164815305,0.31299411577529734
Small firms,2025,REMOTE_KW,Remote Work,ok,,56004,573,0.34067723869020594,0.02465967562329116,2.065095268298531e-43,0.19145640134991687,0.0074679009136136565,5.8669413636704045e-145,-0.17301362698242873,0.044202512546220575,9.073715521443277e-05,-0.2596505515730211,-0.0863767023918364,0.32120812530023213
Medium firms,Pooled 2018-2025,EDU_ASSISTANCE,Tuition Assistance,ok,,359932,2710,0.26908376950968393,0.008862556160151042,1.751692051838281e-202,0.026117881790588195,0.0023739102677393558,3.735379121048454e-28,-0.08394647273167453,0.03261282721521597,0.010052086994038974,-0.14786761407349783,-0.020025331389851242,0.3607458841081126
Medium firms,Pooled 2018-2025,PAID LEAVE,Paid Leave,ok,,359932,2710,0.30361105568566693,0.012530617230891971,1.0867393859151911e-129,-0.0221723327281256,0.0013539438107596146,2.832917695717087e-60,-0.08358208756051473,0.016801827422626134,6.538819348716473e-07,-0.11651366930886195,-0.05065050581216751,0.3611249748648111
Medium firms,Pooled 2018-2025,HEALTH_WELLBEING,Health and Wellbeing,ok,,359932,2710,0.2665215055068371,0.00880729813279573,3.689670706628171e-201,0.04974132500170506,0.003668872145458431,7.137594551926411e-42,-0.0675951621379252,0.036207198909376834,0.06191577571389869,-0.1385612720003038,0.003370947724453399,0.3608752715646877
Medium firms,Pooled 2018-2025,PARENTAL_LEAVE,Parental Leave,ok,,359932,2710,0.25311743396378983,0.009122549413196316,1.9285466272677776e-169,0.05749013387743552,0.003289605016150874,2.1712841753082606e-68,0.061074759410320374,0.02500889950931961,0.014601250660155761,0.012057316372053942,0.1100922024485868,0.36109654649231593
Medium firms,Pooled 2018-2025,CULTURE,Workplace Culture,ok,,359932,2710,0.25913262282313204,0.009267930744981437,4.96359637466977e-172,0.07497693683303178,0.00328446383480943,2.4312377232077343e-115,-0.00312934393892407,0.02347450060372241,0.8939496253859066,-0.049139365122219995,0.042880677244371855,0.3615372160093695
Medium firms,Pooled 2018-2025,REMOTE_KW,Remote Work,ok,,359932,2710,0.2686480028062808,0.009717743973493875,3.1962483409146573e-168,0.1889782000251836,0.00300592469949198,0.0,-0.10718341425652635,0.020017846173987823,8.584412851310544e-08,-0.14641839275754248,-0.06794843575551021,0.36930472147162485
Medium firms,2018,EDU_ASSISTANCE,Tuition Assistance,ok,,14820,100,0.25692832153856515,0.04398734085146964,5.19007025590157e-09,0.015676413395374945,0.02335397840378459,0.502059770419564,-0.06734793360723756,0.4545801688451587,0.8822211239376373,-0.9583250645437487,0.8236291973292735,0.2937900410687453
Medium firms,2018,PAID LEAVE,Paid Leave,ok,,14820,100,0.243147024706649,0.04888253655878773,6.554870026619785e-07,-0.014480593385220036,0.009000128408144195,0.10763124091512419,0.0794231838250472,0.12102049308196272,0.5116447562454951,-0.15777698261559972,0.3166233502656941,0.2938891961328639
Medium firms,2018,HEALTH_WELLBEING,Health and Wellbeing,ok,,14820,100,0.269401666445209,0.04509207557936975,2.3082641860745163e-09,0.023391999361937258,0.023190493864335956,0.31312374067078774,-0.4925006385567706,0.18925065879834346,0.00925813349538311,-0.8634319298015238,-0.12156934731201746,0.2939689004144508
Medium firms,2018,PARENTAL_LEAVE,Parental Leave,ok,,14820,100,0.25682839308008604,0.04454181339586463,8.117184871022315e-09,0.12219685522003096,0.05110057569062509,0.016788784777823182,-0.14651870998826744,0.4004262922532952,0.714434609473326,-0.931354242804726,0.6383168228281911,0.29397239159495114
Medium firms,2018,CULTURE,Workplace Culture,ok,,14820,100,0.23664657737167466,0.04724659182772847,5.478341151878621e-07,0.10421110215451554,0.02523933591888154,3.644772523834792e-05,0.13222187495337384,0.125900090609059,0.29362032865262366,-0.11454230264038179,0.37898605254712947,0.29449228794218163
Medium firms,2018,REMOTE_KW,Remote Work,ok,,14820,100,0.26173684444903705,0.04572263954207287,1.0377095973502464e-08,0.26166209368485366,0.029176650618686337,3.013941782192577e-19,-0.1790699368969566,0.199840994092115,0.37021960796090425,-0.570758285317502,0.2126184115235888,0.29909011241740235
Medium firms,2019,EDU_ASSISTANCE,Tuition Assistance,ok,,30193,157,0.28533003815778696,0.041296906843671655,4.872738563203187e-12,0.0065214868665368474,0.011329567389738596,0.5648743698084291,-0.27358002664595255,0.12933215447316238,0.03440193643917946,-0.5270710494133508,-0.02008900387855428,0.32066525527803746
Medium firms,2019,PAID LEAVE,Paid Leave,ok,,30193,157,0.32457633761381866,0.04945227541561917,5.258542721580139e-11,-0.01832152702124335,0.004820640793712872,0.00014432202881490693,-0.1947905754809873,0.07585711737391237,0.010232801488741639,-0.34347052553385554,-0.046110625428119056,0.3210404056356596
Medium firms,2019,HEALTH_WELLBEING,Health and Wellbeing,ok,,30193,157,0.2725766296780278,0.040953755710069116,2.8192125005165482e-11,0.04058237549842947,0.01399901668452691,0.0037442090222295434,-0.0734970034060825,0.17410435555913475,0.6729203564995305,-0.4147415403019866,0.2677475334898216,0.32074216342492423
Medium firms,2019,PARENTAL_LEAVE,Parental Leave,ok,,30193,157,0.2803261799832313,0.041020576579605776,8.269761662346694e-12,0.0329142683677355,0.014192439005877692,0.020387387797070604,-0.2853083452326948,0.1092204752513521,0.008995529682970637,-0.4993804767253449,-0.07123621374004471,0.3207150710363298
Medium firms,2019,CULTURE,Workplace Culture,ok,,30193,157,0.2714509129736344,0.041533618381159515,6.331634576359654e-11,0.08611985056375644,0.01570793288528047,4.191896949076169e-08,-0.06533293061702267,0.13433282618740783,0.6267181869654532,-0.328625269944342,0.19795940871029666,0.32114417388566097
Medium firms,2019,REMOTE_KW,Remote Work,ok,,30193,157,0.2809236710491105,0.041816468007738625,1.8421637975870975e-11,0.24523739506438255,0.016037300611698266,8.68692180102465e-53,-0.26367462609100695,0.13132135457746952,0.044658388463495506,-0.5210644810628472,-0.006284771119166699,0.32754733023813676
Medium firms,2020,EDU_ASSISTANCE,Tuition Assistance,ok,,36476,170,0.20308085140507204,0.034396957368339205,3.5471615586935053e-09,0.035994985950080216,0.008692152619875475,3.456593491855522e-05,0.14119723119351146,0.11974139354848701,0.2383245973290571,-0.09349590016152307,0.375890362548546,0.29918339627445056
Medium firms,2020,PAID LEAVE,Paid Leave,ok,,36476,170,0.18918361930643698,0.043979362939003064,1.6953455584320417e-05,-0.03646050453532784,0.004263348533707321,1.208882661523237e-17,0.05425498982334144,0.06698260858979915,0.41794809665280597,-0.07703092301266488,0.18554090265934775,0.300183045595962
Medium firms,2020,HEALTH_WELLBEING,Health and Wellbeing,ok,,36476,170,0.21534984221274833,0.03418103460722493,2.9712226243270664e-10,0.03188674530352341,0.014298239954094924,0.025739688991186976,-0.08708917365966806,0.13614294147315845,0.5223746574395486,-0.35392933894705864,0.1797509916277225,0.2989843101564623
Medium firms,2020,PARENTAL_LEAVE,Parental Leave,ok,,36476,170,0.20614712186521175,0.03382769772137408,1.1010062986198642e-09,0.03679751887696414,0.0113775239760942,0.0012197158050491997,0.14984139894529047,0.16310923898201338,0.3582751527929522,-0.16985270945945574,0.4695355073500367,0.2990702909356415
Medium firms,2020,CULTURE,Workplace Culture,ok,,36476,170,0.2179250921247492,0.03371805114943469,1.0254012510800772e-10,0.0917624995602259,0.013871109278137747,3.7062729001903773e-11,-0.1567335958768672,0.18675840288238366,0.40133922990459925,-0.5227800655263392,0.20931287377260477,0.2995535967652364
Medium firms,2020,REMOTE_KW,Remote Work,ok,,36476,170,0.25054284914244485,0.037110245383302466,1.4651403332229378e-11,0.2582307717838261,0.009125773671200864,3.777065721436088e-176,-0.2700600971725876,0.081736123021996,0.000952994166413227,-0.43026289829569975,-0.10985729604947547,0.3198159543281053
Medium firms,2021,EDU_ASSISTANCE,Tuition Assistance,ok,,56171,295,0.15021429050969762,0.026791263652169054,2.0605567627174558e-08,0.045164091992183304,0.00622672689767052,4.0684696782031447e-13,-0.05228738714524484,0.08797173448245452,0.5522675019351044,-0.22471198673085568,0.12013721244036601,0.3280653245835178
Medium firms,2021,PAID LEAVE,Paid Leave,ok,,56171,295,0.19094541772989979,0.03851260073301122,7.122310301468571e-07,-0.00807882860058158,0.0033106746619843822,0.014677656113070111,-0.08350385028275412,0.051086439709550735,0.1021413211841237,-0.18363327211347355,0.016625571547965318,0.3276620160844682
Medium firms,2021,HEALTH_WELLBEING,Health and Wellbeing,ok,,56171,295,0.15027686365624707,0.02606504487799034,8.143745332047314e-09,0.024690295818906294,0.009636533536638826,0.010402478084828798,-0.1042523627978765,0.14001477528645645,0.45652496509050533,-0.37868132235933116,0.17017659676357813,0.32760855387553656
Medium firms,2021,PARENTAL_LEAVE,Parental Leave,ok,,56171,295,0.15347673998966727,0.02726615814510249,1.8142951031734483e-08,0.04111530873208883,0.008466000281489437,1.1946607561893831e-06,-0.09161910819388099,0.07546983145409823,0.22475413599436245,-0.2395399778439135,0.05630176145615155,0.3277928357166938
Medium firms,2021,CULTURE,Workplace Culture,ok,,56171,295,0.12805837603420797,0.02670426395316885,1.6232783868793974e-06,0.0544449593600286,0.009737279221004933,2.2525449152990283e-08,0.15491302939106916,0.08516673698075226,0.0689208624114999,-0.01201377509120527,0.3218398338733436,0.32800699279722123
Medium firms,2021,REMOTE_KW,Remote Work,ok,,56171,295,0.11505439895872464,0.027729179052800458,3.3361350901137867e-05,0.21025367491870048,0.007350743965689023,6.1573442598263095e-180,0.009473040995196216,0.0589488294567974,0.8723301690942193,-0.10606666474012669,0.12501274673051913,0.34085821397763405
Medium firms,2022,EDU_ASSISTANCE,Tuition Assistance,ok,,61265,344,0.20526601570369124,0.021910685107519003,7.370552574888488e-21,0.02197800059664085,0.005340282838386048,3.8632011496425704e-05,-0.05521791612636576,0.06912781651919045,0.4244179991055361,-0.19070843650397903,0.08027260425124752,0.33348680647989615
Medium firms,2022,PAID LEAVE,Paid Leave,ok,,61265,344,0.24082648313528554,0.030533406073381713,3.087661644172921e-15,-0.01853534285579763,0.0031641660036256522,4.687792077854105e-09,-0.08045963857527685,0.041366877161653395,0.05177188708703139,-0.1615387178121175,0.0006194406615638026,0.33378428539251015
Medium firms,2022,HEALTH_WELLBEING,Health and Wellbeing,ok,,61265,344,0.202799036975365,0.021413434912254635,2.7812138889987147e-21,0.037347630046649156,0.008684731181567231,1.7050674199293583e-05,-0.03616628398518193,0.10499842085847662,0.7305109147783022,-0.2419631888677961,0.16963062089743225,0.33352016447423705
Medium firms,2022,PARENTAL_LEAVE,Parental Leave,ok,,61265,344,0.18941100302377792,0.02199459225908562,7.198008334542903e-18,0.05537480540387347,0.007885115995001257,2.1762090117078036e-12,0.0949844441184743,0.06747306607570037,0.15920846751694784,-0.037262765389898436,0.22723165362684705,0.33392570867969973
Medium firms,2022,CULTURE,Workplace Culture,ok,,61265,344,0.20845008787687383,0.02226090553829315,7.680752444799617e-21,0.08609732320556218,0.008513567505826465,4.840203657863372e-24,-0.09316113849759826,0.06537777540595872,0.15416689076134085,-0.22130157829327735,0.03497930129808084,0.3346612216572692
Medium firms,2022,REMOTE_KW,Remote Work,ok,,61265,344,0.1939274469123676,0.02400626665930329,6.572921371815646e-16,0.18007809691838458,0.007254367725532381,5.011314950194911e-136,-0.05351213933561013,0.0478367415659336,0.26329333449959325,-0.14727215280484,0.04024787413361972,0.34200517478396186
Medium firms,2023,EDU_ASSISTANCE,Tuition Assistance,ok,,52570,373,0.242836295495539,0.022494825414283767,3.6264462861221405e-27,0.022033954609623665,0.005742781493258693,0.00012464343515354194,-0.06975267352923623,0.07630493410030458,0.3606482367284658,-0.2193103443658332,0.07980499730736074,0.34296401947860167
Medium firms,2023,PAID LEAVE,Paid Leave,ok,,52570,373,0.3014978608085264,0.03275721699667448,3.4482459613549324e-20,-0.026148379280119635,0.003526780164820479,1.2232822991320036e-13,-0.12472954583000724,0.04253852076125394,0.0033661845465687516,-0.20810504652206496,-0.04135404513794952,0.34370364631045924
Medium firms,2023,HEALTH_WELLBEING,Health and Wellbeing,ok,,52570,373,0.24929421863006718,0.022492321171975402,1.5081443829815193e-28,0.04587381260280284,0.009114766427202069,4.830862238541557e-07,-0.20454628624635843,0.0719209850178639,0.004454520644005651,-0.34551141688137166,-0.0635811556113452,0.3431600699338182
Medium firms,2023,PARENTAL_LEAVE,Parental Leave,ok,,52570,373,0.22381126430924952,0.023237528122677254,5.888820079112381e-22,0.06133260409751268,0.008066453083888385,2.8841292101732355e-14,0.06901492007487421,0.06113326540577231,0.25892913937130035,-0.050806280120439515,0.18883612027018792,0.3435508454071361
Medium firms,2023,CULTURE,Workplace Culture,ok,,52570,373,0.23837172220270125,0.023107445654740124,5.978311088512875e-25,0.07361117797645958,0.007985883646489467,3.036479779999431e-20,-0.03089332944140688,0.06387028987233621,0.6286069032546631,-0.15607909759118585,0.09429243870837209,0.34396186483573743
Medium firms,2023,REMOTE_KW,Remote Work,ok,,52570,373,0.25138208587731986,0.02504678110563182,1.0534301860397313e-23,0.16134137262921047,0.0071519883564056435,1.0968698230785233e-112,-0.11855162392539845,0.0494690857174904,0.016553443054330687,-0.21551103193167964,-0.021592215919117252,0.3500471670714129
Medium firms,2024,EDU_ASSISTANCE,Tuition Assistance,ok,,53383,468,0.29506159292343903,0.021001346753115758,7.74145683558446e-45,0.02360252350722268,0.005618047036305858,2.655071841415935e-05,-0.045496759346516716,0.07859817402991208,0.5626886189086082,-0.19954918044514441,0.10855566175211097,0.3493499267616951
Medium firms,2024,PAID LEAVE,Paid Leave,ok,,53383,468,0.3527699740055331,0.033845565838337775,1.9485538982441381e-25,-0.023053038548442532,0.0034942069369407235,4.181420082819294e-11,-0.10857126942055917,0.04122666348004874,0.008450469803228507,-0.1893755298414547,-0.02776700899966364,0.34989931118550754
Medium firms,2024,HEALTH_WELLBEING,Health and Wellbeing,ok,,53383,468,0.2945475838958934,0.02112533474969467,3.4772228072330313e-44,0.07244518829340867,0.008876110192441833,3.300215663112024e-16,-0.07294762641564866,0.0775171016816863,0.3466781930929741,-0.22488114571175377,0.07898589288045647,0.3500175922932387
Medium firms,2024,PARENTAL_LEAVE,Parental Leave,ok,,53383,468,0.2797763542754534,0.022229673544313475,2.5303851592611072e-36,0.08254370705280108,0.007795435112731267,3.3614430574481646e-26,0.049183917835944314,0.050598143014464345,0.3310257443719259,-0.049988442472405796,0.14835627814429442,0.35053720592217374
Medium firms,2024,CULTURE,Workplace Culture,ok,,53383,468,0.2990153873345083,0.023339078322854718,1.4084617455254321e-37,0.07416258034292027,0.007035197801978083,5.551725895620619e-26,-0.07291262932444469,0.045744118164153885,0.11095314870855158,-0.16257110092618632,0.016745842277296932,0.35060414805485507
Medium firms,2024,REMOTE_KW,Remote Work,ok,,53383,468,0.30255235811368203,0.023439696891573127,4.0733443848662114e-38,0.1655682499490459,0.006877805708319998,4.814913662427139e-128,-0.10546880687461747,0.04620698107034815,0.022458085778235302,-0.19603448977249985,-0.0149031239767351,0.35706272653603255
Medium firms,2025,EDU_ASSISTANCE,Tuition Assistance,ok,,55054,803,0.341777976385971,0.016861954807283846,2.4063889762881698e-91,0.016696435962724607,0.0056275297795049745,0.0030079829163627246,-0.13468677195902434,0.05903079994817201,0.02251086579546878,-0.2503871398574415,-0.018986404060607212,0.35294718960918636
Medium firms,2025,PAID LEAVE,Paid Leave,ok,,55054,803,0.3707747585831153,0.024127542345042666,2.7131272318027095e-53,-0.030049278545644303,0.003514675169688891,1.2345137291451896e-17,-0.07619997935677732,0.031944632003389754,0.01706164287570986,-0.13881145808342124,-0.013588500630133393,0.35386531410220345
Medium firms,2025,HEALTH_WELLBEING,Health and Wellbeing,ok,,55054,803,0.3350026678863684,0.01689878608622054,1.8457208276386344e-87,0.06713877449710684,0.008262107163374801,4.4329436348310854e-16,-0.033087229866916146,0.060714797598488,0.5857799664192953,-0.15208823315995262,0.08591377342612033,0.353563998953923
Medium firms,2025,PARENTAL_LEAVE,Parental Leave,ok,,55054,803,0.3206794759290323,0.01776647099789923,7.932003437716375e-73,0.0671386836304452,0.0075463027218238676,5.742937023568553e-19,0.05274054157250143,0.042023912558233796,0.20947417033921745,-0.029626327041636806,0.13510741018663966,0.3537813564319213
Medium firms,2025,CULTURE,Workplace Culture,ok,,55054,803,0.3281268681466666,0.01800785216065663,3.496073525410463e-74,0.0702224532792007,0.006784509385313794,4.1669780406859675e-25,0.005177309878523346,0.04051802175292415,0.8983246979927527,-0.07423801275720798,0.08459263251425467,0.3542012027180286
Medium firms,2025,REMOTE_KW,Remote Work,ok,,55054,803,0.33344580968476417,0.018770175863622132,1.3273986693876717e-70,0.16072621347175622,0.007586664305316865,1.3032620869484436e-99,-0.07930632973837895,0.03684441645447583,0.03136072154534749,-0.15152138598915157,-0.0070912734876063255,0.35925164150311895
Large firms,Pooled 2018-2025,EDU_ASSISTANCE,Tuition Assistance,ok,,2263567,37062,0.2584959987125797,0.0023966090015640745,0.0,0.00987158897907861,0.0007330397646335374,2.4577045488273173e-41,-0.021188546076379863,0.005802228516297104,0.0002604142566072596,-0.03256091396832218,-0.00981617818443754,0.5052582233196894
Large firms,Pooled 2018-2025,PAID LEAVE,Paid Leave,ok,,2263567,37062,0.2561216421787607,0.0028035817768080154,0.0,-0.005198190095549067,0.0005581039527122873,1.2308617544243575e-20,-0.002023218219306461,0.004397482750034133,0.6454548237996767,-0.010642284409373362,0.006595847970760441,0.5052433279239268
Large firms,Pooled 2018-2025,HEALTH_WELLBEING,Health and Wellbeing,ok,,2263567,37062,0.25323997963374806,0.002332208330646665,0.0,0.00839729214684924,0.0008973687721539443,8.150466665980543e-21,0.022172496290167428,0.006816098130504451,0.0011420947188081688,0.008812943954378705,0.03553204862595615,0.5052449814516932
Large firms,Pooled 2018-2025,PARENTAL_LEAVE,Parental Leave,ok,,2263567,37062,0.24966998571960355,0.0024186573834207065,0.0,0.05410132235380692,0.0009717111692212961,0.0,0.026159911934012514,0.005590534123762083,2.8782445579741895e-06,0.01520246505143883,0.0371173588165862,0.5059105602086494
Large firms,Pooled 2018-2025,CULTURE,Workplace Culture,ok,,2263567,37062,0.2408019000180566,0.002603359454004765,0.0,0.041133607451987096,0.0008141552009838322,0.0,0.04069974957579318,0.0046710116212207685,2.9525234328093336e-18,0.031544566798200474,0.04985493235338588,0.5058481603278717
Large firms,Pooled 2018-2025,REMOTE_KW,Remote Work,ok,,2263567,37062,0.2769681657363221,0.0025062835973319107,0.0,0.1366846092719486,0.001047702129596776,0.0,-0.12145953986611935,0.005030807327769697,8.811976856096241e-129,-0.13131992222854796,-0.11159915750369075,0.5093688432177897
Large firms,2018,EDU_ASSISTANCE,Tuition Assistance,ok,,105609,756,0.2113276129157888,0.016473836931380652,1.1416583174643128e-37,0.03519847618238002,0.004899843161515682,6.790309778987944e-13,0.11679001473916638,0.07292865362918136,0.10928207384550222,-0.026150146374029085,0.25973017585236186,0.37323318257363436
Large firms,2018,PAID LEAVE,Paid Leave,ok,,105609,756,0.24235763203575503,0.017953785989541175,1.585760023143786e-41,0.011049555146467658,0.0034692134936272004,0.001447381243436349,-0.13689323699048253,0.03950953425807187,0.0005305958426342286,-0.2143319241363034,-0.05945454984466167,0.37309543223343533
Large firms,2018,HEALTH_WELLBEING,Health and Wellbeing,ok,,105609,756,0.2130287437470451,0.01645162552896821,2.3866771736047203e-38,-0.030563526150681204,0.006330738510561623,1.3805107973037927e-06,0.08857136646522429,0.08236520875948819,0.28221838863839277,-0.07286444270337256,0.25000717563382113,0.37310021328803056
Large firms,2018,PARENTAL_LEAVE,Parental Leave,ok,,105609,756,0.213060325536347,0.016241047548156747,2.575420670348439e-39,-0.02228203597754794,0.018185043137086385,0.22046422525744525,0.1900612879341637,0.13007699088942198,0.14397577306778778,-0.06488961420910341,0.44501219007743076,0.37299923135613644
Large firms,2018,CULTURE,Workplace Culture,ok,,105609,756,0.2072930700525897,0.016713240628657037,2.5195545016919793e-35,0.021776578296437137,0.006160273474696026,0.00040777226175375104,0.11272509383584446,0.06033576327339856,0.06172075771483901,-0.005533002180016719,0.23098318985170563,0.37306943854188845
Large firms,2018,REMOTE_KW,Remote Work,ok,,105609,756,0.22303041912388064,0.01620917981921787,4.465250800883233e-43,0.1317311859954724,0.0073032053527195915,9.901208488303035e-73,-0.0821314706584435,0.11397032144359658,0.47113158637652663,-0.3055133006878928,0.14125035937100577,0.37509172511805855
Large firms,2019,EDU_ASSISTANCE,Tuition Assistance,ok,,165170,1048,0.1743866871339786,0.013348116485885811,5.251728130823017e-39,0.012874931617175433,0.003685657868044646,0.0004771760266593084,-0.015876168479660627,0.04688075140759364,0.7348733789222217,-0.10776244123854416,0.0760101042792229,0.38745686036798654
Large firms,2019,PAID LEAVE,Paid Leave,ok,,165170,1048,0.18688494979154696,0.014430490084248234,2.3282094294442865e-38,-0.011152550931543354,0.00246723645800882,6.176365134319952e-06,-0.06945957909972597,0.03226522160587476,0.03133681263869126,-0.1326994134472405,-0.006219744752211445,0.3875144981008708
Large firms,2019,HEALTH_WELLBEING,Health and Wellbeing,ok,,165170,1048,0.17137304526105,0.013209200038212212,1.7235397613940205e-38,-0.035435875901644646,0.004721594113396729,6.139761355091181e-14,0.043227484992354494,0.06670917920957,0.5169855624149432,-0.08752250625840269,0.17397747624311166,0.3876009490858012
Large firms,2019,PARENTAL_LEAVE,Parental Leave,ok,,165170,1048,0.17296257525388267,0.013031657430286225,3.3427442075885083e-40,-0.006945010066734576,0.007863952854430024,0.377157973058295,0.029556099099761254,0.11452786281840883,0.7963536014356646,-0.19491851202432006,0.25403071022384255,0.38742426769979
Large firms,2019,CULTURE,Workplace Culture,ok,,165170,1048,0.17119292006115588,0.013529482684436708,1.0724054019256417e-36,0.01870730377605838,0.0043769074522654145,1.9191805070724668e-05,0.01868246920961821,0.04587904117328417,0.6838527194577821,-0.07124045149001876,0.10860538990925517,0.3874813005507741
Large firms,2019,REMOTE_KW,Remote Work,ok,,165170,1048,0.18683509922126562,0.013334383413160285,1.3252089407956489e-44,0.20735524236363356,0.005700980533910376,1.1862542021813867e-289,-0.16834639330611118,0.052415714622759686,0.0013192718319464424,-0.27108119396672015,-0.06561159264550219,0.39314721923860485
Large firms,2020,EDU_ASSISTANCE,Tuition Assistance,ok,,178703,886,0.17351186534652946,0.01453771994850926,7.749080648992831e-33,-0.00738994080140175,0.003179693102361202,0.020119864379891706,0.02372819713900316,0.043725924078266885,0.5873656965176364,-0.061974614054399926,0.10943100833240625,0.38689269803092585
Large firms,2020,PAID LEAVE,Paid Leave,ok,,178703,886,0.19292948379814095,0.01601052517243723,1.93560061658203e-33,-0.016102054379401598,0.002030355411750927,2.179877817530052e-15,-0.07162310444039854,0.031055061597650195,0.021092408219709657,-0.13249102517179293,-0.010755183709004162,0.3870996860118411
Large firms,2020,HEALTH_WELLBEING,Health and Wellbeing,ok,,178703,886,0.1751563222465701,0.014056061791093455,1.214278006484417e-35,-0.0019561904730782207,0.00350226049785459,0.5764683119967575,0.0003323338837694749,0.07698407450179601,0.9965556090266726,-0.15055645213975072,0.15122111990728965,0.3868789602407229
Large firms,2020,PARENTAL_LEAVE,Parental Leave,ok,,178703,886,0.17962929639975234,0.014150804512138345,6.389872340779255e-37,-0.023998374023182927,0.005808936503049647,3.6074051423257736e-05,-0.06949732205442713,0.06357447719059572,0.27432185349058,-0.19410329734799475,0.05510865323914049,0.3869340057592948
Large firms,2020,CULTURE,Workplace Culture,ok,,178703,886,0.18024452240980118,0.014954350798138576,1.870577142673054e-33,-0.003265999586753999,0.004183410761098019,0.4349774411043785,-0.03975643303012135,0.037743078643695444,0.29218351037510637,-0.11373286717176442,0.034220001111521715,0.38688372238013824
Large firms,2020,REMOTE_KW,Remote Work,ok,,178703,886,0.18525931055980582,0.014403741527835663,7.37529422587991e-38,0.2276953937542932,0.004812982575322536,0.0,-0.09462355103893764,0.04584866179239252,0.03903444294210614,-0.184486928152027,-0.004760173925848307,0.397201105009899
Large firms,2021,EDU_ASSISTANCE,Tuition Assistance,ok,,259051,2049,0.19532419437300438,0.00941250378196813,1.1866261994932847e-95,0.012797902083630592,0.002312001274372816,3.1048037177713815e-08,0.002324355011230633,0.029406170269590547,0.9369983372762896,-0.05531173871716684,0.05996044873962811,0.4328954276127006
Large firms,2021,PAID LEAVE,Paid Leave,ok,,259051,2049,0.20159352979098036,0.010850654564852794,4.75917240510311e-77,-0.011657883274309852,0.0015759822324750345,1.390677202410992e-13,-0.02293488806380744,0.01888896933249156,0.22467335133963262,-0.059957267955490896,0.014087491827876018,0.4329570963826509
Large firms,2021,HEALTH_WELLBEING,Health and Wellbeing,ok,,259051,2049,0.19053936782241573,0.009436397724353585,1.1520179576409111e-90,0.0003263914210189789,0.0028506421614521906,0.908843422478476,0.05874442917230827,0.027538071049311306,0.032907679945583274,0.004769809915658112,0.11271904842895844,0.4328445844533836
Large firms,2021,PARENTAL_LEAVE,Parental Leave,ok,,259051,2049,0.19972030621298625,0.009348790041323166,2.9380882901799367e-101,0.05603155043508622,0.0038259859705214202,1.4500912362171212e-48,-0.06409453324324045,0.03236298356440316,0.04764860716960506,-0.12752598102947066,-0.0006630854570102568,0.43334045732515836
Large firms,2021,CULTURE,Workplace Culture,ok,,259051,2049,0.19574812355463078,0.010130808762500974,3.503655038043093e-83,0.013435234535900469,0.0026618324354687286,4.479497735803562e-07,-0.006225849565007557,0.021178988956183347,0.7687858000822126,-0.04773666791912691,0.035284968789111804,0.43288949657929565
Large firms,2021,REMOTE_KW,Remote Work,ok,,259051,2049,0.20556476053476092,0.010202381881433712,2.7625835063932017e-90,0.2038353007540342,0.003549382209697509,0.0,-0.10381498403565759,0.020711350375583547,5.373627298399034e-07,-0.14440923077180134,-0.06322073729951383,0.4424248902975655
Large firms,2022,EDU_ASSISTANCE,Tuition Assistance,ok,,324100,3420,0.2038593692809833,0.00737278548800481,2.771463912749464e-168,-0.00382596270794351,0.0019419294406111973,0.04881702730553448,-0.020124694590655412,0.02067263674456368,0.3303076784586686,-0.06064306261000022,0.020393673428689398,0.46362635281772113
Large firms,2022,PAID LEAVE,Paid Leave,ok,,324100,3420,0.20450590614975067,0.008442627605555546,1.2730630164348711e-129,-0.013774057394969513,0.0014100673785838258,1.539109053914987e-22,-0.007674143850243297,0.014432822743432362,0.5949236170544728,-0.03596247642737073,0.02061418872688413,0.46377763772665903
Large firms,2022,HEALTH_WELLBEING,Health and Wellbeing,ok,,324100,3420,0.20454938963153274,0.007348574112040051,1.6250579832980435e-170,0.0029182597720283417,0.0026302042303924457,0.2672066468871622,-0.030095968398134033,0.020620193830668033,0.14441693046222978,-0.07051154830624337,0.010319611509975311,0.46362297922520046
Large firms,2022,PARENTAL_LEAVE,Parental Leave,ok,,324100,3420,0.1928886327497688,0.007214780172964616,1.8350617270294156e-157,0.040747749407762664,0.0029154239946768564,2.165548041671624e-44,0.07962935797696871,0.02375805374600321,0.0008032323844468827,0.033063572634802425,0.126195143319135,0.46399228117235747
Large firms,2022,CULTURE,Workplace Culture,ok,,324100,3420,0.20340351232253093,0.008221429317226367,3.908754937028276e-135,0.02853782250815887,0.0020701043569787522,3.10769228906301e-43,-0.011121247682144945,0.01494946127440131,0.45692307601058224,-0.040422191779971514,0.01817969641568162,0.4639424104974905
Large firms,2022,REMOTE_KW,Remote Work,ok,,324100,3420,0.19855842229347645,0.008206241366179652,2.4497364385286846e-129,0.1574511318804735,0.00261289961583538,0.0,-0.032081570700634346,0.014614766174828063,0.028153002791700157,-0.06072651240329735,-0.0034366289979713416,0.47050002035977967
Large firms,2023,EDU_ASSISTANCE,Tuition Assistance,ok,,369100,5082,0.2393986125036407,0.006512074275178991,7.404235754378634e-296,0.010945834204264288,0.0017103204314437668,1.555058536601015e-10,-0.04271390610033021,0.014152598865279625,0.00254368069276663,-0.07045299987627827,-0.01497481232438215,0.4923532179280018
Large firms,2023,PAID LEAVE,Paid Leave,ok,,369100,5082,0.22698293008530693,0.0077516769740211,1.7694047087385e-188,-0.003079515172620225,0.0013313115568298673,0.020714730163564645,0.013367507459954683,0.011576028936433207,0.24818970220572456,-0.009321509255454403,0.03605652417536377,0.49230715655203183
Large firms,2023,HEALTH_WELLBEING,Health and Wellbeing,ok,,369100,5082,0.2250681314890211,0.0063299834399158485,6.74016031252457e-277,0.005674382898797306,0.002125442103109456,0.007590945947212379,0.05566081949030696,0.015713290567217847,0.0003966894657276939,0.024862769978559983,0.08645886900205393,0.49232691785185323
Large firms,2023,PARENTAL_LEAVE,Parental Leave,ok,,369100,5082,0.21914572990633754,0.006534074448175356,1.3064736537782522e-246,0.08387942958848013,0.0022661524285267584,6.81124007346054e-300,0.04645912158113983,0.013824017445096416,0.0007773002993713016,0.019364047388750857,0.0735541957735288,0.4943363459478819
Large firms,2023,CULTURE,Workplace Culture,ok,,369100,5082,0.23010727195540467,0.0070776095336574155,7.215154067352389e-232,0.05030306929387967,0.0018526102209944003,2.363192325736394e-162,0.0014000697164407456,0.012141107609011622,0.9081942813343746,-0.022396501197222037,0.025196640630103524,0.49341128312669513
Large firms,2023,REMOTE_KW,Remote Work,ok,,369100,5082,0.2543902262977277,0.006670190798230802,0.0,0.12472491445061176,0.0024136769195117554,0.0,-0.11201613290266461,0.013218233880232303,2.3636612587095233e-17,-0.13792387130791994,-0.0861083944974093,0.4963403546672941
Large firms,2024,EDU_ASSISTANCE,Tuition Assistance,ok,,399646,8110,0.2571293704487845,0.005055449201154319,0.0,0.012012680926090714,0.001590945144631672,4.33068343560892e-14,-0.0522911041367032,0.012671941535384082,3.6828338322248825e-05,-0.077128109546056,-0.027454098727350402,0.506787109833982
Large firms,2024,PAID LEAVE,Paid Leave,ok,,399646,8110,0.25647743405494455,0.006046207137838298,0.0,-0.0041335826471885165,0.0013023627211267803,0.0015040008646500303,-0.01571879617061281,0.009249612030225736,0.08924373029575715,-0.033848035749855246,0.002410443408629632,0.5067339546562677
Large firms,2024,HEALTH_WELLBEING,Health and Wellbeing,ok,,399646,8110,0.2470363278680937,0.004954835731863559,0.0,0.01988368749407958,0.001976792628115652,8.422108440273154e-24,0.027452073423923185,0.014435049412285943,0.0572018686600528,-0.0008406234241572635,0.055744770272003634,0.5068430014633389
Large firms,2024,PARENTAL_LEAVE,Parental Leave,ok,,399646,8110,0.24546296254179528,0.0052343015549885345,0.0,0.054842868700591456,0.001884855310073082,3.964427467066918e-186,0.01797489342290246,0.011050779512897456,0.10382793608404947,-0.003684634422376553,0.039634421268181466,0.5077445782584329
Large firms,2024,CULTURE,Workplace Culture,ok,,399646,8110,0.23959428869205415,0.005902186995495203,0.0,0.05593477092333706,0.0016933369410657255,2.795642311395815e-239,0.015172907166728741,0.009252331778312469,0.10102577469227576,-0.0029616631187636966,0.03330747745222118,0.5081810815487176
Large firms,2024,REMOTE_KW,Remote Work,ok,,399646,8110,0.27834040095430973,0.005308262433323108,0.0,0.1262741228564701,0.0022568313853078017,0.0,-0.13491483007944827,0.010594908729287878,3.830597819750707e-37,-0.1556808511888525,-0.11414880897004402,0.510934724725814
Large firms,2025,EDU_ASSISTANCE,Tuition Assistance,ok,,462188,15711,0.2716658110914877,0.0037952734757963663,0.0,0.003823491065699648,0.0014975260189410249,0.010673662337993516,-0.01774636452812177,0.008497257641260934,0.03675443157936403,-0.0344009895049932,-0.0010917395512503383,0.52517274128945
Large firms,2025,PAID LEAVE,Paid Leave,ok,,462188,15711,0.2696729704953668,0.004458102634125255,0.0,-0.004246140790541518,0.0012484779096372071,0.0006712656584560059,-0.002835874232721764,0.0067113182767435,0.6726228853240701,-0.015990058055139023,0.010318309589695495,0.5251774025358218
Large firms,2025,HEALTH_WELLBEING,Health and Wellbeing,ok,,462188,15711,0.26961963895595975,0.0036395011861107486,0.0,0.02044744740172615,0.0017858649114597066,2.362200753569136e-30,-0.0061148081385239035,0.010552168553006004,0.5622629402205064,-0.026797058502415674,0.014567442225367867,0.52528495493672
Large firms,2025,PARENTAL_LEAVE,Parental Leave,ok,,462188,15711,0.271971020232109,0.0038378878360907655,0.0,0.056246599816414326,0.0017283580057067573,2.5983089158775337e-232,-0.019907008663750857,0.008174116526082097,0.014876516301601531,-0.03592827705487177,-0.0038857402726299485,0.5261746960977187
Large firms,2025,CULTURE,Workplace Culture,ok,,462188,15711,0.24834612661956476,0.004044044725651377,0.0,0.04874701426881784,0.001681147174851041,7.329955192675392e-185,0.05657392985187297,0.007220313106093767,4.674099043635884e-15,0.042422116163929185,0.07072574353981675,0.5262731697065859
Large firms,2025,REMOTE_KW,Remote Work,ok,,462188,15711,0.28556977599213423,0.003915198884977994,0.0,0.07717588751258461,0.002070667159028468,4.837938645514867e-304,-0.08670141952496808,0.007825058211615112,1.569230531320255e-28,-0.10203853361973371,-0.07136430543020246,0.5265895590464931
S&P 500 firms,Pooled 2018-2025,EDU_ASSISTANCE,Tuition Assistance,ok,,291392,12045,0.23095291912340096,0.003944250944887075,0.0,-0.005703754309739746,0.0018003116815540716,0.0015338395707054705,0.04649294168624665,0.009832838764289462,2.2637006115819923e-06,0.027220577708239307,0.065765305664254,0.7025239465120543
S&P 500 firms,Pooled 2018-2025,PAID LEAVE,Paid Leave,ok,,291392,12045,0.23563948226485307,0.004394289671616859,0.0,-0.018968909307010427,0.0015045126760501264,1.9075122483741734e-36,-0.000572559667360386,0.007533334638347712,0.9394163275791324,-0.015337895558521901,0.01419277622380113,0.7026657787138775
S&P 500 firms,Pooled 2018-2025,HEALTH_WELLBEING,Health and Wellbeing,ok,,291392,12045,0.23458380869139464,0.0038391623062862344,0.0,0.027721730969966808,0.00200634233098621,2.0114724830489994e-43,0.03473873085608915,0.011669551620645428,0.0029120805313220385,0.011866409679624115,0.05761105203255419,0.7027179728481513
S&P 500 firms,Pooled 2018-2025,PARENTAL_LEAVE,Parental Leave,ok,,291392,12045,0.23723879567053802,0.003963782741125512,0.0,-0.008473952243533922,0.0020447507699532658,3.409321198628492e-05,-0.0004449431152273309,0.009502621396493742,0.9626541406438021,-0.019070081052355064,0.018180194821900402,0.7025147229460693
S&P 500 firms,Pooled 2018-2025,CULTURE,Workplace Culture,ok,,291392,12045,0.22599671061151602,0.0046918072018917135,0.0,0.08055684597276608,0.0018619172600061146,0.0,0.01079207024428225,0.007086080417828152,0.12775977281847917,-0.0030966473746609283,0.024680787863225428,0.7048318584597753
S&P 500 firms,Pooled 2018-2025,REMOTE_KW,Remote Work,ok,,291392,12045,0.261669038216891,0.004143471815837339,0.0,0.11285376676295786,0.002439711858162827,0.0,-0.11111590954641466,0.008176834877835049,4.6469594916950675e-42,-0.12714250590697135,-0.09508931318585796,0.7050333929435275
S&P 500 firms,2018,EDU_ASSISTANCE,Tuition Assistance,ok,,7810,137,0.20871422164006836,0.03912917096323582,9.608302537886387e-08,-0.0006739873224555005,0.01569541151918406,0.9657480243778115,0.1498766640579426,0.17590234475009361,0.39418927190928066,-0.1948919316522409,0.49464525976812607,0.6118529094362866
S&P 500 firms,2018,PAID LEAVE,Paid Leave,ok,,7810,137,0.20103590952904557,0.039051046885255174,2.632382446996176e-07,-0.00660396822181999,0.013394321667890733,0.621982643326173,0.179739500828221,0.16384609090874033,0.2726404873765109,-0.14139883735291003,0.500877839009352,0.6119316469232345
S&P 500 firms,2018,HEALTH_WELLBEING,Health and Wellbeing,skipped_sparse_interaction_cells,,7810,137,,,,,,,,,,,,
S&P 500 firms,2018,PARENTAL_LEAVE,Parental Leave,skipped_sparse_interaction_cells,,7810,137,,,,,,,,,,,,
S&P 500 firms,2018,CULTURE,Workplace Culture,ok,,7810,137,0.2255208099060098,0.04178262073757704,6.758385409673748e-08,0.10067281933192557,0.014091055851975776,9.035808996294253e-13,-0.13238772618275996,0.07833311076684028,0.09101630790709996,-0.28592062328576695,0.02114517092024701,0.6143256165295651
S&P 500 firms,2018,REMOTE_KW,Remote Work,skipped_sparse_interaction_cells,,7810,137,,,,,,,,,,,,
S&P 500 firms,2019,EDU_ASSISTANCE,Tuition Assistance,ok,,13532,143,0.20362892906913904,0.032336522921264266,3.031078047328567e-10,-0.01079988684869837,0.010848943519114447,0.31950373809537336,-0.020999027055222053,0.06979942257701306,0.763530290919877,-0.15780589530616765,0.11580784119572354,0.5734221774532405
S&P 500 firms,2019,PAID LEAVE,Paid Leave,ok,,13532,143,0.21065545210213799,0.03182745183938126,3.624409730943273e-11,-0.0036705880554016995,0.008731997182000817,0.6742220059939024,-0.20291740246422685,0.2285283106945897,0.37457779524189627,-0.6508328914256227,0.24499808649716898,0.573450758257916
S&P 500 firms,2019,HEALTH_WELLBEING,Health and Wellbeing,skipped_sparse_interaction_cells,,13532,143,,,,,,,,,,,,
S&P 500 firms,2019,PARENTAL_LEAVE,Parental Leave,ok,,13532,143,0.2058635539414892,0.032318450255355846,1.8921798554255675e-10,-0.07044587792320278,0.01891635074901016,0.00019603391984607507,-0.06577334310920646,0.11907164643660606,0.5806848832774847,-0.29915377012495437,0.16760708390654142,0.573779469005872
S&P 500 firms,2019,CULTURE,Workplace Culture,ok,,13532,143,0.22213167776738185,0.03620118754442057,8.460764279893911e-10,0.03074891101846955,0.009515168756510544,0.0012311320135786944,-0.12264406940077832,0.06054343869890438,0.04279346098986788,-0.2413092092506309,-0.003978929550925742,0.57373726554423
S&P 500 firms,2019,REMOTE_KW,Remote Work,ok,,13532,143,0.2117564329229213,0.03218596770815429,4.73133057933246e-11,0.07069176807704236,0.028172551436238286,0.012099033530298276,-0.2291656533954698,0.15117164110580997,0.1295370075515133,-0.5254620699628574,0.06713076317191774,0.5736861779451654
S&P 500 firms,2020,EDU_ASSISTANCE,Tuition Assistance,skipped_sparse_interaction_cells,,24545,103,,,,,,,,,,,,
S&P 500 firms,2020,PAID LEAVE,Paid Leave,ok,,24545,103,0.24191682053200864,0.03637086619205514,2.9033754323731115e-11,-0.0028286515878821043,0.0038886951194280345,0.4669786303327397,-0.08400477119029368,0.16346694853851465,0.6073257299202796,-0.40439999032578233,0.236390447945195,0.5530289339644378
S&P 500 firms,2020,HEALTH_WELLBEING,Health and Wellbeing,skipped_sparse_interaction_cells,,24545,103,,,,,,,,,,,,
S&P 500 firms,2020,PARENTAL_LEAVE,Parental Leave,ok,,24545,103,0.24309676204775146,0.036449663806574176,2.5688136655942155e-11,-0.07155780159953912,0.010700632148162654,2.2740332722064033e-11,-0.1095099008809446,0.16826391045546557,0.5151612198632165,-0.4393071653736571,0.22028736361176793,0.5539243547870482
S&P 500 firms,2020,CULTURE,Workplace Culture,ok,,24545,103,0.26877468889069955,0.041126994113950606,6.350852765498723e-11,0.03979981728210802,0.01086829886231824,0.0002502442537512354,-0.17325089357296736,0.07742597287687472,0.0252450132279873,-0.32500580041164184,-0.0214959867342929,0.5534560020789658
S&P 500 firms,2020,REMOTE_KW,Remote Work,ok,,24545,103,0.23508537875109833,0.03718836413404219,2.590753851482984e-10,-0.004272897224333675,0.018300459697275163,0.8153842053783869,0.00337159150459967,0.09607454377223479,0.9720051885972308,-0.1849345142889805,0.19167769729817985,0.5530074866166044
S&P 500 firms,2021,EDU_ASSISTANCE,Tuition Assistance,ok,,30488,456,0.16296081795064055,0.019200659575439514,2.115823795515511e-17,-0.03988058952802733,0.005388795604009779,1.3551961528460406e-13,0.22325419123300067,0.06682577156722319,0.0008352542971301689,0.09227567896124322,0.3542327035047581,0.6796544187151015
S&P 500 firms,2021,PAID LEAVE,Paid Leave,ok,,30488,456,0.16104029317834756,0.020651482357142075,6.289519525217077e-15,-0.0028075346554124712,0.004078472679807096,0.4912141893127947,0.08606201515144207,0.045989548739235504,0.06129817134675097,-0.00407750037745952,0.17620153068034367,0.6789900566620932
S&P 500 firms,2021,HEALTH_WELLBEING,Health and Wellbeing,ok,,30488,456,0.16829204943723297,0.019020598399270703,8.91942405387413e-19,0.0026315145821205685,0.004925684512755109,0.5931731261420343,0.1675840657788885,0.07560765060224203,0.026657541890854067,0.019393070598494128,0.31577506095928287,0.6790221292560772
S&P 500 firms,2021,PARENTAL_LEAVE,Parental Leave,ok,,30488,456,0.18023472502822943,0.01940662867996434,1.582867381270043e-20,0.0261762789306538,0.006998138193984189,0.00018368138191244093,-0.0064691460314521,0.06314292259772579,0.9183975672620239,-0.13022927432299464,0.11729098226009045,0.6790794054600182
S&P 500 firms,2021,CULTURE,Workplace Culture,ok,,30488,456,0.17247395048220748,0.024176586754676477,9.75466779128476e-13,0.04460037334711947,0.006033313732076561,1.44255013681629e-13,0.010502131287782226,0.036932886941173665,0.7761366765349891,-0.06188632711691816,0.08289058969248261,0.6796033729375345
S&P 500 firms,2021,REMOTE_KW,Remote Work,ok,,30488,456,0.1908436968698989,0.021474062636321796,6.26837049980244e-19,0.06426411552338093,0.00895891901707168,7.326483943602094e-13,-0.056423326899336296,0.041831958809071326,0.17739828959751114,-0.1384139661651161,0.025567312366443495,0.6796531769604169
S&P 500 firms,2022,EDU_ASSISTANCE,Tuition Assistance,ok,,34777,952,0.1851582342084014,0.013395025630345603,1.854198499603225e-43,-0.05394084374968496,0.005183010283786024,2.2978167159268437e-25,0.0926388780343185,0.044912166578542634,0.039144205033083045,0.004611031540374941,0.18066672452826205,0.6665185472555202
S&P 500 firms,2022,PAID LEAVE,Paid Leave,ok,,34777,952,0.15733017739803956,0.015252667311412772,6.032600296950027e-25,-0.06038567278985749,0.004307927953955169,1.2211340914147543e-44,0.1084559042123368,0.026939116816888754,5.67424623729466e-05,0.05565523525123485,0.16125657317343878,0.6675604276587096
S&P 500 firms,2022,HEALTH_WELLBEING,Health and Wellbeing,ok,,34777,952,0.19171537030086916,0.013727928168903314,2.53643653579965e-44,0.0014982867138043096,0.007262106961535796,0.8365443120153987,0.01908585019964408,0.03732809803937718,0.6091411237016838,-0.054077221957535185,0.09224892235682335,0.6655437662885457
S&P 500 firms,2022,PARENTAL_LEAVE,Parental Leave,ok,,34777,952,0.16794059935693373,0.013369524589485706,3.439756474566943e-36,-0.06406943896296596,0.00631363098477675,3.389313268314203e-24,0.22793722238624145,0.04208274995980873,6.080923504701433e-08,0.14545503246501634,0.31041941230746656,0.666730175070805
S&P 500 firms,2022,CULTURE,Workplace Culture,ok,,34777,952,0.2118137283035336,0.016478515689136698,8.1746559561963e-38,0.013927697430686614,0.0048956337610745375,0.004442226420569961,-0.04398895313149762,0.02590241082659071,0.08945924750499355,-0.09475767835161542,0.00677977208862017,0.6656416762216804
S&P 500 firms,2022,REMOTE_KW,Remote Work,ok,,34777,952,0.21721344613562488,0.01587639328479145,1.3089810928653837e-42,0.13695501131141458,0.006283721123895725,2.5761728132921525e-105,-0.07894457618455862,0.026254675173950772,0.0026394662848807106,-0.13040373952550213,-0.02748541284361511,0.6711902213336156
S&P 500 firms,2023,EDU_ASSISTANCE,Tuition Assistance,ok,,45042,1621,0.20393523865502966,0.010274095737216644,1.1139454799701304e-87,0.0016347034505751101,0.004730052451513038,0.7296437713053725,0.004517486447547174,0.027589399246029152,0.8699358779803069,-0.04955773607466996,0.05859270896976431,0.6628064129176243
S&P 500 firms,2023,PAID LEAVE,Paid Leave,ok,,45042,1621,0.19691630474882155,0.011979762560616487,1.0323252697692169e-60,0.0018231339543294067,0.003952974649083902,0.6446511207703909,0.02160384704392507,0.019645314007109504,0.2714651791790814,-0.01690096841000956,0.060108662497859705,0.6628181722333137
S&P 500 firms,2023,HEALTH_WELLBEING,Health and Wellbeing,ok,,45042,1621,0.20282144690387105,0.010470365051475786,1.355968705605858e-83,0.04103484937559574,0.005266456068014811,6.609332619883307e-15,0.01302669369575289,0.025048180333613126,0.6030179437628094,-0.03606773975812883,0.062121127149634615,0.6632765271017396
S&P 500 firms,2023,PARENTAL_LEAVE,Parental Leave,ok,,45042,1621,0.1941160508249908,0.010270244925098404,1.1229365632716915e-79,0.06194908648413043,0.005325253744644509,2.798257634884408e-31,0.05589507237156089,0.026975461936147,0.03825882041258876,0.003023166976712774,0.108766977766409,0.6641010747367713
S&P 500 firms,2023,CULTURE,Workplace Culture,ok,,45042,1621,0.2062389380080002,0.012371836498122056,2.1647051994458982e-62,0.06841094837581864,0.004498987424951753,3.2338314389705152e-52,-0.018142074777825354,0.018958593477365327,0.33860184443877206,-0.055300917993461395,0.019016768437810687,0.6648020001398662
S&P 500 firms,2023,REMOTE_KW,Remote Work,ok,,45042,1621,0.23003833968032503,0.01124863792350653,5.967215312432807e-93,0.1419764592544312,0.005848005465790861,3.3678115577226128e-130,-0.10229226107254,0.020548710392301044,6.423204942130868e-07,-0.14256773344145005,-0.06201678870362995,0.6681469142847618
S&P 500 firms,2024,EDU_ASSISTANCE,Tuition Assistance,ok,,60663,3103,0.18490002767127614,0.007331894290506129,2.5051835785663915e-140,0.026681183581301875,0.0038641111907716554,5.0249592733888986e-12,0.07982997646687023,0.024431492546519076,0.0010850069646939362,0.03194425107569285,0.12771570185804762,0.6813136455152802
S&P 500 firms,2024,PAID LEAVE,Paid Leave,ok,,60663,3103,0.1916447853527646,0.008421327905028456,1.2212742202144925e-114,0.015121715592852683,0.0036730232216481288,3.8389092474842394e-05,0.0028832170093888378,0.01459991958207327,0.8434505969645181,-0.02573262537147477,0.031499059390252444,0.6810704796382354
S&P 500 firms,2024,HEALTH_WELLBEING,Health and Wellbeing,ok,,60663,3103,0.18488377233352066,0.007302321661506061,1.9989059351745047e-141,0.11930087305023927,0.004603677713179649,4.6008843152958284e-148,0.07560515772833493,0.02383993382554108,0.0015172380202122752,0.028878887430274412,0.12233142802639543,0.6848314204743366
S&P 500 firms,2024,PARENTAL_LEAVE,Parental Leave,ok,,60663,3103,0.19373516771963792,0.007748537480938467,5.698790759891409e-138,0.03868050757196446,0.003999302132755065,3.9727173935788583e-22,-0.009304537287797433,0.017255521647808345,0.5897344658200168,-0.04312535971750179,0.024516285141906922,0.6814954271668436
S&P 500 firms,2024,CULTURE,Workplace Culture,ok,,60663,3103,0.19260946037666207,0.009192719209160078,1.7843790465913215e-97,0.12274387484609674,0.004138984339227783,2.87599207754467e-193,-0.026741520833089807,0.013462272171424886,0.04698840420170473,-0.05312757428908258,-0.00035546737709703236,0.686533192510401
S&P 500 firms,2024,REMOTE_KW,Remote Work,ok,,60663,3103,0.2181002823434997,0.007903247729407585,1.2329834418330276e-167,0.13830899613062134,0.004895687068936107,1.3761449257595834e-175,-0.11456583834107566,0.015669994803595825,2.648460484279137e-13,-0.14527902815612348,-0.08385264852602783,0.6857089708602218
S&P 500 firms,2025,EDU_ASSISTANCE,Tuition Assistance,ok,,74535,5530,0.20926512642838754,0.005698697066135716,3.30588850731123e-295,-0.003913375478196319,0.003758327735316416,0.29775747096315297,0.06622297250557398,0.01206101334251773,4.0042533955059867e-08,0.04258338635423922,0.08986255865690873,0.6976213915525606
S&P 500 firms,2025,PAID LEAVE,Paid Leave,ok,,74535,5530,0.22414604652582493,0.006128843981239782,7.879690994632967e-293,0.006004409246005453,0.003342714993661456,0.072452034395787,-0.003940471009583436,0.010456206511432045,0.7062815563433849,-0.024434635771990242,0.01655369375282337,0.6975292934829762
S&P 500 firms,2025,HEALTH_WELLBEING,Health and Wellbeing,ok,,74535,5530,0.22562468390629684,0.005267517679442075,0.0,0.11008619519842648,0.004320899100109912,3.4908992042020437e-143,-0.011221870707816006,0.017730187073829024,0.5267829138914559,-0.0459730373725209,0.023529295956888883,0.7005349555530607
S&P 500 firms,2025,PARENTAL_LEAVE,Parental Leave,ok,,74535,5530,0.22833243692382588,0.005514683713781885,0.0,-0.006670407087466086,0.003768620418255413,0.07672939746943627,-0.028628774558070606,0.012906522915780873,0.02654370485084609,-0.05392555947300112,-0.0033319896431400937,0.6975609228244417
S&P 500 firms,2025,CULTURE,Workplace Culture,ok,,74535,5530,0.22401657308169978,0.006679230216374236,1.2903098621772908e-246,0.0956881670117145,0.0038755398303562784,1.3601330099400672e-134,-0.019693110193220145,0.009803494866487966,0.04455997478888965,-0.03890796013153656,-0.00047826025490373125,0.7005701079125819
S&P 500 firms,2025,REMOTE_KW,Remote Work,ok,,74535,5530,0.23258913015086424,0.005688039302221232,0.0,0.08014338411562459,0.004346395870136482,6.386051129957774e-76,-0.054994944632688864,0.012072377028344818,5.2276954564632385e-06,-0.0786568036082447,-0.031333085657133025,0.6988918154830985
