SOC_2021_2_NAME,YEAR,AI Demand,MEAN SALARY,AI Demand % Change,PRIOR YEAR % CHANGE,LOG_SALARY_ai,SALARY_ai,MEDIAN_LOG_SALARY_ai,MEDIAN_SALARY_ai,LOG_SALARY_non_ai,SALARY_non_ai,MEDIAN_LOG_SALARY_non_ai,MEDIAN_SALARY_non_ai,Salary (Log) Premium,SALARY_PREMIUM,job_count,ai_role_count,AI Job Count Change,Prevalence: Tuition Assistance,Prevalence: Tuition Assistance (AI),Prevalence: Tuition Assistance (Non-AI),Prevalence: Paid Leave,Prevalence: Paid Leave (AI),Prevalence: Paid Leave (Non-AI),Prevalence: Health and Wellbeing,Prevalence: Health and Wellbeing (AI),Prevalence: Health and Wellbeing (Non-AI),Prevalence: Parental Leave,Prevalence: Parental Leave (AI),Prevalence: Parental Leave (Non-AI),Prevalence: Workplace Culture,Prevalence: Workplace Culture (AI),Prevalence: Workplace Culture (Non-AI),Prevalence: Remote Work,Prevalence: Remote Work (AI),Prevalence: Remote Work (Non-AI),Log Job Count,EDU_ASSISTANCE_difference,PAID_LEAVE_difference,HEALTH_WELLBEING_difference,PARENTAL_LEAVE_difference,CULTURE_difference,REMOTE_KW_difference
Architecture and Engineering Occupations,2018,1.7616215870579959,72795.24621804904,,,11.402915673319914,101224.26190476191,11.407564949312402,90000.0,11.091694393621566,72480.36787974683,11.156250521031495,70000.0,102.80589483133721,139.65748914617052,31278,551,,1061,16,1045,2627,28,2599,461,9,452,114,3,111,1525,53,1472,594,11,583,10.35067025399616,-0.49710650735648315,-3.3766894063917614,0.16237485585990347,0.18321879992631082,4.828299708864027,0.09901611740698486
Architecture and Engineering Occupations,2019,1.858962637898458,74853.37928388747,5.52565043228308,,11.46026782437202,106851.375,11.511673899861169,100000.0,11.11776268530026,74589.34218669418,11.18567676517613,72090.5,103.08070201502515,143.25287214969026,32814,610,59.0,1463,17,1446,3836,48,3788,986,18,968,223,7,216,1826,58,1768,738,18,720,10.398610532574828,-1.7032402043529875,-3.8936615144030573,-0.05501811199504804,0.4768168499585633,4.018195479229746,0.7150725599711676
Architecture and Engineering Occupations,2020,2.052310778489314,72970.32677459526,10.40086210712845,5.52565043228308,11.484404660780111,105972.33333333333,11.5216869706388,100880.0,11.078527734054655,72646.61493963783,11.115711184695773,67219.0,103.66363596742028,145.87373881272495,25922,532,-78.0,1319,17,1302,4448,42,4406,728,9,719,339,9,330,1710,85,1625,1014,58,956,10.16284730798332,-1.9325144290422793,-9.458551854231878,-1.1400942292714853,0.3920050224024021,9.577286066683053,7.136993724958318
Architecture and Engineering Occupations,2021,2.238034421942468,74053.99601455554,9.049489258632804,10.40086210712845,11.514128654965234,108507.43209876544,11.624913966918276,111850.0,11.102734715223509,73563.53409490334,11.121363262031055,67600.0,103.70533882231412,147.5016574907636,32886,736,204.0,2386,45,2341,6813,106,6707,1261,27,1234,863,41,822,3453,175,3278,2264,87,2177,10.400802314274172,-1.1673625667726013,-6.459412401108933,-0.16977990398268916,3.0138870106159983,13.581217458922174,5.049268037054568
Architecture and Engineering Occupations,2022,2.4476083826587747,83386.8067348166,9.36419738059302,9.049489258632804,11.687749904750357,124993.61764705883,11.695247021764184,120000.0,11.22562856131578,82694.97077882382,11.258033215341438,77500.0,104.11666340918384,151.15020474626817,43757,1071,335.0,3891,85,3806,9934,164,9770,2033,47,1986,1817,66,1751,6801,331,6470,4676,161,4515,10.686406878987126,-0.9797643775997344,-7.575274561557429,-0.2641572645238267,2.060417476272241,15.748501215288785,4.455441299729687
Architecture and Engineering Occupations,2023,2.0857343640196766,95110.42964384018,-14.784800591588244,9.36419738059302,11.697372827768795,129347.39926739926,11.72399643505017,123500.0,11.36936850122922,94312.65798907477,11.407564949312402,90000.0,102.88498280712876,137.14744343477514,35575,742,-329.0,4300,98,4202,11052,172,10880,2243,43,2200,2535,73,2462,5988,220,5768,4465,127,4338,10.479398422958052,1.1442738370521552,-8.05415566596815,-0.5207016644609166,2.7702647124210595,13.090585553263267,4.662195273976881
Architecture and Engineering Occupations,2024,3.8109970468288568,96428.42141664679,82.71727754843205,-14.784800591588244,11.7221166676415,131753.87096774194,11.691223926667833,119518.5,11.36946535070585,94788.6575992014,11.390757830996021,88500.0,103.10174054854528,138.99750698532097,21333,813,71.0,2528,85,2443,7392,217,7175,1294,47,1247,2127,87,2040,4218,176,4042,2425,86,2339,9.968010448551627,-1.450353538623106,-8.274620026902024,-0.2959402401041554,0.7595865432338533,1.9503607316774945,-0.8205296965250353
"Arts, Design, Entertainment, Sports, and Media Occupations",2018,0.771692745376956,49646.42026496565,,,11.076073888972989,72209.29411764706,11.041320554357519,62400.0,10.66920146448775,49551.92190194629,10.584562151861805,39520.0,103.81352274431694,145.7245074379463,28120,217,,651,2,649,1997,6,1991,332,2,330,159,0,159,1081,15,1066,794,9,785,10.244236345924602,-1.404255790013825,-4.370456507410217,-0.2610095440904476,-0.5698312009461348,3.092064659152486,1.3341478733684222
"Arts, Design, Entertainment, Sports, and Media Occupations",2019,0.734441437959026,49923.23643724696,-4.827220113328079,,11.107514885031392,74835.28571428571,11.195471234184778,72800.0,10.680026403202401,49816.88290302907,10.591421166043187,39792.0,104.00269124522772,150.2207311122941,31044,228,11.0,671,1,670,2763,23,2740,619,29,590,335,8,327,1527,19,1508,1094,11,1083,10.34316083197403,-1.7355987320325739,1.1962343553588008,10.804708422145708,2.4476348581734713,3.439771547248182,1.3101533038202982
"Arts, Design, Entertainment, Sports, and Media Occupations",2020,0.7041551798585046,45927.87064676617,-4.123713142423613,-4.827220113328079,10.905773610685667,59711.48,10.887436932884098,53500.0,10.61248873221174,45870.48676103247,10.487935316172733,35880.0,102.76358247225959,130.1740709905124,30107,212,-16.0,649,6,643,3238,23,3215,477,7,470,385,5,380,1194,29,1165,2889,34,2855,10.312512981839049,0.6793273311937693,0.09474986351601655,1.7297175333794064,1.0873749948719893,9.782272545102828,6.487643860429743
"Arts, Design, Entertainment, Sports, and Media Occupations",2021,0.80956565737264,50846.48193577163,14.9697794647079,-4.123713142423613,11.26713222273374,85101.32,11.380630094356036,87640.0,10.705019879900183,50654.42745010092,10.585750708509568,39567.0,105.25092292344998,168.00371514184485,37551,304,92.0,1412,8,1404,6104,41,6063,783,9,774,891,15,876,3126,53,3073,3044,61,2983,10.533455287996134,-1.137852147753334,-2.7909789273032226,0.8825066095044034,2.5823432618381137,9.183881640767959,12.057090786541623
"Arts, Design, Entertainment, Sports, and Media Occupations",2022,0.8914728682170543,56242.0109255079,10.117426560587518,14.9697794647079,11.161772353191932,80437.35211267606,11.225243392518447,75000.0,10.8099824504684,56085.89776444929,10.684645610418787,43680.0,103.2543059559573,143.41814131334496,41280,368,64.0,1620,17,1603,7428,71,7357,1168,26,1142,1242,19,1223,4836,73,4763,3793,100,3693,10.628133400155445,0.7013993980717892,1.3109792385778167,4.273860332250769,2.173700498206118,8.194895512744214,18.147221608202546
"Arts, Design, Entertainment, Sports, and Media Occupations",2023,1.31430841554658,61904.75669821916,47.43111791783377,10.117426560587518,11.186431125653236,85686.2039800995,11.06741930732488,64050.0,10.887689281946734,61515.024052181005,10.753638481905739,46800.0,102.74384982864872,139.29313253200542,30206,397,29.0,1671,23,1648,6510,72,6438,1670,10,1660,1389,27,1362,3446,79,3367,2914,184,2730,10.315795859126286,0.2649192300974476,-3.4614839583636314,-3.0498962622905714,2.2319176844888116,8.603997930400377,37.189299159307545
"Arts, Design, Entertainment, Sports, and Media Occupations",2024,2.4804177545691903,62777.4247732249,88.72417807183115,47.43111791783377,11.221972080473554,85623.55102040817,11.261248660506585,77750.0,10.897879956337452,62054.95934172314,10.769957589426328,47570.0,102.97390066173038,137.98019034852305,20682,513,116.0,1168,21,1147,4707,89,4618,1580,20,1560,1396,32,1364,2364,65,2299,1861,207,1654,9.937019035744921,-1.5933780606506605,-5.547596493837601,-3.836006795212038,-0.5250371205419477,1.2718841578138407,32.15017314221147
Business and Financial Operations Occupations,2018,1.603266188793915,70842.25523983683,,,11.244834049486691,84001.98095238095,11.26446410567173,78000.0,11.056116693908756,70744.3475519025,11.041320554357519,62400.0,101.7069045199379,118.74020166876488,107281,1720,,5133,95,5038,9507,144,9363,2106,30,2076,638,19,619,5924,179,5745,5482,73,5409,11.583206839314055,0.7506598741651195,-0.49766001053507536,-0.22244935860958154,0.5182603555797012,4.96462587596767,-0.8798654497796161
Business and Financial Operations Occupations,2019,1.6795386022255019,70723.04104242007,4.757314410089575,,11.319754821729514,89425.1038961039,11.33857207782545,84000.0,11.051679077909949,70640.01181964944,11.010398644018933,60500.0,102.42565624580426,126.5927080029581,110447,1855,135.0,4367,66,4301,12962,151,12811,3134,47,3087,1338,35,1303,6969,192,6777,5519,80,5439,11.61229104686779,-0.4027454381036841,-3.6572082469379192,-0.3090581248359297,0.6868882241577265,4.109613094162497,-0.6959877909925305
Business and Financial Operations Occupations,2020,1.6453669105410245,72356.05349835817,-2.0345880493129243,4.757314410089575,11.395954196027603,96951.76237623762,11.42036051357589,91159.0,11.068676784891482,72229.91525337666,11.041320554357519,62400.0,102.95678894141031,134.22660408244803,95541,1572,-283.0,4366,55,4311,16151,127,16024,2651,35,2616,1678,29,1649,6274,187,6087,9681,136,9545,11.467310753709356,-1.0889554367409946,-8.973551777957631,-0.5574337127097053,0.08994967399919666,5.418006133092941,-1.5062056765675291
Business and Financial Operations Occupations,2021,1.9716434151332567,73573.47455305651,19.830014965169497,-2.0345880493129243,11.48498072663356,103897.56435643564,11.504893293272964,99200.0,11.08557121856636,73238.63984548669,11.043433704697215,62532.0,103.60296731843877,141.86167926606888,123146,2428,856.0,7774,181,7593,27671,426,27245,5711,131,5580,4024,159,3865,15122,545,14577,17874,393,17481,11.721125922306598,1.1648295851349397,-5.023823272903128,0.7730441687549182,3.3469230357089397,10.371208234486499,1.705305239411428
Business and Financial Operations Occupations,2022,2.008221289714824,78434.85737304145,1.8551972583285448,19.830014965169497,11.548228883516817,110779.74782608695,11.590812003627299,108100.0,11.157144735201886,77909.7928065272,11.121363262031055,67600.0,103.50523505427891,142.18976053650337,140124,2814,386.0,11531,260,11271,35574,574,35000,8008,167,7841,7421,223,7198,23950,769,23181,25026,614,24412,11.850283023863716,1.031083230496911,-5.091757728725829,0.22417641186371282,2.682509609324083,10.44541020357807,4.040725241733528
Business and Financial Operations Occupations,2023,1.9066472181704521,86575.23106937544,-5.057912296049594,1.8551972583285448,11.606751574428232,118937.6628643853,11.635143097694478,113000.0,11.257652903227363,85897.1103202847,11.227800121300138,75192.0,103.10098982622557,138.4652666671815,95980,1830,-984.0,10256,233,10023,30569,519,30050,7383,175,7208,6868,205,6663,15946,508,15438,18136,502,17634,11.471895115412236,2.086462423350717,-3.556497740786846,1.9069732347811452,4.125181012742717,11.362324392246997,8.702007318863922
Business and Financial Operations Occupations,2024,3.1116955699843842,88187.22143136767,63.20248131535584,-5.057912296049594,11.6607948982178,123830.56740196078,11.692392835307059,119658.0,11.27379109882563,87121.17406443573,11.258033215341438,77500.0,103.43277426377435,142.13601771525072,60835,1893,63.0,6586,172,6414,21923,541,21382,4753,157,4596,5357,197,5160,10576,488,10088,11560,453,11107,11.015920560221549,-1.7957771769262623,-7.697364280657826,0.4962178386148153,1.6523930523945893,8.664056348569973,5.086321125481488
Community and Social Service Occupations,2018,0.2104722792607803,51466.81524842947,,,10.713553884550292,46384.666666666664,10.691944912900398,44000.0,10.752714933215513,51471.17262074879,10.714417768752456,45000.0,99.63580315382256,90.1177577756764,19480,41,,926,6,920,2645,8,2637,620,3,617,450,1,449,780,4,776,669,2,667,9.877143577196525,9.90139259898695,5.946682492700744,4.143041584744774,0.12923479201354082,5.764122665147635,1.446802317192368
Community and Social Service Occupations,2019,0.23767082590612004,53755.295074758134,12.922626552468742,,11.013307697285875,61908.583333333336,11.040917825025723,62375.0,10.783401041280754,53733.72552910053,10.733086795338316,45848.0,102.13204215557778,115.21364417549191,23562,56,15.0,1525,1,1524,4492,10,4482,935,3,932,685,0,685,1217,8,1209,899,3,896,10.067390523806065,-4.697736748064325,-1.2103292776312418,1.3921977367480638,-2.914149578830937,9.142346634901727,1.5453501233727553
Community and Social Service Occupations,2020,0.1101741599220306,53234.720756129514,-53.64422221280562,12.922626552468742,10.470942249153639,36679.666666666664,10.66837383025105,42975.0,10.78415226205503,53244.02134831461,10.73103449857573,45754.0,97.09564548709639,68.88973773546074,23599,26,-30.0,1804,0,1804,5881,5,5876,892,1,891,948,0,948,1401,6,1395,1755,3,1752,10.06895961723459,-7.652823145123658,-5.696053829511599,0.06640582935496658,-4.021550078479617,17.15913577789453,4.10622974785364
Community and Social Service Occupations,2021,0.2025635916849306,55816.66252538526,83.8576230835645,-53.64422221280562,11.076612519346934,75368.45,11.032368087425718,61845.5,10.836001155805922,55769.83750449048,10.768484990022733,47500.0,102.22048115426871,135.14195732403107,30114,61,35.0,2840,2,2838,9584,15,9569,1598,11,1587,1323,2,1321,3236,19,3217,2721,8,2713,10.312745458882988,-6.164628282384181,-7.25025133193653,12.752116070352216,-1.1168793055765416,20.443118796137753,4.087369145111397
Community and Social Service Occupations,2022,0.2526599477836108,59474.95156818576,24.73117487796155,83.8576230835645,10.966070735260631,61295.485714285714,11.002099841204238,60000.0,10.90001729698863,59469.41418267142,10.819778284410283,50000.0,100.60599388489273,103.07060622121679,35621,90,29.0,3947,10,3937,12438,28,12410,2155,6,2149,2071,6,2065,5246,21,5225,3455,17,3438,10.480690630565247,0.030646165007708337,-3.816135518592528,0.6184271012167779,0.8548403741333859,8.627864869175275,9.212831361659145
Community and Social Service Occupations,2023,0.2499247214694369,66636.09633385335,-1.082572183746533,24.73117487796155,11.216607878476944,83289.70731707317,11.260391722198877,77683.0,11.015020283143507,66591.59408199179,10.95399444252939,57182.0,101.83011551637296,125.07540698683621,33210,83,-7.0,4093,6,4087,12723,34,12689,2002,4,1998,2464,11,2453,5426,31,5395,3926,17,3909,10.410606314370792,-5.108452647187295,2.6597530278690162,-1.2120568487613017,5.848176113758624,21.06358843166914,8.681885449244072
Community and Social Service Occupations,2024,0.398528510116493,70009.69962257959,59.45941952974376,-1.082572183746533,11.38856295451289,97517.90909090909,11.362102575235644,86000.0,11.042345958673696,69885.00239017555,10.950806546816688,57000.0,103.13535726135481,139.54053910802782,22834,91,8.0,2802,7,2795,9067,36,9031,1430,2,1428,1827,13,1814,3376,41,3335,2795,17,2778,10.036005932236273,-4.597187976689361,-0.14848186593339197,-4.081052834515438,6.309633733456447,30.391092440953937,6.466571286515885
Computer and Mathematical Occupations,2018,6.381568887303124,91334.12512339586,,,11.61960015752944,120019.51520572451,11.695247021764184,120000.0,11.294346417429203,89951.42847288091,11.379394072345706,87500.0,102.87979249156297,133.42702527721246,137333,8764,,3764,236,3528,9647,663,8984,1744,140,1604,735,95,640,8282,764,7518,6307,245,6062,11.830163912476142,-0.05121750986286852,0.5773512498615574,0.3498649685179179,0.5861927374212135,2.8700368174153548,-1.9194507930339717
Computer and Mathematical Occupations,2019,7.335330372206728,95298.65641623552,14.945564354891205,,11.703155420761371,128171.00845070422,11.767257557740455,128960.0,11.332830236194695,93505.11380926766,11.429543856031177,92000.0,103.26772021506096,137.07379546336716,145215,10652,1888.0,4063,272,3791,13273,877,12396,2718,222,2496,1336,163,1173,9073,982,8091,7087,381,6706,11.88597068182228,-0.2637566704604154,-0.9788462991685163,0.2292224120018952,0.6585184164205211,3.2061290434287106,-1.4067462182258441
Computer and Mathematical Occupations,2020,7.895580414752225,99079.90832403793,7.63769338417617,14.945564354891205,11.719449583773391,129179.28252788103,11.736069016284437,125000.0,11.375375954390902,97285.55248577971,11.50085288373596,98800.0,103.02472314552098,132.78362431745788,121663,9606,-1046.0,3713,259,3454,12124,794,11330,2470,179,2291,1747,202,1545,8142,1104,7038,12632,955,11677,11.709010206456089,-0.38612834845765004,-1.8452583983281132,-0.181076515610119,0.724089789889749,5.212084861982189,-0.47888641917651215
Computer and Mathematical Occupations,2021,9.185663469896062,102094.30147667378,16.339306135536603,7.63769338417617,11.703988666726108,126819.57249712312,11.734467734917464,124800.0,11.409764187639293,100069.11079692729,11.512925464970229,100000.0,102.5787078001626,126.73198701093808,136909,12576,2970.0,6469,572,5897,21437,1774,19663,4654,496,4158,4598,617,3981,17204,2490,14714,26098,2466,23632,11.827071750532761,-0.19456210195107487,-1.7085536105135386,0.5997754654971238,1.704285223714555,7.965270239248539,0.6017571594087112
Computer and Mathematical Occupations,2022,9.670944978523217,108482.98777830134,5.283031652722259,16.339306135536603,11.75919436966629,133827.12774725276,11.78027719771839,130650.0,11.478853458624613,106105.64801571962,11.56171562913966,105000.0,102.44223791210649,126.12629982470507,156448,15130,2554.0,10364,1083,9281,29991,3000,26991,7055,818,6237,8393,1262,7131,28201,3953,24248,37712,4145,33567,11.960478965378373,0.5905065190872736,0.728678207961686,0.9930266817627688,3.294977964366004,8.968434893083355,3.643089375934336
Computer and Mathematical Occupations,2023,8.953112990007686,117023.19805061839,-7.422563049522656,5.283031652722259,11.827889743462869,144750.62691985478,11.837325120357173,138320.0,11.556938217766394,114018.54021666768,11.631206153133324,112556.0,102.34449229191122,126.95358723659098,97575,8736,-6394.0,9343,1078,8265,24268,2457,21811,5771,661,5110,8365,1170,7195,16746,2126,14620,23181,2353,20828,11.488376592048816,3.0363970865186554,3.573845664629274,1.8144136435722893,5.293936623715774,7.879344242807923,3.4898654950448056
Computer and Mathematical Occupations,2024,15.45062910284464,122249.77641277641,72.572703149046,-7.422563049522656,11.883150359247075,153040.03382057897,11.901922380371085,147550.0,11.573586921356462,117015.55267004482,11.648391233610383,114507.0,102.67474068319635,130.7860624750578,58496,9038,302.0,5652,847,4805,16307,2200,14107,3790,657,3133,6732,1163,5569,10568,1868,8700,12014,1839,10175,10.976713654813821,-0.3437716271692065,-4.181522883986285,0.9346395699464077,1.6078320863618587,3.0776064408066155,-0.22558944803672265
Educational Instruction and Library Occupations,2018,0.3893353267302062,48935.17593073593,,,11.16069888779781,75490.11111111111,10.977260551190593,58528.0,10.685999884961232,48893.727020464794,10.635855446249355,41600.0,104.44225161844368,154.39631157492704,32106,125,,1501,3,1498,2579,7,2572,1081,1,1080,179,3,176,1883,20,1863,949,3,946,10.376798207539359,-2.284031143491448,-2.4422751008411243,-2.577005096776211,1.8496732434883212,10.174666208061037,-0.5580063162502736
Educational Instruction and Library Occupations,2019,0.4836140191169777,48576.89352331606,24.215293582157482,,10.765025515256214,50361.692307692305,10.689305067937381,43884.0,10.67167491067778,48573.88296353964,10.635855446249355,41600.0,100.87475120222254,103.68059795733156,35152,170,45.0,2016,2,2014,4311,8,4303,1245,1,1244,344,0,344,2320,32,2288,947,5,942,10.467436794624392,-4.58077599572217,-7.5947293902410316,-2.9678792790914317,-0.9833628723343434,12.283022865540934,0.24836302367267882
Educational Instruction and Library Occupations,2020,0.43859649122807015,47170.55324046033,-9.308565531475754,24.215293582157482,11.084459108850758,74352.44444444444,11.135783483215976,68589.0,10.635790812891722,47111.15369673425,10.584562151861805,39520.0,104.21847612323478,157.82344224272003,32832,144,-26.0,2362,1,2361,5295,9,5286,1187,2,1185,428,0,428,2252,39,2213,1468,13,1455,10.399158928530442,-6.52838962310328,-9.92107195301028,-2.2362946647087614,-1.3093489965736662,20.313264806656875,4.576603034752814
Educational Instruction and Library Occupations,2021,0.5090874488533638,46799.453337576575,16.071938338566948,-9.308565531475754,11.04021904338828,68088.68965517242,11.09816730995047,66050.0,10.645319980813888,46750.21985645933,10.584562151861805,39520.0,103.70960256043145,145.6435710125646,42036,214,70.0,3714,7,3707,8388,17,8371,1452,13,1439,865,4,861,3641,84,3557,1921,30,1891,10.646281672985488,-5.592727880554751,-12.071855934161558,2.633993556134879,-0.18956619442345135,30.747243435351514,9.497147903643254
Educational Instruction and Library Occupations,2022,0.6026803955217782,50435.32841281857,18.384453767072294,16.071938338566948,11.034610938653852,70109.58139534884,10.89209894598991,53750.0,10.73008144441968,50381.81504206465,10.679066891449532,43437.0,102.83809117210892,139.15652172676417,48948,295,81.0,4108,7,4101,10875,29,10846,1638,4,1634,1273,5,1268,6048,111,5937,1774,26,1748,10.79851378910556,-6.056198043077107,-12.462053135190853,-2.0025451772444574,-0.9112960790823428,25.424376778201356,5.2207695660065205
Educational Instruction and Library Occupations,2023,0.7232144920169136,56405.61741316805,19.99967103472504,18.384453767072294,11.3046650424772,90550.02380952382,11.324778099566036,82850.0,10.832728882929349,56237.08232459748,10.79400909062112,48728.0,104.35657685748554,161.01479676145686,43279,313,18.0,3656,20,3636,10276,51,10225,2108,8,2100,1179,10,1169,5575,118,5457,1297,45,1252,10.675422807892987,-2.072728878871309,-7.503956988652444,-2.3316749896158324,0.4741322323513396,24.998940391087153,11.463064858921811
Educational Instruction and Library Occupations,2024,1.0425045850896102,57416.82593466295,44.14874101627233,19.99967103472504,11.268734614715301,88427.35294117648,11.350406535472453,85000.0,10.855308079398474,57150.76589762077,10.81817700304331,49920.0,103.8085195951411,154.7264530095436,31079,324,11.0,2813,15,2798,7763,51,7712,1556,7,1549,1001,13,988,3701,100,3601,1047,53,994,10.34428762893178,-4.468078060176907,-9.33485672308628,-2.8760855908203222,0.79985990434156,19.15553227318252,13.126029893764137
Healthcare Practitioners and Technical Occupations,2018,0.1100827068758238,79583.5184609693,,,11.146745881859733,100023.66666666667,11.008528513462181,60387.0,11.149360756684805,79556.258872342,11.181082496732678,71760.0,99.9765468632495,125.72696112717819,138078,152,,7184,3,7181,13286,8,13278,2599,1,2598,617,5,612,3485,4,3481,2746,6,2740,11.83557402185546,-3.232730823622431,-4.363743487163598,-1.2257240152423459,2.8457574885693853,0.10776182804356563,1.96079591115602
Healthcare Practitioners and Technical Occupations,2019,0.0946397501510596,89738.28781114718,-14.028503806855209,,10.994743003979565,63518.181818181816,10.981505900902489,58777.0,11.240824167349098,89757.81134502133,11.265002422291795,78042.0,97.8108263263799,70.7661883309781,137363,130,-22.0,8732,3,8729,17553,16,17537,3114,4,3110,848,2,846,7584,4,7580,3475,3,3472,11.830382335752194,-4.053022680685123,-0.4713039978610195,0.8107043102998889,0.9219917389235267,-2.4465297369045005,-0.22231140861499432
Healthcare Practitioners and Technical Occupations,2020,0.09683706700878318,90448.56099674973,2.321769504057558,-14.028503806855209,10.902202176614894,59655.833333333336,10.675136607500907,43300.0,11.223352199517342,90458.57272136123,11.225243392518447,75000.0,97.13855524451725,65.94823634581401,162128,157,27.0,10680,2,10678,25048,13,25035,4432,0,4432,1518,0,1518,9381,21,9360,3226,6,3220,11.9961414256881,-5.3186528200947505,-7.17621582569216,-2.7362922992387526,-0.9372048082681469,7.596983921828894,1.8336458515987388
Healthcare Practitioners and Technical Occupations,2021,0.10197070659701395,93767.45644927993,5.301316682552093,2.321769504057558,11.27775599161716,107464.88888888889,11.106640020478162,66612.0,11.281217184548167,93755.81740361919,11.269642979815131,78405.0,99.96931897618506,114.62210224913521,183386,187,30.0,21653,9,21644,42856,24,42832,6601,9,6592,3991,2,3989,16507,33,16474,4683,28,4655,12.119348500012908,-7.001640745242608,-10.545815685132204,1.2145613082620508,-1.1078949155929412,8.654651659734851,12.432309297627404
Healthcare Practitioners and Technical Occupations,2022,0.1039077194228518,105492.4137377444,1.8995777223481447,5.301316682552093,11.252347327583834,88195.90322580645,11.214334784375845,74199.5,11.418265565482141,105512.93350682153,11.412884110790001,90480.0,98.54690507111795,83.58776530471924,228087,237,50.0,29835,18,29817,59746,44,59702,9339,6,9333,7055,7,7048,24506,64,24442,6692,23,6669,12.337482414101213,-5.491304239131341,-7.636925247845156,-1.564470296080866,-0.139676613805996,16.27698658066738,6.777715741257712
Healthcare Practitioners and Technical Occupations,2023,0.09739732698447054,103490.03733006894,-6.265552236679605,1.8995777223481447,11.406811325960414,103112.0,11.285822428528775,79684.5,11.436386746425192,103490.47625620848,11.461632170582678,95000.0,99.74139191756501,99.63428880617818,221772,216,-21.0,34378,21,34357,69352,62,69290,10055,11,10044,12445,11,12434,26745,46,26699,5790,21,5769,12.309405106073756,-5.784918184717784,-2.5705565284723617,0.5592014860551935,-0.5195325586107149,9.245618363854836,7.118365860850831
Healthcare Practitioners and Technical Occupations,2024,0.24460228609059692,103488.10988035813,151.13860273557341,-6.265552236679605,11.548854178743861,116585.89108910892,11.50085288373596,98800.0,11.44498533144362,103467.11318328996,11.490270774405422,97760.0,100.90754897706049,112.67917650565866,148813,364,148.0,22185,20,22165,50999,78,50921,9392,14,9378,8784,12,8772,16571,61,16510,4193,39,4154,11.910445763156375,-9.436548268066163,-12.873444752069737,-2.471167254021972,-2.612396798278818,5.636577078789555,7.916018295845712
Legal Occupations,2018,0.33831406822667043,67855.9034965035,,,11.84939770159144,140000.0,11.84939770159144,140000.0,10.985361217194443,67805.4177746676,10.915088464214607,55000.0,107.8653443188067,206.47317662026796,7094,24,,165,2,163,639,0,639,161,0,161,68,0,68,312,2,310,235,0,235,8.867004635333567,6.027817067421028,-9.038189533239038,-2.277227722772277,-0.9618104667609617,3.948609146628948,-3.3239038189533243
Legal Occupations,2019,0.628930817610063,67596.46234676008,85.9014675052411,,,,,,10.995606817474139,67596.46234676008,10.925542718482083,55578.0,,,7950,50,26.0,205,1,204,1203,3,1200,209,0,209,144,1,143,368,4,364,344,1,343,8.980927207648378,-0.5822784810126581,-9.18987341772152,-2.6455696202531644,0.18987341772151894,3.3924050632911396,-2.341772151898734
Legal Occupations,2020,0.45466026774437995,66276.44377041531,-27.7090174286436,85.9014675052411,11.090110718526951,65520.0,11.090110718526951,65520.0,10.957157280859915,66276.7969187675,10.858998997563564,52000.0,101.21339353136128,98.85812689515598,7918,36,-14.0,203,2,201,1843,2,1841,210,1,209,186,1,185,415,4,411,743,1,742,8.976893927666076,3.0054413713383514,-17.801460430234854,0.12616651160168024,0.4306577574783612,5.896698525472948,-6.636076573909612
Legal Occupations,2021,0.7629049836520361,70749.74437443745,67.79671279324502,-27.7090174286436,11.175954630986421,82715.625,11.04276181011903,63000.0,11.029552751615883,70720.95428571428,10.941995917134532,56500.0,101.3273600722304,116.96056117374629,10093,77,41.0,362,1,361,3046,12,3034,326,2,324,431,2,429,937,17,920,1428,9,1419,9.219597393238859,-2.305531928135762,-14.707117961910294,-0.6374216837475619,-1.6857443674536323,12.89261856354508,-2.4790205800589202
Legal Occupations,2022,0.6764786543559741,77820.61583151779,-11.328583656950041,67.79671279324502,11.476388960518342,113616.66666666667,11.567632857963162,107500.0,11.128639943282222,77716.33017722749,11.05089000537367,63000.0,103.12481146850328,146.1940706767427,10939,74,-3.0,416,4,412,3834,20,3814,450,6,444,548,7,541,1229,28,1201,1836,20,1816,9.30008966411979,1.6134127684979043,-8.076516461238043,4.021591771246627,4.480168157112474,26.783995223940003,10.312807054638625
Legal Occupations,2023,0.9269036724158161,94969.53801421495,37.01890908860286,-11.328583656950041,11.675950344826125,136067.03125,11.848468905790241,140075.0,11.315343181869924,94684.3244415528,11.287341438116659,79805.0,103.18688666494876,143.7059746188421,8523,79,5.0,496,12,484,3570,23,3547,463,5,458,660,12,648,996,17,979,1737,17,1720,9.050523670522297,9.45799279242545,-12.892234168220712,0.905144241435759,7.515785307820997,9.924956076968742,1.149494210554719
Legal Occupations,2024,1.287793952967525,102604.89109605047,38.935036216990085,37.01890908860286,11.945821650351506,174142.125,12.14076795545526,187357.5,11.381963569700785,101656.25621596022,11.350406535472453,85000.0,104.95396138985835,171.30487732112582,7144,92,13.0,352,10,342,3304,35,3269,378,11,367,604,13,591,835,30,805,1647,32,1615,8.874028122556336,6.019877185627266,-8.312165528126464,6.752324348319318,5.7498335347357505,21.193494290857977,11.88130410121088
"Life, Physical, and Social Science Occupations",2018,1.4942845338107698,66419.54315789473,,,11.285774218641015,85615.28571428571,11.24860829482318,76773.0,10.989047600667206,66248.29821580289,10.972327682870567,58240.0,102.70020322740064,129.23393961818482,14522,217,,469,9,460,1446,10,1436,438,3,435,72,0,72,716,15,701,726,8,718,9.583420019940192,0.9318065772497455,-5.430153164196077,-1.6584063127680855,-0.5033205173016428,2.012057915362648,-1.3325881028353657
"Life, Physical, and Social Science Occupations",2019,1.7539161869058777,65865.65227447957,17.37498095044774,,11.413970458960977,97360.78571428571,11.507198614612452,100084.0,10.98600106202907,65694.74844961241,10.981471782946562,58775.0,103.89558852684895,148.2017786991924,14938,262,45.0,642,5,637,1990,6,1984,573,4,569,114,1,113,878,23,855,829,10,819,9.611663580917012,-2.432022786332362,-11.228593601434756,-2.3503606656971243,-0.3882851786892033,2.9527878511731247,-1.763745763452404
"Life, Physical, and Social Science Occupations",2020,1.6353335050218902,65883.57476099426,-6.76102329001147,17.37498095044774,11.233032485643118,83268.42105263157,11.247930743883217,76721.0,10.967214732737245,65756.33590138674,10.933356938472494,56014.0,102.42374895890754,126.63178370751574,15532,254,-8.0,739,12,727,2625,23,2602,582,10,572,209,8,201,1042,37,1005,970,17,953,9.650657690851558,-0.034066791526697615,-7.975906893036458,0.19306233140545873,1.833989071826815,7.988842996929349,0.455185934589699
"Life, Physical, and Social Science Occupations",2021,2.008346374543558,70077.4857142857,22.809590115789536,-6.76102329001147,11.353180125455827,91265.21621621621,11.307130551990632,81400.0,11.042370471767944,69879.16898558057,11.024513436041138,61360.0,102.81470047108571,130.6043239224104,19170,385,131.0,1356,28,1328,3998,36,3962,867,24,843,447,15,432,2112,92,2020,1506,26,1480,9.86110183603969,0.203256950661794,-11.740646896356239,1.746143130226175,1.5963966829018732,13.142843315853698,-1.1253798105009176
"Life, Physical, and Social Science Occupations",2022,2.3822857881359583,74674.64924085577,18.619268983289118,22.809590115789536,11.39899049624371,97316.61842105263,11.427487441346205,91820.5,11.112455478580848,74373.81188811189,11.09094217912223,65574.5,102.57850317794438,130.8479637529618,23213,553,168.0,2003,45,1958,5578,79,5499,1330,23,1307,847,47,800,3293,152,3141,2351,94,2257,10.052467745547446,-0.5033445109640267,-9.9817173118144,-1.608740896561961,4.968645708476113,13.625007780716276,7.037909245725395
"Life, Physical, and Social Science Occupations",2023,2.0855642241599104,85766.94513013147,-12.455330315688972,18.619268983289118,11.640892916365372,127096.8417266187,11.67419361256635,117500.0,11.242149554841257,84981.5923444976,11.23114593817106,75444.0,103.54686049655338,149.55808454540917,19611,409,-144.0,2107,52,2055,5739,93,5646,1337,29,1308,1238,24,1214,3393,123,3270,2148,56,2092,9.883845912280838,2.0119262230477735,-6.664800859934871,0.27867410918127056,-0.454287437968081,13.043873537011857,2.7972330714328084
"Life, Physical, and Social Science Occupations",2024,2.2779369627507164,90650.22107166339,9.224014123482394,-12.455330315688972,11.573275549361002,117293.53703703704,11.55214617812351,104000.0,11.297416221088746,89921.37656197231,11.290781413989102,80080.0,102.4417913164721,130.44010392367636,13960,318,-91.0,1507,21,1486,4361,77,4284,959,19,940,958,31,927,2372,95,2277,1652,59,1593,9.543951376316363,-4.289057378296217,-7.1891836070440975,-0.9156424987944181,2.9532363520352893,13.183112824896106,6.876285684516646
Management Occupations,2018,1.2369416636826454,77884.46380189367,,,11.493231918933407,117477.48051948052,11.407564949312402,90000.0,11.108547145800499,77661.16765546033,11.131767529326275,68307.0,103.46296206050974,151.2692688843711,128462,1589,,5343,39,5304,13928,119,13809,2621,19,2602,816,13,803,7744,125,7619,4146,74,4072,11.763388419739318,-1.726184691254586,-3.395125674774639,-0.8551491884247095,0.1852082257229851,1.8613649402091592,1.4475082704990094
Management Occupations,2019,1.4605370524251202,76175.08981820363,18.076469999141477,,11.489869568680074,108740.10606060606,11.579895369575786,106944.0,11.090164999879567,76045.62225167158,11.082142548877775,65000.0,103.604135455197,142.9932491060862,133581,1951,362.0,5653,44,5609,20208,134,20074,3575,38,3537,1860,40,1820,10123,260,9863,5074,92,4982,11.802463314402226,-2.0059329435330295,-8.38205019404803,-0.7393582955625619,0.6675671243965335,5.833526504581418,0.9306790195542523
Management Occupations,2020,1.4550988855247053,75122.88330855808,-0.37234022179616355,18.076469999141477,11.570566299171254,118100.02150537634,11.657025808943985,115500.0,11.069445269684634,74909.6370911807,11.05089000537367,63000.0,104.52706542448895,157.6566461824183,124184,1807,-144.0,6224,41,6183,25895,168,25727,3556,44,3512,2333,53,2280,10210,382,9828,7298,170,7128,11.729519615706279,-2.7834659133635413,-11.725563558868155,-0.43484521252625874,1.069942995381211,13.109090225099765,3.583234420634334
Management Occupations,2021,1.7102657821220695,77311.18372438184,17.53605195741399,-0.37234022179616355,11.67788339568449,129617.77454545455,11.709314278975619,121700.0,11.103767832616196,76852.967858053,11.07412588562486,64481.0,105.17045719725773,168.65682374798828,167167,2859,1052.0,11336,122,11214,44893,409,44484,7408,134,7274,5738,153,5585,20891,837,20054,14237,471,13766,12.026748591731975,-2.5577609162219446,-12.767843511937071,0.25990184550307854,1.9524173894899763,17.070843662406492,8.096123879241864
Management Occupations,2022,1.8131633524460167,85001.61626940445,6.016466645100826,17.53605195741399,11.726481901940154,134618.80855018587,11.788236238197499,131694.0,11.20560860756864,84394.58842524161,11.191341840842766,72500.0,104.64832667830018,159.5111855654511,196728,3567,708.0,16104,165,15939,57649,672,56977,10188,203,9985,9756,238,9518,32156,1219,30937,22158,849,21309,12.189577343000977,-3.6259297963848574,-10.65779441544401,0.5217939641151109,1.7447779032789927,18.158203189520663,12.769783869597507
Management Occupations,2023,1.4446196423781266,96810.41707802123,-20.32600700707482,6.016466645100826,11.834948645717681,153326.4007670182,11.899887101513833,147250.0,11.331070773534933,95744.00059701492,11.3290026268093,83200.0,104.44686898752424,160.14204525708797,152843,2208,-1359.0,16816,272,16544,56339,715,55624,10264,176,10088,11174,288,10886,25523,735,24788,17272,514,16758,11.93716652973774,1.3360012661376028,-4.54409876210034,1.2740317198256843,5.81673812743444,16.83237248546371,12.154080936595467
Management Occupations,2024,2.314767709244826,99961.31168063982,60.233714213816555,-20.32600700707482,11.865393377935343,156238.46988973705,11.960491749097029,156450.0,11.352877205063864,98412.29058691693,11.350406535472453,85000.0,104.51441659778436,158.75910311400438,98282,2275,67.0,11921,318,11603,40963,746,40217,7215,169,7046,8905,311,8594,17259,745,16514,11089,525,10564,11.495596176448407,1.892444884685035,-9.098445088195833,0.0895232341689367,4.718899045479398,15.546423641041743,12.073558738906058
Office and Administrative Support Occupations,2018,0.22097047235247413,37675.25654940724,,,10.820239024893777,63337.25581395349,10.714417768752456,45000.0,10.468416079418093,37639.561849000456,10.412711894935144,33280.0,103.36080399180352,168.27309538842428,133502,295,,4263,8,4255,13718,38,13680,2823,7,2816,554,4,550,5718,23,5695,2739,20,2719,11.801871737983632,-0.48241217027710054,2.611625362488584,0.2588783380727818,0.9430409889641621,3.5213093219384692,4.73847699508844
Office and Administrative Support Occupations,2019,0.2639448523733977,39068.20909090909,19.448019259502836,,10.709045928949362,51406.34782608696,10.635855446249355,41600.0,10.505032259881618,39053.61675322672,10.448714603019452,34500.0,101.94205656889666,131.63018460214602,142454,376,81.0,5521,20,5501,21402,51,21351,3573,12,3561,1487,5,1482,6637,40,6597,3864,18,3846,11.866774419559897,1.4473320468558926,-1.4638310751091788,0.6851196211370856,0.2866982265959394,5.99507372785641,2.08027026209457
Office and Administrative Support Occupations,2020,0.2265022538464404,38843.49513875047,-14.18576577276377,19.448019259502836,10.814968817772796,57183.5625,10.755060957971853,46880.0,10.501854401866957,38823.97794036138,10.443483553601899,34320.0,102.98151549168473,147.28929268361244,134215,304,-72.0,6128,4,6124,29483,40,29443,3837,11,3826,1834,7,1827,5791,47,5744,7680,21,7659,11.807198270745959,-3.257397195073397,-8.829096623090985,0.761299531621356,0.9382925776704008,11.171110211063201,1.1884243423263454
Office and Administrative Support Occupations,2021,0.2961420085293553,40699.9329697796,30.74572261436652,-14.18576577276377,10.796453665156038,56010.84042553192,10.696410859123883,44200.0,10.553400260190802,40676.538540312096,10.502324053624832,36400.0,102.30308146164109,137.69814845484677,171877,509,205.0,10937,19,10918,49094,114,48980,6738,21,6717,4217,35,4182,12225,88,12137,12926,106,12820,12.054534383698908,-2.63827501958354,-6.184908975631112,0.20610180102536083,4.435865636506563,10.20638245028633,13.344170736004523
Office and Administrative Support Occupations,2022,0.3945330543705676,43958.58192098401,33.22427855805512,30.74572261436652,11.016506296056216,72825.87244897959,10.824753449836868,50250.0,10.628710334850247,43878.18078212925,10.58035290052179,39354.0,103.64857023090028,165.9728620258572,184015,726,217.0,13763,33,13730,57721,138,57583,8011,24,7987,6646,45,6601,18572,160,18412,15885,180,15705,12.122772555007536,-2.9454478000217237,-12.40824171050108,-1.0518140772944538,2.596930764940649,11.993229256775798,16.224952789860968
Office and Administrative Support Occupations,2023,0.3744658354993612,47516.952086919446,-5.086321323119902,33.22427855805512,11.050018291683019,73117.79203539823,10.823643307441237,50194.0,10.69912287892698,47425.255337020775,10.635855446249355,41600.0,103.27966522795214,154.17479888257245,136194,510,-216.0,12475,54,12421,50662,143,50519,7938,20,7918,7743,55,7688,15663,112,15551,11715,170,11545,11.821835618863757,1.433876637238428,-9.19361943061473,-1.9140494262620587,5.118207183819845,10.499595079917524,24.824592435364522
Office and Administrative Support Occupations,2024,0.6016050544115769,49683.742212674544,60.65686035398099,-5.086321323119902,11.240620616563811,89469.6907630522,11.095332106062079,65863.0,10.735286590716198,49469.77920563271,10.660548058839726,42640.0,104.70722436310757,180.85726720378216,86103,518,8.0,8154,41,8113,35543,169,35374,5588,32,5556,6183,64,6119,10360,122,10238,7394,149,7245,11.363299533014386,-1.5644069444384927,-8.706526488263938,-0.3141856083376207,5.205595015725296,11.589746967441657,20.29921031790518
Personal Care and Service Occupations,2018,0.02519526329050139,35540.31329751511,,,10.5095779005279,36665.0,10.5095779005279,36665.0,10.386379830684312,35539.93550554249,10.348173373797573,31200.0,101.18615024533982,103.1656345979639,19845,5,,323,0,323,1244,0,1244,336,0,336,46,0,46,705,0,705,247,0,247,9.895707365217167,-1.6280241935483872,-6.27016129032258,-1.6935483870967745,-0.2318548387096774,-3.553427419354839,-1.2449596774193548
Personal Care and Service Occupations,2019,0.0403368123834014,35795.68028689415,60.096808349720135,,10.226512637259905,27626.0,10.226512637259905,27626.0,10.408426918240062,35797.45630434783,10.348173373797573,31200.0,98.25224039704439,77.17308114052966,19833,8,3.0,436,0,436,1846,3,1843,375,0,375,131,0,131,812,0,812,244,0,244,9.895102496001687,-2.1992433795712483,28.203656998738968,-1.8915510718789406,-0.6607818411097099,-4.095838587641866,-1.2307692307692308
Personal Care and Service Occupations,2020,0.07326007326007326,36736.383257690366,81.62087912087914,60.096808349720135,,,,,10.42167360001662,36736.383257690366,10.348173373797573,31200.0,,,19110,14,6.0,590,0,590,2634,0,2634,415,0,415,237,0,237,604,2,602,436,1,435,9.857967037234319,-3.08965228320067,-13.793464599916213,-2.173229995810641,-1.241097612065354,11.133221617092584,4.864893171344783
Personal Care and Service Occupations,2021,0.11711184180892753,41290.41459491079,59.857664069186065,81.62087912087914,10.740767001869697,50686.166666666664,10.610208799055581,40560.0,10.52721973562089,41282.16305620609,10.443483553601899,34320.0,102.02852483002924,122.77982284420739,22201,26,12.0,1068,1,1067,4493,3,4490,493,1,492,348,0,348,1113,1,1112,393,4,389,10.007892611890918,-0.9655710692914752,-8.709565519035642,1.627439077269968,-1.5693348365276212,-1.168502298152805,13.630387650680776
Personal Care and Service Occupations,2022,0.11966971159599504,44119.67762045647,2.1841256593340796,59.857664069186065,10.697918851442212,46535.333333333336,10.708176107828981,44720.0,10.607419293271708,44117.378212585936,10.530494930591528,37440.0,100.85317225300886,105.48073167244014,25069,30,4.0,1363,1,1362,6299,6,6293,762,0,762,509,1,508,1508,5,1503,747,2,745,10.129387302044055,-2.1061810242688073,-5.132792843164663,-3.0432525260593475,1.304498315960435,10.664030778651968,3.6913082258343652
Personal Care and Service Occupations,2023,0.12754451303504924,47183.23112944587,6.580446575854992,2.1841256593340796,10.99073670140188,65017.26666666667,10.95430917736789,57200.0,10.679305083720124,47153.355036855035,10.610537638265065,40560.0,102.91621613241963,137.88470961578284,19601,25,-5.0,1303,1,1302,5629,5,5624,814,0,814,486,1,485,1376,6,1370,399,1,398,9.883335864325275,-2.65100122599101,-8.729055986922763,-4.158152840212505,1.5224765018389868,17.001634654679197,1.9668982427462198
Personal Care and Service Occupations,2024,0.13093037584719655,48528.56243669512,2.6546518792359697,6.580446575854992,10.888161284009406,56230.22222222222,10.990027259969969,59280.0,10.704762183517085,48518.5197044335,10.635855446249355,41600.0,101.71324778027031,115.89434831228796,12984,17,-8.0,816,2,814,4309,5,4304,688,2,686,411,0,411,1031,1,1030,239,1,238,9.471473109194427,5.487232295555687,-3.7801840872077994,6.4743534492535355,-3.169584329451685,-2.0608875924859036,4.046924546019534
Production Occupations,2018,0.23921132750205384,37219.90328580285,,,10.863973408708688,67362.76470588235,10.557893904779643,38480.0,10.442906004954224,37166.86233309181,10.348173373797573,31200.0,104.03209033534063,181.24415265989612,41386,99,,1238,6,1232,4320,11,4309,676,2,674,84,0,84,1217,9,1208,263,1,262,10.630697938371775,3.0766159426512565,0.6744119079721084,0.3877269069702524,-0.20345387167873666,6.165048650576783,0.37551869605542687
Production Occupations,2019,0.25062040836384186,37149.45271229764,4.769456773191494,,10.881646816122771,63248.07142857143,10.723861920913743,45427.0,10.45227287555092,37114.81619110816,10.380963196620565,32240.0,104.10794805765364,170.41192148952143,40699,102,3.0,1796,11,1785,5830,10,5820,1092,2,1090,246,1,245,1341,7,1334,404,3,401,10.613958801104268,6.387437108991441,-4.532113113738241,-0.7241431439684282,0.37689928793154326,3.5767880076138154,1.9534187545008395
Production Occupations,2020,0.2126802185009403,37012.57702366524,-15.138507717943439,4.769456773191494,11.001996603631321,71130.125,11.037177367816934,62142.0,10.457880728519228,36977.720962901476,10.397543345426145,32779.0,105.20292676152118,192.35940763186164,44668,95,-7.0,2241,8,2233,9004,12,8992,1162,4,1158,448,0,448,1535,4,1531,791,5,786,10.707012640565683,3.4112933602712046,-7.542068776590027,1.6125409883490947,-1.0050927691651896,0.7757115175932562,3.499758527406844
Production Occupations,2021,0.26629811905885525,39995.59900135331,25.210572443378364,-15.138507717943439,10.861985899729223,58802.96875,10.673887270178586,43238.0,10.541118471382598,39967.47188858251,10.47333651675158,35360.0,103.04395998600839,147.1270660148965,59332,158,63.0,3855,20,3835,15338,26,15312,1993,6,1987,1071,6,1065,3180,27,3153,1346,18,1328,10.990904068443504,6.177340972108432,-9.420533222553695,0.4395746849133624,1.9976914253736995,11.760253926095663,9.14817617898384
Production Occupations,2022,0.33254233457633137,44193.80358969986,24.875960728372746,25.210572443378364,11.054342578187342,72405.61904761905,11.041320554357519,62400.0,10.639843379607548,44117.82597358184,10.584562151861805,39520.0,103.89572650452945,164.11873760727963,61947,206,48.0,5514,28,5486,18149,34,18115,2700,7,2693,1906,12,1894,4846,51,4795,1609,26,1583,11.034034459734583,4.706727429948125,-12.835454340029592,-0.9637110742763029,2.757589133308687,16.990967434741087,10.057422779122872
Production Occupations,2023,0.3118121790168745,48605.03480194201,-6.233839545833364,24.875960728372746,11.125925497851904,76314.6129032258,11.141861783579396,69000.0,10.726004015157937,48526.86244710379,10.648942512719419,42148.0,103.72852258985546,157.26261508543183,49068,153,-53.0,5234,31,5203,16876,48,16828,2604,7,2597,2244,17,2227,4563,33,4530,1469,22,1447,10.800962370152643,9.624618936811155,-3.029985990102879,-0.7340464551352587,6.558315445159971,12.307664556162852,11.420892183920484
Production Occupations,2024,0.46793112053905667,50788.201562121576,50.06826289287864,-6.233839545833364,11.374219444194056,102378.43939393939,11.36277275866355,86144.0,10.766225131740462,50581.213373860184,10.691944912900398,44000.0,105.64723758804871,202.40407962780793,32056,150,-3.0,3373,24,3349,12031,45,11986,1771,11,1760,1764,13,1751,3184,39,3145,948,15,933,10.375239652315981,5.5035416536074715,-7.566601893060865,1.8171294845274661,3.178670678451284,16.14291982699179,7.075785118786436
Sales and Related Occupations,2018,0.3122590010736266,57967.375714660375,,,11.50522342223932,120223.11538461539,11.64121462867045,113750.0,10.776725989252279,57882.35815956721,10.703244468154331,44500.0,106.75991422361093,207.70251801626722,132262,413,,6433,13,6420,15204,44,15160,2953,3,2950,1124,2,1122,6823,29,6794,4572,32,4540,11.792540082844248,-1.7215066828318553,-0.8442484750834909,-1.5110156921198854,-0.36671196085580093,1.8689275061645554,4.304851115821704
Sales and Related Occupations,2019,0.316091352494191,60283.98081673614,1.227298943309174,,11.308258534106166,96212.41379310345,11.407564949312402,90000.0,10.820036594207144,60243.719425016425,10.731165626053679,45760.0,104.51220229846918,159.7053015839372,143313,453,40.0,7545,10,7535,21118,53,21065,3474,15,3459,1716,8,1708,9235,69,9166,5065,40,5025,11.872786328473373,-3.0668889933459607,-3.0454258464499575,0.8900067031771951,0.5704283265328072,8.815716400903769,5.3125924236482165
Sales and Related Occupations,2020,0.35162554761355774,59298.38445469851,11.241748576471977,1.227298943309174,11.267540681456495,91823.88679245283,11.258033215341438,77500.0,10.803902534845676,59244.54942069267,10.714417768752456,45000.0,104.29139512426602,154.99128221976315,138784,488,35.0,7052,8,7044,25553,46,25507,3560,9,3551,2206,7,2199,10717,64,10653,9452,79,9373,11.840674046635092,-3.4540785409674855,-9.017543269034725,-0.723418621213515,-0.15564145140809868,5.41171134947421,9.41103283335246
Sales and Related Occupations,2021,0.42663768278894865,57721.234419389206,21.33295936102757,11.241748576471977,11.17035413780783,80184.82407407407,11.225243392518447,75000.0,10.791384628436967,57667.25943312272,10.684645610418787,43680.0,103.51177835300412,139.04739857989122,160089,683,195.0,12704,28,12676,43488,106,43382,5760,22,5738,6093,38,6055,17387,126,17261,11710,144,11566,11.983485189566279,-3.8524611198870824,-11.695019149514973,-0.37853011001733394,1.76521275939708,7.61969826891559,13.827768607059127
Sales and Related Occupations,2022,0.428394384994876,55688.141332418694,0.41175505043147265,21.33295936102757,11.440473771301832,104909.29166666667,11.512925464970229,100000.0,10.776960706448186,55544.720740590856,10.645424897265505,42000.0,106.15677353687154,188.87356038141223,167836,719,36.0,14018,35,13983,49571,137,49434,7265,33,7232,8377,68,8309,22479,164,22315,11350,161,11189,12.03074259112497,-3.4993198031214514,-10.52623155765805,0.26220085179636043,4.485614223636163,9.45653717091745,15.696902130388057
Sales and Related Occupations,2023,0.3163389792039039,57619.80413299012,-26.157066879462565,0.41175505043147265,11.486997198251316,112842.07653061225,11.512925464970229,100000.0,10.818642360160982,57424.281156854595,10.705107899426679,44583.0,106.1778069358454,196.50585824902848,140988,446,-273.0,15292,44,15248,50541,138,50403,8844,30,8814,11231,64,11167,21923,104,21819,8815,102,8713,11.856430059355572,-0.9839549424065064,-4.9215966144649625,0.4550225255422105,6.404108297454194,7.793489177995275,16.6703849217185
Sales and Related Occupations,2024,0.5816157436991628,59991.09108448872,83.85838670999452,-26.157066879462565,11.570633345082621,120795.22177419355,11.74775479046902,126469.5,10.851660117896873,59650.89741912196,10.731165626053679,45760.0,106.62546761854435,202.50361184921735,92329,537,91.0,10788,46,10742,38621,186,38435,6992,42,6950,10180,101,10079,15706,167,15539,5917,119,5798,11.43311356399211,-3.1364368766369695,-7.234969174904054,0.2497631273230813,7.827933950906413,14.170205961563493,15.843694382798578
Transportation and Material Moving Occupations,2018,0.056869617696896545,50112.049151356725,,,10.63129197671986,50604.6,10.242812858139747,28080.0,10.700627241017543,50111.958462218296,10.666627104916108,42900.0,99.3520448592779,100.98308178905665,86162,49,,5150,4,5146,18857,4,18853,2923,1,2922,171,1,170,1136,3,1133,312,0,312,11.363984524188531,2.1873963896986792,-13.730060904786473,-1.352399564217591,1.843401302085987,4.806735904910894,-0.36231463309837075
Transportation and Material Moving Occupations,2019,0.043373628833669124,44120.40879715647,-23.73145698843675,,10.369438473523555,35218.8,10.185654444299798,26520.0,10.589543794148739,44122.20688401406,10.47333651675158,35360.0,97.92148439154855,79.8210300146164,71472,31,-18.0,3496,1,3495,15113,1,15112,2348,0,2348,437,1,436,1581,4,1577,353,1,352,11.1770610435919,-1.6663423145017933,-17.92731290561894,-3.286628126705953,2.6155126427356477,10.695809896819888,2.7330921838954856
Transportation and Material Moving Occupations,2020,0.04435719813511014,42747.1525313204,2.2676666165352355,-23.73145698843675,10.507092932452496,42792.181818181816,10.348173373797573,31200.0,10.57200619868736,42747.142741377604,10.443483553601899,34320.0,99.38598913947928,100.10536160762065,105958,47,16.0,5425,2,5423,30032,8,30024,7066,0,7066,1473,1,1472,2174,2,2172,650,2,648,11.570798068160682,-0.8650177376950576,-11.327053606028507,-6.671639395341372,0.7378133828543717,2.2045406651148487,3.643484684149698
Transportation and Material Moving Occupations,2021,0.06085536451593024,46877.97712177122,37.19388751870076,2.2676666165352355,10.762588781603997,51940.61111111111,10.584475579270471,39520.0,10.66301887019791,46876.4821759601,10.530494930591528,37440.0,100.93378725685626,110.80313346923474,129816,79,32.0,9686,3,9683,47659,13,47646,10334,2,10332,5067,0,5067,6820,31,6789,1016,2,1014,11.773873342219373,-3.666092541844391,-20.26937066351274,-5.432158125547663,-3.905593624023987,34.007612089228616,1.7500643707332741
Transportation and Material Moving Occupations,2022,0.08403521839607327,48768.269575012804,38.09007482664111,37.19388751870076,10.622846904468926,44434.416666666664,10.530494930591528,37440.0,10.708843829222843,48770.40093440708,10.584562151861805,39520.0,99.19695416120231,91.10939384408174,104718,88,9.0,8964,6,8958,39112,20,39092,5624,3,5621,6817,10,6807,9922,22,9900,1036,9,1027,11.559026301852892,-1.7434161938606183,-14.634860504114064,-1.963173259885484,4.857854083219657,15.538086590843925,9.245718679676436
Transportation and Material Moving Occupations,2023,0.07182808360317929,51474.228189309884,-14.526212968662177,38.09007482664111,10.86161296012798,60579.40740740741,10.635855446249355,41600.0,10.76030146440666,51468.56563399747,10.635855446249355,41600.0,100.94153027270139,117.70175962974922,84925,61,-27.0,8323,2,8321,34483,13,34470,5254,2,5252,5562,4,5558,7475,11,7464,765,3,762,11.349523793028785,-6.526411399995055,-19.30645445441733,-2.9100369656059146,0.008074635907326377,9.23753801646762,4.020125547066241
Transportation and Material Moving Occupations,2024,0.13384245955202143,52205.66659765355,86.33722749926915,-14.526212968662177,10.973700686166449,68507.61538461539,10.71967086694133,45240.0,10.776317226526578,52191.0278372591,10.660548058839726,42640.0,101.83164113946088,131.26320408602476,50806,68,7.0,5366,4,5362,21469,12,21457,3577,4,3573,3058,1,3057,4181,13,4168,563,3,560,10.835769736828329,-4.68566314144405,-24.64274369135095,-1.159706264941232,-4.554481731988787,10.902896773041668,3.308055454433735
