SOC_2021_2_NAME,YEAR,AI Demand,MEAN SALARY,AI Demand % Change,PRIOR YEAR % CHANGE,LOG_SALARY_ai,SALARY_ai,DURATION_CALC_ai,MEDIAN_LOG_SALARY_ai,MEDIAN_SALARY_ai,LOG_SALARY_non_ai,SALARY_non_ai,DURATION_CALC_non_ai,MEDIAN_LOG_SALARY_non_ai,MEDIAN_SALARY_non_ai,Salary (Log) Premium,SALARY_PREMIUM,job_count,Prevalence: Tuition Assistance,Prevalence: Tuition Assistance (AI),Prevalence: Tuition Assistance (Non-AI),Prevalence: Paid Leave,Prevalence: Paid Leave (AI),Prevalence: Paid Leave (Non-AI),Prevalence: Health and Wellbeing,Prevalence: Health and Wellbeing (AI),Prevalence: Health and Wellbeing (Non-AI),Prevalence: Parental Leave,Prevalence: Parental Leave (AI),Prevalence: Parental Leave (Non-AI),Prevalence: Workplace Culture,Prevalence: Workplace Culture (AI),Prevalence: Workplace Culture (Non-AI),Prevalence: Remote Work,Prevalence: Remote Work (AI),Prevalence: Remote Work (Non-AI),Prevalence: Remote Keywords,Prevalence: Remote Keywords (AI),Prevalence: Remote Keywords (Non-AI),Log Job Count
Architecture and Engineering Occupations,2018,1.626857945722103,72708.64677613135,,,11.279748154245265,85233.25581395348,64.0,11.3290026268093,83200.0,11.095356512939153,72599.86911735003,61.66238191886542,11.156250521031495,70000.0,101.66188117606747,117.40139045730635,40569,3.3079444896349433,3.3333333333333335,3.3075246185071037,8.255071606398975,6.0606060606060606,8.291362850484854,1.46663708743129,1.8181818181818181,1.4608233731739706,0.2760728635164781,0.15151515151515152,0.2781327520108246,4.77704651334763,7.121212121212121,4.738279586058282,0.0,,0.0,1.9719490251177005,1.3636363636363635,1.982009070635696,10.61075950714147
Architecture and Engineering Occupations,2019,2.0314856711915534,73966.07804878049,24.87173059783354,,11.443343981375373,97865.61904761905,61.51044083526682,11.461632170582678,95000.0,11.108535399843332,73760.30094300942,59.027062785662736,11.166483697311525,70720.0,103.01397591564378,132.68061246555177,42432,4.645079185520363,3.0162412993039442,4.678854943468848,11.566742081447964,8.236658932714617,11.635795044503247,3.113216440422323,1.6241299303944314,3.1440942987731537,0.7824283559577677,1.9721577726218096,0.7577579985566514,5.568910256410256,10.788863109048725,5.460668751503488,2.3487734452721227,3.415783274440518,2.326330393419879,2.1045437405731526,3.944315545243619,2.0663940341592495,10.655658073545535
Architecture and Engineering Occupations,2020,1.977805620189726,72858.0295846395,-2.642403624257006,24.87173059783354,11.428492888722051,100957.58536585367,60.158371040723985,11.487607656985938,97500.0,11.07596562005347,72630.48034761999,59.307465230226114,11.10585907549509,66560.0,103.1828129552002,139.00167654496576,33522,5.271165204940039,4.223227752639517,5.2923095651115375,16.428017421394905,9.502262443438914,16.567759213609666,2.8906389833542154,1.6591251885369533,2.9154873854956023,1.3125708489946901,1.3574660633484164,1.3116649928482302,6.691128214307023,18.85369532428356,6.4457226330685655,4.44216744017841,13.698630136986301,4.255188316679477,3.872084004534335,11.91553544494721,3.709790316199519,10.419957218687204
Architecture and Engineering Occupations,2021,2.278017958097772,73671.05697232773,15.179061827079199,-2.642403624257006,11.521036382949307,107050.06060606061,61.42022940563086,11.556942350387002,104500.0,11.095518112762335,73216.70232366286,63.841780305792554,11.119882876860622,67500.0,103.83504642020756,146.2098909246602,42098,7.187989928262625,5.839416058394161,7.219426821264493,20.22186327141432,11.261730969760167,20.430734825834364,3.72226709107321,2.2940563086548487,3.755560417122439,2.5986982754525156,3.232533889468196,2.583922798317898,10.442301296973728,24.400417101147028,10.116920683536303,8.357362438338537,14.465408805031446,8.215269818820259,6.670150600978669,9.176225234619395,6.611730960888694,10.647755512603787
Architecture and Engineering Occupations,2022,2.4464564033413305,83890.4609527347,7.394078902881462,15.179061827079199,11.600475356749296,115932.65745856354,54.1496062992126,11.556942350387002,104500.0,11.235283798078212,83342.7052323385,55.015043262844216,11.27720313144916,79000.0,103.250399057419,139.10354497777874,57103,8.840166015796019,6.800286327845383,8.891322299213728,22.760625536311576,15.533285612025768,22.94187340681435,4.591702712642068,2.219040801717967,4.651204538110796,3.9910337460378615,5.153901216893344,3.9618712526478297,15.806525051223227,35.14674302075877,15.321509352672964,14.68500443655723,18.168604651162788,14.597809873758505,10.475806875295518,13.886900501073729,10.390263167342836,10.952611933668509
Architecture and Engineering Occupations,2023,2.3377522112411064,95436.59390733541,-4.443332484967144,7.394078902881462,11.683303431160528,127176.3937007874,52.877890841813134,11.664873721242287,116410.0,11.369320351306099,94646.72691051601,50.75983170947741,11.407564949312402,90000.0,102.76166974060467,134.36956337753406,46241,11.567656408814688,12.118408880666049,11.554472984942427,30.282649596678272,25.624421831637374,30.394154118689105,6.167686684976536,5.180388529139686,6.191319751992914,6.790510585843731,9.620721554116558,6.722763507528787,17.07575528210895,29.972247918593897,16.767050487156776,15.716369494698801,19.962686567164177,15.614899355787879,12.023961419519475,16.28122109158187,11.922054915854739,10.741622129409992
"Arts, Design, Entertainment, Sports, and Media Occupations",2018,0.574046624444145,49222.67163900802,,,11.089872044394415,71530.23076923077,54.44131455399061,11.195471234184778,72800.0,10.667752759694086,49168.46635514019,62.03014203621381,10.595934480158231,39972.0,103.95696539101675,145.47989000220832,37105,2.280016170327449,0.9389671361502347,2.2877588637102897,7.174235278264385,7.042253521126761,7.174997289385232,1.2343349952836546,2.3474178403755865,1.2279084896454515,0.5659614607195795,0.9389671361502347,0.5638078716252847,4.061447244306697,7.511737089201878,4.0415266182370155,0.0,,0.0,2.622288101334052,5.164319248826291,2.6076114062669413,10.521507010404234
"Arts, Design, Entertainment, Sports, and Media Occupations",2019,0.7956840912450115,49488.165452337584,38.60966293730588,,11.122530167751272,79772.15384615384,59.43653250773994,10.965933954828005,57870.0,10.672747762630635,49368.17403230722,60.42236348737305,10.584562151861805,39520.0,104.21430745974804,161.58619476983256,40594,2.2638813617776026,1.5479876160990713,2.2696233021280823,8.668768783564074,8.978328173374612,8.666285912939832,1.7761245504261713,12.38390092879257,1.6910431824389758,1.0321722422032813,1.238390092879257,1.0305182389312408,4.899738877666651,8.6687306501548,4.869509076010032,4.179974651457541,6.329113924050633,4.162620738999336,3.4660294624821404,4.643962848297214,3.4565816592585237,10.611375551417572
"Arts, Design, Entertainment, Sports, and Media Occupations",2020,0.6108488780069162,45386.2211217036,-23.229723362808798,38.60966293730588,10.988102141194588,66333.06666666667,57.921487603305785,10.878609354140206,53040.0,10.602387660044114,45308.12924071083,59.35936507936508,10.47333651675158,35360.0,103.63799639777432,146.40433798150343,39617,2.079915187924376,2.8925619834710745,2.074920634920635,10.611606128682132,9.090909090909092,10.620952380952382,1.501880505843451,2.066115702479339,1.4984126984126984,1.2242219249312163,2.8925619834710745,1.213968253968254,3.9478001867884998,15.702479338842975,3.8755555555555556,7.675667013861069,16.666666666666664,7.617665242050372,9.778630385945428,12.396694214876034,9.762539682539682,10.58701359805202
"Arts, Design, Entertainment, Sports, and Media Occupations",2021,0.8156049739850137,50579.115156143926,33.51992667092682,-23.229723362808798,11.100370716358208,73769.5090909091,60.16502463054187,10.935960038699692,56160.0,10.704078320460601,50470.37002301987,65.0627063374719,10.596634733096073,40000.0,103.70225613110568,146.16399494844666,49779,3.469334458305711,1.9704433497536946,3.481660016608268,16.137326985274917,13.054187192118228,16.162680007291435,2.211776050141626,1.9704433497536946,2.2137605573896666,2.3363265634102732,4.926108374384237,2.315030482247382,8.079712328491933,21.67487684729064,7.967917687805076,11.065846526167187,33.08457711442786,10.885875200780758,8.143996464372528,21.182266009852217,8.036781236708322,10.815348487330898
"Arts, Design, Entertainment, Sports, and Media Occupations",2022,0.9947953194787936,56385.13305954826,21.97023696634204,33.51992667092682,11.108346424175153,79073.93069306931,54.1595547309833,11.112447898373103,67000.0,10.811965337215037,56227.19188090151,57.451969502078555,10.68624689178576,43750.0,102.74123230806119,140.63290028881573,54182,4.021630799896644,5.009276437847866,4.011707026079824,17.655309881510465,18.738404452690165,17.644427045467257,3.026835480417851,6.679035250463822,2.990138508286263,2.9345539108929164,6.122448979591836,2.9025222303003186,11.514894245321324,24.489795918367346,11.384523609790653,13.997764530551414,35.82089552238806,13.777660695468915,9.09711712376804,23.00556586270872,8.957366291967265,10.900104028948183
"Arts, Design, Entertainment, Sports, and Media Occupations",2023,1.3422319257678756,60909.51839581517,34.92543636726353,21.97023696634204,11.18047800026322,84158.17808219178,42.2902033271719,11.211820372186306,74000.0,10.866214718428182,60508.13433453556,47.880950584685024,10.731165626053679,45760.0,102.89211367507835,139.08572625442483,40306,5.654245025554508,5.730129390018484,5.653212624166981,20.97702575298963,20.33271719038817,20.98579152521061,5.621991763012951,3.8817005545286505,5.6456683012699616,4.517937776013497,7.578558225508318,4.476298252231862,11.343224333846077,16.635859519408502,11.271218408147869,12.928932351240604,58.254269449715366,12.320391317639865,9.718156105790701,51.01663585951941,9.156293222683264,10.604255620227434
Business and Financial Operations Occupations,2018,1.5764992128238158,70886.46458016924,,,11.199121119494565,81876.90839694657,61.60372219700408,11.170885758712163,71032.0,11.052902612932545,70807.81130838569,59.80102081621673,11.039508015264646,62287.0,101.32289690484504,115.63259318996913,139740,4.721625876628024,4.993191103041307,4.717276078437075,8.795620437956204,7.762142532909669,8.812174178584673,1.9378846429082583,1.3617793917385383,1.9471124133869433,0.569629311578646,0.5447117566954154,0.5700284287137279,5.751395448690425,10.848842487517024,5.669747049884758,7.8125,,7.8125,4.961356805495921,3.4498411257376307,4.985567520012797,11.847538832106443
Business and Financial Operations Occupations,2019,1.5720013246806324,70507.69145746632,-0.2853086196679344,,11.355347870566565,93422.92372881356,61.1331241595697,11.350406535472453,85000.0,11.047953799581355,70386.04867515407,59.05550862624383,11.017710688718385,60944.0,102.78236202433122,132.72931992528711,141921,3.8486200069052496,3.809950694755715,3.849237597537404,11.872097857258616,8.874943971313312,11.91996563819887,2.780420092868568,2.3756163155535632,2.7868852459016393,1.243649636065135,1.703272075302555,1.2363089698618368,6.411313336292726,10.84715374271627,6.3404681795404105,6.653259232027911,6.902899217671423,6.649286739506137,5.073949591674241,4.21335723890632,5.087694179969934,11.863025843741806
Business and Financial Operations Occupations,2020,1.6646411666879877,70996.78695920414,5.893114754605944,-0.2853086196679344,11.358479982028014,93322.13725490196,58.12055715658021,11.377792790978733,87360.0,11.04938695304409,70864.29486831387,58.759850394341,11.040149997728475,62327.0,102.79737717845757,131.69133684081834,125072,4.666911858769349,3.842459173871278,4.680868363281568,17.521107841883072,10.182516810758885,17.64533701926986,2.949501087373673,2.353506243996158,2.959590210586226,1.7605859025201485,2.785782901056676,1.7432311570046346,6.449085326851733,10.902977905859752,6.373688917798195,13.477657597715046,12.312892322549493,13.497565403977882,9.852724830497634,9.221902017291066,9.863403528742175,11.736644850460111
Business and Financial Operations Occupations,2021,1.9876623499624313,73917.30072808737,19.40485371493814,5.893114754605944,11.472430081197201,104129.89218328841,62.849110546378654,11.512925464970229,100000.0,11.090875617324752,73600.11938651348,63.78344252684743,11.05784985630873,63440.0,103.44025554913297,141.48060227517675,158377,6.200395259412668,8.03684879288437,6.16315250372031,22.524103878719764,18.86912325285896,22.598225846974472,4.685655114063279,6.0038119440914866,4.6589232682037505,3.302247169727927,7.337992376111817,3.2204034040031178,12.385005398511147,22.935196950444727,12.171050512468677,20.378048548189444,26.370083816892326,20.257657505942703,14.68584453550705,16.772554002541295,14.643526660611098,11.972733545799427
Business and Financial Operations Occupations,2022,2.1102817187645897,78519.2126775493,6.169024070133244,19.40485371493814,11.562556198588013,111756.13586956522,55.52550754815201,11.622963026179018,111632.0,11.158558858839593,77992.3923418185,54.89333909403599,11.124840932431653,67835.5,103.62051538069706,143.29107303154623,182061,8.345554511949292,8.667360749609578,8.338617094698096,25.311846029627432,19.911504424778762,25.428265224246573,5.58713837669792,5.700156168662155,5.584701967803658,5.1999055261697995,7.808433107756377,5.143671550171418,17.272782199372738,27.04320666319625,17.062153866871657,25.973106473363682,36.658811207122284,25.742507119931286,17.91817028358627,22.410203019260802,17.821332181192805,12.11209707473891
Business and Financial Operations Occupations,2023,1.9197599698357815,85883.23704229239,-9.028261356514255,6.169024070133244,11.59822087519619,117359.29950738917,48.455495194316754,11.639558115903595,113500.0,11.249073135698673,85240.76507732218,47.181329647139655,11.225243392518447,75000.0,103.10379117715492,137.67978196926336,124651,10.701077408123481,12.369410781445884,10.66842251631795,31.682858541046606,27.831174258253238,31.758248948944036,7.490513513730335,9.068115336397826,7.459634543342767,7.46002839929082,12.035102381947347,7.370478823471675,16.829387650319696,29.711659005432512,16.577238299334198,25.464886450728088,38.92617449664429,25.20091140156781,18.84621864244972,26.661094860008355,18.693255247100392,11.73327311138242
Community and Social Service Occupations,2018,0.1983654685392367,50854.5290710626,,,10.709562179264642,48995.0,62.32,10.822195360925887,50121.0,10.746566226716913,50856.60258697592,61.050325965972334,10.714039907490765,44983.0,99.65566631543872,96.33950658856504,25206,4.467190351503611,4.0,4.4681189378279536,13.512655716892805,16.0,13.507711877882016,3.1778148059985716,14.000000000000002,3.1563046589282875,2.5311433785606603,4.0,2.5282238829702655,4.086328651908276,6.0,4.082525043727143,0.0,,0.0,3.614218836784892,4.0,3.6134520591508985,10.134837340397437
Community and Social Service Occupations,2019,0.20964360587002098,54082.44966785897,5.685534591194963,,11.261757806736316,85801.0,52.984375,11.321995018727733,86450.0,10.791858668875069,54060.82461223794,60.192161239495796,10.747207591575448,46500.0,104.35420025668508,158.71197048033358,30528,6.426886792452831,0.0,6.4403886554621845,18.740172955974842,7.8125,18.76313025210084,3.920990566037736,6.25,3.91609768907563,2.8039832285115303,1.5625,2.806591386554622,5.0871331236897275,15.625,5.06499474789916,4.690752803706937,9.523809523809524,4.680507419495945,3.891509433962264,6.25,3.8865546218487395,10.326399574248013
Community and Social Service Occupations,2020,0.15179897939409598,53010.34829495774,-27.59188682901622,5.685534591194963,10.888460636419913,62235.166666666664,61.0,10.839373256134849,51666.0,10.778845273959261,53002.27523337223,61.01500889535824,10.720079430050102,45255.5,101.01694903001783,117.41980206065014,30962,7.451069052386797,0.0,7.462396894711305,24.869194496479555,14.893617021276595,24.884360342875627,3.898326981461146,4.25531914893617,3.897784247129225,3.6270266778631868,2.127659574468085,3.629306162057254,6.084878237839933,12.76595744680851,6.074721009218826,8.8969129176019,25.53191489361702,8.871440672444125,7.528583424843356,17.02127659574468,7.514151706291444,10.34051592510041
Community and Social Service Occupations,2021,0.1727510606407032,55825.698052544554,13.802517862924525,-27.59188682901622,11.172404833732218,83638.38461538461,65.47058823529412,10.870471398725801,52600.0,10.836223537176654,55792.44458751035,67.44649446494465,10.771029119400374,47621.0,103.10238428915943,149.9098762094892,39363,9.646114371363971,2.941176470588235,9.657717266827841,32.149480476589694,5.88235294117647,32.19493574246087,5.350201966313543,17.647058823529413,5.328922254739789,4.605848131494042,0.0,4.613818551978623,10.824886314559357,20.588235294117645,10.807990838529074,11.355638292446574,23.076923076923077,11.336177169276354,9.308233620404948,20.588235294117645,9.28871357679094,10.580581567773825
Community and Social Service Occupations,2022,0.2512670732754918,59342.45135309279,45.45037949034094,13.802517862924525,10.889346051421574,59926.32352941176,53.46153846153846,10.81817700304331,49920.0,10.898965248643478,59341.169443368206,58.90884233642647,10.819778284410283,50000.0,99.91174210576457,100.9860845202958,46564,10.99561893308135,6.837606837606838,11.006092966176501,34.74143114852676,17.94871794871795,34.783731995607894,5.714715230650288,4.273504273504273,5.7183456412685425,5.673911176015807,5.982905982905983,5.673132818050681,14.887037196117173,33.33333333333333,14.840570973367495,12.026750080897422,26.495726495726498,11.990137981746615,9.659823039257796,22.22222222222222,9.628178353822637,10.748582989368131
Community and Social Service Occupations,2023,0.19899116109028644,65743.06012033932,-20.804919444375237,45.45037949034094,11.253081954761104,83171.19565217392,48.41860465116279,11.336998988603684,83884.5,10.999152655151669,65703.43114186851,50.065148845404806,10.91726790568754,55120.0,102.3086260148458,126.58577216856234,43218,12.082928409459022,6.976744186046512,12.093109524251137,38.27571845064556,34.883720930232556,38.28248168413243,6.284418529316488,8.13953488372093,6.280719651302976,7.286315886898977,8.13953488372093,7.284614671241769,15.981766856402423,41.86046511627907,15.930167856811646,13.79840268237595,29.069767441860467,13.767760901518864,11.647924475912815,25.581395348837212,11.620142817397756,10.674012354117417
Computer and Mathematical Occupations,2018,6.564678760477635,90872.04335113145,,,11.633342422410415,120619.03491620111,63.81145584725537,11.691908120498669,119600.0,11.290104382839303,89453.63325785828,61.173797175743495,11.365816599932016,86320.0,103.04016710503426,134.83972704440714,178714,2.7530020032006446,2.6167746334810773,2.7625732114838724,6.975390847947,7.594613024207296,6.931884873818735,1.2231834103651644,1.5854074326628025,1.1977338874848786,0.5270991640274405,0.8694169792021821,0.5030482327436491,6.12095303109997,8.924309580634162,5.92399180750021,17.46031746031746,0.0,19.298245614035086,4.506641897109348,3.025912035458575,4.610676599873041,12.093542041671434
Computer and Mathematical Occupations,2019,7.403786567515011,95129.74140986793,12.782160980811241,,11.714033704631387,129334.28651685393,57.42492243307598,11.750997036868675,126880.0,11.329007478129778,93295.99373531716,56.30604803581628,11.422781915117262,91380.0,103.39858745123867,138.6279103085372,187188,2.8644998611022077,2.655314236236381,2.881225876800766,9.263414321430862,8.55040046179378,9.320425318325267,1.8964890911810588,2.085287538783462,1.8813931886758708,0.9477103233113234,1.738942203622195,0.8844451880527783,6.252003333547022,9.308030882459052,6.007650191254781,6.462322294354507,5.093893242643797,6.571839369501033,4.807466290574182,3.521177574139548,4.9103150655689465,12.13986873840687
Computer and Mathematical Occupations,2020,7.9786694397240465,98128.5720134369,7.764714271092066,12.782160980811241,11.735274956008404,130949.54802831143,56.58046570770087,11.755871643580617,127500.0,11.362837871890447,96331.53136245364,55.66042377260982,11.487607656985938,97500.0,103.27767665364034,135.93632964849823,157708,3.117153219874705,3.0040530874990066,3.126959517657192,10.07494863925736,8.296908527378209,10.229112833763997,2.0772567022598727,2.121910514185806,2.0733850129198967,1.386740051233926,2.042438210283716,1.329888027562446,6.746011616405001,12.516887864579193,6.245650301464255,13.946746695613307,14.492059691963929,13.899319123536394,10.284830192507673,9.894301835810221,10.318690783807064,11.968500500897166
Computer and Mathematical Occupations,2021,9.229788493499989,101322.7367301424,15.680798198593049,7.764714271092066,11.711782006059494,127871.54096876415,60.093302910705475,11.736069016284437,125000.0,11.400697459789054,99145.49034749034,60.633374300835236,11.512925464970229,100000.0,102.7286448690324,128.97363311290633,175692,4.737836668715707,5.124568327577701,4.698512628859515,15.728661521298637,14.442525900345338,15.859439664902556,3.3359515515788996,3.8418845584607793,3.284506759637814,3.4429569929194273,5.346571287617168,3.2493917580074743,12.460442137376774,20.18376911692156,11.675110988487296,26.326587922447835,29.006589581002114,26.054430787295697,18.924595314527696,19.61642821904292,18.85424766109007,12.076487740981483
Computer and Mathematical Occupations,2022,9.74813226376026,108406.04050240562,5.615987523715327,15.680798198593049,11.745396795591825,132608.75881561238,52.84848637739657,11.776135525497521,130110.0,11.479637913865485,106130.73877065566,53.052953389899784,11.56171562913966,105000.0,102.31504585528215,124.94849310544673,203321,6.643189832825926,7.260343087790111,6.576530918087641,19.101322539235987,19.03632694248234,19.10834273382706,4.392069682915193,5.005045408678103,4.325861984403355,5.329011759729688,8.264379414732593,5.011961787674181,18.346850546672503,26.98284561049445,17.414074037743664,34.92537462487579,39.057874859650916,34.477204673636905,23.66996030906793,26.372351160443998,23.378074233927883,12.222541289904045
Computer and Mathematical Occupations,2023,9.134939948190596,118153.0152829837,-6.290356952267395,5.615987523715327,11.840096816457764,147129.09800362977,47.10767379908911,11.856515169360305,141000.0,11.559417298106213,114836.78186014309,45.93656319922594,11.635249281109028,113012.0,102.42814591006706,128.12018555414997,127390,9.49368082267054,11.755607115235886,9.266282515355973,24.826124499568255,27.661768497035315,24.541048612131004,5.878797393829971,7.458967087737389,5.719938144151771,8.735379543135254,14.067199450030078,8.19935552426287,17.769055655859958,26.475895849445735,16.893730616053148,31.962702416763385,37.06390328151986,31.449377373410847,23.379386137059424,25.951705766090917,23.1207830466597,11.755008526103833
Educational Instruction and Library Occupations,2018,0.3880704275961193,49316.319095807594,,,10.963601042554533,61413.142857142855,64.51851851851852,11.194825421296915,72753.0,10.692107142409485,49305.180215732704,63.68294735829546,10.635855446249355,41600.0,102.53919921049226,124.55718159518388,41745,4.498742364355013,0.6172839506172839,4.513863838587884,7.988980716253444,1.8518518518518516,8.012889882884833,3.1955922865013773,1.2345679012345678,3.2032320900367934,0.4838902862618278,0.6172839506172839,0.4833706081812279,5.9336447478739975,17.28395061728395,5.889425967342424,0.0,,0.0,2.951251646903821,2.4691358024691357,2.9531298848086958,10.639334962628102
Educational Instruction and Library Occupations,2019,0.4905825667980727,48330.972400388724,26.415859573984847,,10.80889188846588,54580.06896551724,63.513392857142854,10.730662877319089,45737.0,10.670885431807617,48313.31098333496,62.39136367637996,10.635855446249355,41600.0,101.2932990194693,112.971079511284,45660,5.694261936049058,2.6785714285714284,5.709129324764504,12.43539202803329,6.696428571428571,12.46368518355489,3.4187472623740693,1.7857142857142856,3.426798133638524,1.005256241787122,0.4464285714285714,1.008011268597588,6.736749890494963,20.982142857142858,6.666519940135575,3.4208165096455807,4.524886877828054,3.4153159449040777,2.838370565045992,3.125,2.8369574786512897,10.728977920083787
Educational Instruction and Library Occupations,2020,0.422227956182121,46756.46126629422,-13.933355003233727,26.415859573984847,10.997900749335965,65152.2,63.40555555555556,10.858998997563564,52000.0,10.63007221789574,46730.73296037296,62.439565616828816,10.584562151861805,39520.0,103.4602637112943,139.42045389112172,42631,7.250592291994089,1.1111111111111112,7.276624814492003,16.312073373835943,5.555555555555555,16.357682975666062,3.706223170931951,1.1111111111111112,3.7172269204494595,1.2385353381342217,0.0,1.2437869543709217,7.008984072623209,30.555555555555557,6.909142305246048,5.752181005745088,9.444444444444445,5.736400978227319,4.536604818090122,7.777777777777778,4.522861652257897,10.660336967143055
Educational Instruction and Library Occupations,2021,0.5100268723835987,46610.97463812941,20.794197758806643,-13.933355003233727,11.14528555633625,75098.06060606061,62.48745519713262,11.156250521031495,70000.0,10.642228027119264,46552.7043947189,65.70287005732764,10.571316925111784,39000.0,104.72699445957237,161.3183628802884,54703,8.88251101402117,1.0752688172043012,8.92253417609878,20.035464234137066,5.376344086021505,20.11061296486844,3.475129334771402,4.659498207885305,3.469057768631486,1.9560170374568122,1.4336917562724014,1.9586946935175658,8.752719229292726,36.91756272401434,8.608334558283111,5.914237980323,14.963503649635038,5.867975222031495,4.723689742792899,11.11111111111111,4.690945171247979,10.909673831513109
Educational Instruction and Library Occupations,2022,0.6455203116304953,50613.68147531348,26.5659412441684,20.794197758806643,11.150985882209074,78582.53846153847,58.327586206896555,11.21870077274412,74512.5,10.73421018156311,50542.26227656649,58.56273904207141,10.684645610418787,43680.0,103.88268623025299,155.47887039866956,62895,8.251848318626282,2.2167487684729066,8.291059226423851,22.424676047380554,9.60591133004926,22.507961401206614,3.37228714524207,1.477832512315271,3.384595688841236,2.613880276651562,2.955665024630542,2.611659652098769,12.086811352253758,37.4384236453202,11.922098289298917,4.800869398452982,14.536340852130325,4.738391263088479,3.855632403211702,11.576354679802956,3.8054697626782312,11.049221948272972
Educational Instruction and Library Occupations,2023,0.8161610463783955,55204.88153370762,26.434603477756614,26.5659412441684,11.322098746486663,92398.90243902439,57.734341252699785,11.326595886778735,83000.0,10.812179846029597,55004.70368425659,50.40232111754879,10.772728603839688,47702.0,104.71615259567031,167.983638216509,56729,8.464806360062754,4.535637149028078,8.497138591689476,23.57348093567664,15.550755939524837,23.6394980983187,4.613160817218707,3.8876889848812093,4.619130558418939,2.78340883851293,3.2397408207343417,2.779653787367149,12.832942586684059,35.85313174946004,12.64351473358689,4.002915089141293,15.835140997830802,3.9051578909638343,3.065451532725766,11.447084233261338,2.9964810009597267,10.946040822807591
Healthcare Practitioners and Technical Occupations,2018,0.11257224786056723,80033.33991092068,,,10.989713835392559,71206.73333333334,62.67661691542288,10.71836552166722,45178.0,11.151440598533096,80040.81080013543,65.21134728709119,11.166483697311525,70720.0,98.5497231347687,88.96303350941675,178552,5.241050226264617,1.4925373134328357,5.2452747671725986,9.687373986289709,6.467661691542288,9.691002573576824,1.8997266902639007,1.4925373134328357,1.900185589091174,0.45700972265782513,2.9850746268656714,0.4541606158642228,2.537636094807115,5.472636815920398,2.5343283749460337,3.6585365853658534,,3.6585365853658534,1.9630135758770553,1.4925373134328357,1.963543798464825,12.092635154304022
Healthcare Practitioners and Technical Occupations,2019,0.1063392842072097,88686.06057796322,-5.536856349424346,,11.253337367364097,91906.68421052632,65.64550264550265,11.180078648564056,71688.0,11.23336993407283,88682.90538310818,61.2454771774884,11.269783267149329,78416.0,100.1777510525199,103.63517502442154,177733,6.353350250094242,1.5873015873015872,6.358423827332943,12.532844210135426,9.523809523809524,12.536047402334068,2.360844637743132,2.6455026455026456,2.3605416122200693,0.6042772023203344,1.5873015873015872,0.6032307484341909,5.6174148863745055,7.936507936507936,5.614946154192763,2.3424354667355787,1.6483516483516485,2.3431616586089348,2.481249964834893,1.5873015873015872,2.4822015950975533,12.088037703147956
Healthcare Practitioners and Technical Occupations,2020,0.09097525473071325,89649.37847727556,-14.448121962678007,-5.536856349424346,11.071956829046549,68203.81818181818,62.32631578947368,10.96474405466047,57800.0,11.212240831218491,89659.19215408935,64.6675804426382,11.21519978790556,74250.5,98.74883170738407,76.07007886553593,208848,6.611028116141883,4.2105263157894735,6.613213967353277,15.478242549605456,12.105263157894736,15.48131392038647,2.783363977629664,1.0526315789473684,2.7849399495825704,0.9260323297326286,0.5263157894736842,0.9263963039998466,5.706063740136367,8.947368421052632,5.703112269838683,2.4983528664932164,4.736842105263158,2.496305602487641,2.0464644143108863,4.736842105263158,2.044014607635461,12.249361993628572
Healthcare Practitioners and Technical Occupations,2021,0.11865019456080292,93293.66162235173,30.42029386123457,-14.448121962678007,11.30300093196081,104441.27659574468,65.28673835125448,11.33857207782545,84000.0,11.277126464709161,93280.5408694781,68.12554818492247,11.26446410567173,78000.0,100.22944202437228,111.96469877022169,235145,11.758702077441578,2.867383512544803,11.769264176168539,23.441706181292393,12.186379928315413,23.455076511713063,3.634353271385741,4.301075268817205,3.63356126472116,2.1293244593761296,0.35842293906810035,2.1314281334888827,9.094813838270003,12.186379928315413,9.091141331652942,3.0680499624599005,23.021582733812952,3.044358455269969,2.5835123009207086,24.014336917562723,2.5580543799443087,12.36795762412353
Healthcare Practitioners and Technical Occupations,2022,0.08865490057011921,105290.77956248127,-25.280442313402585,30.42029386123457,11.269691418304532,93799.1320754717,55.34230769230769,11.156250521031495,70000.0,11.415329645358423,105299.91263664582,56.167436828525794,11.407564949312402,90000.0,98.72418728518183,89.07807207698319,293272,13.069096265582802,6.153846153846154,13.075232413689541,26.08534057121034,17.307692307692307,26.093129291633105,4.109495621811833,4.230769230769231,4.109388011412502,3.062344853924002,2.6923076923076925,3.062673201097566,10.745996890258873,25.769230769230766,10.732666238925368,3.3044483352939564,18.992248062015506,3.29059507266417,2.9580048555607084,12.692307692307692,2.949367261409089,12.588855785014637
Healthcare Practitioners and Technical Occupations,2023,0.08317490494296577,103212.22471243337,-6.181266452179013,-25.280442313402585,11.451952615677286,108297.45238095238,51.96218487394958,11.40499407716812,89941.0,11.430485347027188,103207.99637706265,51.09270179709415,11.457010983008471,94562.0,100.18780714902609,104.93126131941928,286144,15.447816484008051,7.9831932773109235,15.454030345638076,31.09203757548647,22.689075630252102,31.099032549159517,4.471524826660702,5.46218487394958,4.470700160192511,5.640167188548424,3.7815126050420167,5.641714409631138,12.044634869156788,21.84873949579832,12.036473526263878,2.8211654292825283,20.33898305084746,2.8065997019353066,2.5675883471259224,14.285714285714285,2.5578336935916,12.564250459593653
Legal Occupations,2018,0.5248769819573538,68222.59065934065,,,12.206072645530174,200000.0,64.47916666666667,12.206072645530174,200000.0,10.987896828932708,68150.145684442,61.249642739364624,10.915088464214607,55000.0,111.08652397781742,293.4696587826341,9145,2.1104428649535265,4.166666666666666,2.0995932725074202,8.769819573537452,12.5,8.750137407936682,2.1651175505740845,0.0,2.176541717049577,1.0497539639147075,6.25,1.0223150489172255,4.319300164024057,4.166666666666666,4.320105529295372,0.0,,0.0,2.952433023510115,0.0,2.9680114323403317,9.120962560824966
Legal Occupations,2019,0.6215859860614052,66248.91573516767,18.42508005274064,,10.998488217617822,59993.0,59.53030303030303,10.998488217617822,59993.0,10.970941463927781,66254.29948364888,58.46000758150114,10.888268230963195,53544.5,100.25108832984493,90.54959522258005,10618,3.0702580523639105,1.5151515151515151,3.0799848369977254,15.709173102279147,7.575757575757576,15.760045489006824,2.552269730646073,0.0,2.5682335102350264,1.7423243548690903,1.5151515151515151,1.7437452615617892,4.699566773403655,6.0606060606060606,4.691053828658074,6.572363356428021,3.1746031746031744,6.593087423758351,4.021472970427576,1.5151515151515151,4.037149355572403,9.270305953143616
Legal Occupations,2020,0.44457617071724953,64899.900568181816,-28.477124535215836,18.42508005274064,12.323855681186558,225000.0,61.2,12.323855681186558,225000.0,10.93539698374562,64843.02664298401,60.23439515728887,10.838796290246044,50960.0,112.69692082971238,346.99182263470874,10122,2.499506026476981,0.0,2.5106678574972707,23.443983402489625,6.666666666666667,23.518904435844,2.2821576763485476,6.666666666666667,2.2625781482584104,2.6180596720015807,0.0,2.629750917931924,5.265757755384311,13.333333333333334,5.229731070755185,15.307539682539684,15.555555555555555,15.306427503736922,10.07705986959099,8.88888888888889,10.082365783467303,9.222466551774023
Legal Occupations,2021,0.7307979120059657,69260.41810829027,64.38081034054188,-28.477124535215836,11.339597043850626,92277.0,64.06122448979592,11.191341840842766,72500.0,11.017167555516998,69213.78388113463,63.83751502403846,10.935960038699692,56160.0,102.92660964543619,133.32170967342768,13410,3.3333333333333335,4.081632653061225,3.3278245192307696,29.955257270693515,15.306122448979592,30.063100961538463,3.1245339299030577,3.061224489795918,3.125,4.049217002237136,5.1020408163265305,4.041466346153847,9.060402684563758,22.448979591836736,8.961838942307693,19.25289503175196,21.428571428571427,19.2368480469632,13.840417598806862,13.26530612244898,13.844651442307693,9.503755976275723
Legal Occupations,2022,0.6939143709666227,78657.11121239745,-5.047023319771327,64.38081034054188,11.53806433216666,124381.0,55.65,11.841250666033066,139282.0,11.134953683063971,78489.77767612076,54.88533296065963,11.055482617769352,63290.0,103.62022744392563,158.46776953967714,14411,3.8928596211227533,5.0,3.885123331702886,34.93858857816946,31.0,34.96610998532597,4.142668794670738,8.0,4.115715184124101,5.134966345153008,11.0,5.093983648941374,10.672403025466657,32.0,10.523373628677241,22.665552538124086,32.0,22.600098169833814,16.612310040940947,21.0,16.581650478652783,9.575747082838362
Legal Occupations,2023,0.7817303469477381,92711.69731191348,12.655160298638556,-5.047023319771327,11.905385117791896,166254.94,48.235955056179776,12.089617727227772,178025.0,11.287379176580561,92122.12506012506,46.14226274787536,11.242690306122169,76320.0,105.47519429925411,180.47232398459207,11385,5.726833552920509,11.235955056179774,5.68342776203966,41.71277997364954,38.20224719101123,41.74043909348442,4.874835309617918,15.730337078651685,4.789305949008499,7.66798418972332,24.719101123595504,7.533640226628894,12.165129556433904,31.46067415730337,12.013101983002834,26.725429704715737,32.95454545454545,26.67673447632584,20.28985507246377,16.853932584269664,20.316926345609065,9.34005197849784
"Life, Physical, and Social Science Occupations",2018,1.3628262920641576,65865.40940877305,,,11.201874353048753,79611.60869565218,65.40384615384616,11.121363262031055,67600.0,10.98613593806031,65764.17259045789,59.75183335104687,10.981284701490317,58764.0,101.96373334723667,121.05620060245916,19078,3.27602474053884,2.307692307692308,3.289403762355192,9.560750602788552,5.384615384615385,9.61845041981082,2.8042771779012474,3.076923076923077,2.8005101498565206,0.46126428346786874,0.7692307692307693,0.4570092464661495,4.612642834678687,9.230769230769232,4.548836220639814,0.0,,0.0,4.801341859733724,4.230769230769231,4.80922520990541,9.856291117705153
"Life, Physical, and Social Science Occupations",2019,1.7097559711932027,66756.11104405552,25.456632378553536,,11.332649457180409,88808.54545454546,59.23939393939394,11.29490777790484,80439.5,10.997841599860255,66608.737545565,59.706393969743296,10.988668348888801,59199.5,103.0443051418781,133.3286723739423,19301,4.5697114139163775,2.4242424242424243,4.607031785356597,13.69877208434796,7.2727272727272725,13.81055294923831,3.8132739236309,3.6363636363636362,3.8163512729956253,0.8289725920936739,0.9090909090909091,0.8275789362711508,5.673281177141081,11.818181818181818,5.566390807021243,4.6893317702227435,4.968944099378882,4.68445022771633,5.574840681829957,3.939393939393939,5.603289230931422,9.867912187022208
"Life, Physical, and Social Science Occupations",2020,1.7275419545903257,65679.42347390151,1.0402644410541617,25.456632378553536,11.286721617278303,86229.78125,59.417142857142856,11.244053108411602,76440.0,10.966777081307631,65483.647514141114,59.66599698643898,10.946340448277997,56746.0,102.91739800671249,131.68139607888943,20260,4.417571569595262,2.857142857142857,4.445002511300854,15.384995064165844,6.857142857142858,15.534907081868408,3.376110562685094,4.285714285714286,3.3601205424409843,1.0760118460019743,2.571428571428571,1.0497237569060773,6.653504442250741,13.142857142857142,6.539427423405324,7.035801424090026,10.601719197707736,6.972737407520016,6.347482724580454,9.142857142857142,6.2983425414364635,9.916403777802675
"Life, Physical, and Social Science Occupations",2021,1.990069513406157,68997.9545884579,15.196595261739265,1.0402644410541617,11.283809838591786,85897.53846153847,63.35928143712575,11.251229506670546,77128.5,11.03078589767677,68830.0244601567,65.1194779930291,11.015706844610454,60822.0,102.29379795113516,124.7966118496174,25175,6.645481628599802,7.385229540918163,6.6304612142336055,20.611717974180735,12.375249500998004,20.77895760719786,4.349553128103277,7.784431137724551,4.279808705519981,2.669314796425025,3.592814371257485,2.6505633460322606,10.720953326713008,21.55688622754491,10.50093215530518,10.321576763485476,15.353535353535353,10.220196182180796,7.932472691161867,9.181636726546905,7.907108697414282,10.133606717586764
"Life, Physical, and Social Science Occupations",2022,2.4102344290942663,75082.38391752577,21.11307735019592,15.196595261739265,11.382667719928115,95028.16129032258,56.49110807113543,11.441869753004392,93141.0,11.114030720973822,74824.1052631579,56.5790256098385,11.082142548877775,65000.0,102.41709786214047,127.00206832558385,30329,8.42428039170431,7.7975376196990425,8.439759443205622,23.80559860199809,15.18467852257182,24.018514764511114,5.819512677635267,7.113543091655266,5.787553213054936,3.5840284875861386,6.976744186046512,3.500236502466383,14.154769362656202,28.454172366621066,13.801608216771402,12.839678426682614,26.08089260808926,12.516590096988258,10.062976029542682,17.647058823529413,9.875667274815866,10.319859629482966
"Life, Physical, and Social Science Occupations",2023,1.7849602702391463,85989.02369190443,-25.94246233093972,21.11307735019592,11.62410418935994,123481.2905027933,53.30967741935484,11.594505451962652,108500.0,11.243681722222114,85299.99743326489,49.41956538732119,11.225243392518447,75000.0,103.38343326088604,144.76118900167594,26051,10.552378027714868,10.967741935483872,10.544829203470648,28.40198073010633,22.1505376344086,28.515594465723442,6.863460135887298,6.451612903225806,6.870945048073166,6.291505124563357,8.38709677419355,6.253419838974439,16.866914897700664,27.311827956989248,16.677089033064956,13.747099767981439,25.379609544468547,13.535965982912712,10.966949445318798,17.8494623655914,10.841866645821934,10.167811434160654
Management Occupations,2018,1.2495788434598083,78036.95069721116,,,11.45337444251451,108441.52525252526,62.70624408703879,11.487607656985938,97500.0,11.11025960261198,77869.47432259501,60.87539431232529,11.119882876860622,67500.0,103.0882702310742,139.26063607836545,169177,4.182601653889122,2.7436140018921478,4.200810472695929,10.84485479704688,7.237464522232734,10.890502385327691,2.0629281758158613,1.1825922421948913,2.074067866613194,0.647251103873458,0.6149479659413435,0.6476598648414071,6.068791857049126,9.46073793755913,6.025870479998564,6.896551724137931,0.0,7.017543859649122,3.287680949538058,4.730368968779565,3.269425306620856,12.038700783108276
Management Occupations,2019,1.3950953678474114,75618.40807464893,11.645245528061277,,11.468630111064082,109417.92708333333,60.477384868421055,11.518148093900997,100525.0,11.08263349328123,75467.85342427617,59.461019355063904,11.073676037767633,64452.0,103.48289617279917,144.9861392879319,174325,4.281657823031694,2.138157894736842,4.311984781230184,15.086189588412449,7.689144736842106,15.190845467820097,2.750035852574215,1.9325657894736843,2.7616016940771293,1.2935608776710168,1.9325657894736843,1.284520021175964,7.605334863043167,14.597039473684212,7.50641387374704,4.425586703341722,4.835348061692372,4.41975176736649,3.617954969166786,4.0707236842105265,3.6115490450454644,12.068676652089211
Management Occupations,2020,1.4829491613030261,74230.70194253339,6.297332460588012,11.645245528061277,11.49584902882065,111373.90566037736,58.8149377593361,11.512925464970229,100000.0,11.057196958565859,74070.68001138026,59.442131364613005,11.042921835724492,62500.0,103.9671181755967,150.36166218977039,162514,5.021721205557675,2.406639004149378,5.061085294558537,20.976038987410313,8.796680497925312,21.15937140858442,2.8895972039331994,1.6597510373443984,2.90810972867636,1.848456133010079,2.1576763485477177,1.843801529006146,8.088533910924598,21.16182572614108,7.891745365512418,7.180024683854402,10.561609388097235,7.129232686823666,5.69304798355834,8.962655601659751,5.643831509518813,11.998519430887054
Management Occupations,2021,1.694684172495126,76995.17809202497,14.277968302436905,6.297332460588012,11.680403422130924,129880.96764705882,63.23250201126307,11.720133760191837,123025.0,11.102046122397365,76561.40566424625,64.59904674729096,11.082142548877775,65000.0,105.20946583501194,169.64287230650012,220041,6.895987565953618,4.237060874229016,6.941824771626169,26.836816775055556,14.239742558326629,27.053977587928546,4.372821428733736,5.068382944489139,4.360830652021154,3.411182461450366,4.853848216680075,3.3863123636229147,12.634463577242421,28.69401984446232,12.35761307740671,11.146101465943735,22.882048488150367,10.946123460686882,8.519321399193787,16.8141592920354,8.376326787233255,12.301569171607317
Management Occupations,2022,1.780829327851877,85062.60928290345,5.083257208327918,14.277968302436905,11.73151358104804,137184.70135135134,55.06075070514211,11.79631549652995,132762.5,11.202899702855593,84391.27187440169,55.96171563671554,11.183726712315513,71950.0,104.71854512861259,162.5579260797507,258812,8.111293139421665,4.860056411369061,8.170241893290008,29.24555275644097,18.8978086352788,29.43316955346711,5.132296802312103,6.140160555435018,5.114023044574612,4.81507812620744,7.9626817096984155,4.75800836339461,16.594284654498246,34.2807550444782,16.273608100612503,15.562027921787926,33.055677334502406,15.246517990219141,11.181475356629523,23.08526795400304,10.9656455667321,12.46385720838555
Management Occupations,2023,1.5047202052521569,95683.59844733143,-15.504524677430842,5.083257208327918,11.854083251173547,155781.4983187626,48.06747860434496,11.918390573078392,150000.0,11.311822771291272,94486.31043676313,48.99542894498642,11.301389283949774,80934.0,104.79374978591866,164.87203024296576,201898,10.865387472882347,10.566161948650429,10.869958764960273,36.575894758739565,30.184331797235025,36.673539173287736,6.613240349087163,9.11784068466096,6.574977371014784,7.36064745564592,13.561553653719551,7.26591571960173,16.699026240973165,33.08097432521396,16.448757920144825,14.533364523659023,32.814569536423846,14.254384856768926,10.998127767486553,24.25938117182357,10.795534546917429,12.215517898357858
Office and Administrative Support Occupations,2018,0.22450953302017132,37802.76063644072,,,10.816969673170195,57147.02857142857,65.4025641025641,10.738112593745406,46079.0,10.470621225288204,37785.86101889524,61.81894393094933,10.412711894935144,33280.0,103.30781183303151,151.23918585010296,173712,3.1811273832550424,3.5897435897435894,3.1802079366727827,10.187551809892236,8.974358974358974,10.190281672263186,2.041885419544994,3.076923076923077,2.0395564325359734,0.43577876024684536,1.0256410256410255,0.4344514833662201,4.268559454729667,9.487179487179487,4.256816791867161,0.0,,0.0,2.0131021460808696,4.102564102564102,2.0084005492666828,12.065154034471634
Office and Administrative Support Occupations,2019,0.26744902259539016,39185.08843712303,19.125909264334396,,10.849202922876284,60730.64444444444,64.13737373737374,10.714417768752456,45000.0,10.507519919485325,39165.89778710265,59.36405597360594,10.443483553601899,34320.0,103.25179496217119,155.06000851700907,185082,3.9193438583978994,2.6262626262626263,3.922811465596169,15.063053133205823,10.1010101010101,15.076359656963925,2.502674490225954,2.0202020202020203,2.503968318462297,1.0000972541900346,2.0202020202020203,0.9973616776912784,4.642266670989075,6.8686868686868685,4.636296163868528,3.0748161074418503,4.081632653061225,3.072084343887394,2.6555796890027126,3.8383838383838382,2.652407807700434,12.128554249100436
Office and Administrative Support Occupations,2020,0.22395652742330627,38550.50492561319,-16.261975740282086,19.125909264334396,10.74664139332062,51620.5,60.6497461928934,10.70006051036469,44360.0,10.495390906428593,38538.230983364636,59.32959614431474,10.443483553601899,34320.0,102.39391261489968,133.94621051049916,175927,4.6809187901800176,2.5380710659898478,4.685728609435262,22.215464368743852,15.48223350253807,22.23057772612557,3.0057921751635623,2.5380710659898478,3.0068420183099476,1.400580922769103,3.0456852791878175,1.3968883343872662,4.24266883423238,11.928934010152284,4.225416303487093,7.245654692931634,13.520408163265307,7.231371364861099,5.6756495591921645,8.629441624365482,5.669019500606724,12.077824415251015
Office and Administrative Support Occupations,2021,0.3334957597757621,40784.936541716444,48.910935355508876,-16.261975740282086,10.809586861800444,56031.928,62.78150134048257,10.703244468154331,44500.0,10.55454882841324,40761.18052525957,65.91325663280182,10.502324053624832,36400.0,102.41638025019726,137.46394799649434,223691,6.4459455230652996,4.1554959785522785,6.453609634663257,28.583626520512674,18.63270777479893,28.616923456457872,3.9536682298349066,4.6916890080428955,3.9511987261432195,2.5311702303624197,7.238605898123325,2.5154186010002464,7.192958143152832,16.890080428954423,7.160510439794568,9.41323368247067,27.432432432432428,9.35314370178095,7.430786218488898,17.426273458445042,7.397340151158358,12.318020914214694
Office and Administrative Support Occupations,2022,0.38790117755714615,43892.28532995035,16.31367601733991,48.910935355508876,11.064811279851847,76556.02928870294,53.027056277056275,10.868568448579715,52500.0,10.627999488950623,43806.68532549699,57.18723370181346,10.584562151861805,39520.0,104.11000952112724,174.75878103962526,238205,7.521672508973364,5.303030303030303,7.53031216153,31.309166474255367,19.58874458874459,31.35480716955846,4.3139312776809895,5.411255411255411,4.309658169006368,3.5507231166432276,6.3852813852813854,3.53968501481366,10.18366533028274,19.37229437229437,10.147883732789394,10.998277230732853,34.89640130861505,10.905383809996144,8.577065972586638,25.541125541125542,8.511005938107138,12.380886926447097
Office and Administrative Support Occupations,2023,0.3835118160046993,46980.559383886255,-1.131566957359953,16.31367601733991,11.059715054570267,75797.18867924529,44.84241531664212,10.85447862523749,51766.0,10.687803146244077,46871.57424894746,47.293124075092564,10.63344870621879,41500.0,103.47977880240889,161.7124875658457,177048,9.170959287876734,7.363770250368189,9.177916754078097,36.84537526546473,26.362297496318117,36.88573388747456,5.891057792237134,3.829160530191458,5.89899585528069,5.49794406036781,9.131075110456553,5.483956931206731,11.596290271564772,21.649484536082475,11.557586650715262,10.536481174305255,39.79289940828402,10.423699817518248,8.563779314084316,30.486008836524302,8.479381297166736,12.084176161232248
Personal Care and Service Occupations,2018,0.051124744376278126,34677.634595162985,,,11.682838055292864,118574.0,67.23076923076923,11.682838055292864,118574.0,10.367421926493646,34633.50184113625,65.46118433995672,10.314271822121892,30160.0,112.68797718589721,342.3679203561295,25428,1.5691363850873052,0.0,1.5699390123942554,6.142834670442032,7.6923076923076925,6.142042101121385,1.5927324209532796,0.0,1.593547117843793,0.31854648419065595,0.0,0.3187094235687586,3.4017618373446594,7.6923076923076925,3.399567184733425,0.0,,0.0,1.1286770489224476,0.0,1.1292543773362187,10.1436062080563
Personal Care and Service Occupations,2019,0.06183574879227053,36012.65732399066,20.950724637681127,,10.349294758999955,32576.666666666668,61.25,10.201073879803818,27010.0,10.40955634272605,36016.100200400804,62.47681658223443,10.348173373797573,31200.0,99.42109363990133,90.45028885804838,25875,2.2917874396135263,0.0,2.293205460381299,9.23671497584541,6.25,9.238562976139836,1.9130434782608694,6.25,1.9103600293901544,0.6685990338164252,0.0,0.6690127228431108,3.934299516908213,12.5,3.9289995746161877,0.8968968968968969,0.0,0.8974358974358974,1.3951690821256038,6.25,1.392165203604161,10.16103253056767
Personal Care and Service Occupations,2020,0.05678591709256105,36203.10970519175,-8.166524701873934,20.950724637681127,9.981969277574871,21840.0,61.285714285714285,9.94270826568941,20800.0,10.41564334687384,36208.732741746055,61.625771103896106,10.348173373797573,31200.0,95.83631990020922,60.31694109752716,24654,3.3098077391092726,0.0,3.3116883116883113,13.969335604770016,7.142857142857142,13.973214285714286,2.0524052892025635,0.0,2.0535714285714284,1.2168410805548795,0.0,1.2175324675324677,3.5815689137665285,28.57142857142857,3.56737012987013,2.1632251720747298,14.285714285714285,2.1562679347380502,2.3647278332116493,21.428571428571427,2.353896103896104,10.112694438111465
Personal Care and Service Occupations,2021,0.06961849067112225,41706.8630537441,22.59816207184626,-8.166524701873934,10.772009281856752,56361.625,62.65,10.569053347513087,38916.5,10.535372663748204,41693.66948008103,66.12700292601366,10.47333651675158,35360.0,102.24611530755627,135.18029404182457,28728,4.619186856028961,0.0,4.622404904556221,20.18240044555834,15.0,20.18601086805072,2.3426622110832636,10.0,2.337327574195346,1.4898357003620162,0.0,1.4908736240769125,5.092592592592593,0.0,5.096140448655427,1.648662006637012,10.0,1.6427612520313712,1.7300194931773878,5.0,1.7277413961265153,10.265627535905919
Personal Care and Service Occupations,2022,0.11711045364891517,44154.58281809307,68.21745562130177,22.59816207184626,10.729979595751717,48542.26666666667,57.8421052631579,10.684645610418787,43680.0,10.60843505744093,44149.22195976216,57.464702252391234,10.530494930591528,37440.0,101.14573485771147,109.95044649010657,32448,5.186760355029586,7.894736842105263,5.183585313174946,24.932199211045365,5.263157894736842,24.955260721999384,3.1866370808678504,5.263157894736842,3.1842024066646095,1.9693047337278107,2.631578947368421,1.968528232027152,6.234590729783037,13.157894736842104,6.226473310706572,3.028801486528337,24.324324324324326,3.0043716863547574,3.125,18.421052631578945,3.107065720456649,10.387394086950856
Personal Care and Service Occupations,2023,0.12107956098894662,46166.81099684185,3.389199867614212,68.21745562130177,10.875848909617838,57507.15,55.806451612903224,10.978204509286064,58600.0,10.655758207451907,46148.414794387216,50.906694822462065,10.584562151861805,39520.0,102.06546261543374,124.61348944751683,25603,6.405499355544272,12.903225806451612,6.397622399499453,28.781783384759596,22.58064516129032,28.789300797747536,3.991719720345272,6.451612903225806,3.988737681839512,2.550482365347811,0.0,2.5535742218050994,7.362418466585948,3.225806451612903,7.367433129985922,2.1416479666154875,10.0,2.1323558393441333,2.218490020700699,9.67741935483871,2.209447833567965,10.150464811101735
Production Occupations,2018,0.21230236326051735,37231.68085443038,,,10.758908356566526,55904.75,64.21052631578948,10.483186942404103,35750.0,10.446515092410925,37202.08803486529,60.61233973461732,10.37123864672857,31928.0,102.99040647902326,150.27315119411261,53697,3.2441290947352734,8.771929824561402,3.23236847507605,10.700784028902918,8.771929824561402,10.704887744247243,1.810156992010727,3.508771929824561,1.806543120019409,0.17505633461832132,1.7543859649122806,0.17169624694399344,2.856770396856435,6.140350877192982,2.849784446559543,0.0,,0.0,0.7039499413375049,0.8771929824561403,0.7035813597596252,10.891112413014609
Production Occupations,2019,0.2405530826782839,37312.85302635389,13.306832285752733,,10.9379303224427,63100.35,62.78740157480315,10.938527102778965,56482.5,10.453021308906317,37275.45816415313,59.60171261487051,10.380963196620565,32240.0,104.63893643001785,169.28121908554303,52795,4.409508476181456,7.086614173228346,4.403053087263613,14.35363197272469,8.661417322834646,14.36735778841042,2.880954635855668,2.3622047244094486,2.882205513784461,0.5985415285538402,0.0,0.5999848105111263,3.4226726015721187,8.661417322834646,3.410040252145515,1.0849487663082575,1.6,1.0836939149417222,0.9830476370868454,2.3622047244094486,0.9797220323536113,10.874171768240615
Production Occupations,2020,0.22337924084648975,36542.23083639706,-7.139314799287977,13.306832285752733,11.003803293212968,74236.0,57.330827067669176,10.842137868861048,51766.0,10.448689459601752,36500.610921972766,60.053663709663844,10.380963196620565,32240.0,105.31276037782038,203.3828972306629,59540,5.969096405777628,12.781954887218044,5.953843823118488,21.56029559959691,16.541353383458645,21.57153197434646,3.558951965065502,3.007518796992481,3.5601865100072385,0.9724554921061471,0.0,0.9746326190516269,3.3170977494121603,6.015037593984962,3.3110576194724533,1.9162093894260082,7.518796992481203,1.9031987707780418,1.734968088679879,4.511278195488721,1.7287525039136802,10.994403634569768
Production Occupations,2021,0.2940266171463943,39888.32496639907,31.626652518017416,-7.139314799287977,10.977003326538707,67690.26530612246,65.4342105263158,10.95430917736789,57200.0,10.536982944374811,39838.75090975255,65.91623984686223,10.47333651675158,35360.0,104.17596179558022,169.91061155371676,77544,6.579490353863612,7.456140350877193,6.576905168399813,25.847260909935006,16.666666666666664,25.874333902426404,3.3439079748271947,3.9473684210526314,3.342128408091469,1.9408335912514185,3.9473684210526314,1.9349164467897977,5.600691220468379,17.982456140350877,5.564178177867453,2.6684611701370464,12.77533039647577,2.638683383952444,2.2928917775714432,10.087719298245613,2.2699053236070155,11.258600796172443
Production Occupations,2022,0.3531672739979035,44333.76886417792,20.1140486618133,31.626652518017416,11.07647062780257,74909.07407407407,57.791519434628974,11.024513436041138,61360.0,10.641978043565738,44251.58536585366,58.100051346917304,10.584562151861805,39520.0,104.08281789774534,169.27997823073926,80132,8.751809514301403,9.187279151943462,8.750266127315308,29.083262616682475,22.614840989399294,29.106187929717343,4.169370538611291,5.30035335689046,4.165362121003394,2.937652872759946,4.946996466431095,2.9305313779759294,7.68232416512754,18.021201413427562,7.645681223308996,3.272348280321961,21.863799283154123,3.2069860631568337,2.6805770478710125,14.840989399293287,2.6374782401783365,11.291430553901543
Production Occupations,2023,0.34113670505758636,48219.50503417854,-3.4064789764151615,20.1140486618133,11.037585927155408,71374.0,51.07798165137615,10.965933954828005,57870.0,10.717036968218371,48147.55051511569,48.19153346104324,10.635855446249355,41600.0,102.99102223765424,148.2401477051101,63904,10.863169754631947,15.59633027522936,10.84696793643815,34.360916374561846,27.06422018348624,34.38589328894891,5.243803204807211,5.045871559633028,5.244480733599221,4.628818227341012,5.045871559633028,4.6273906353044625,9.116800200300451,20.642201834862387,9.077348239801527,3.442728950149032,11.926605504587156,3.413460777642386,2.959126189283926,11.46788990825688,2.9300003140407624,11.065137236215541
Sales and Related Occupations,2018,0.29955067398901647,58134.474448386965,,,11.383368852434721,101532.26190476191,61.28823529411765,11.43459855994754,92500.0,10.776904711152131,58060.0083343547,64.51081327874164,10.703244468154331,44500.0,105.62744273552877,174.87469398912268,170255,4.963143520014097,1.7647058823529411,4.9727532475183365,11.5168423834836,8.627450980392156,11.525523579486878,2.1162374085929927,0.9803921568627451,2.1196500633302895,0.8217086135502628,0.5882352941176471,0.8224100857168105,5.106457960118646,7.254901960784315,5.100002945594863,1.694915254237288,,1.694915254237288,3.4965199259933626,10.980392156862745,3.47403458128369,12.045052592156134
Sales and Related Occupations,2019,0.33655528930292666,60458.280328646855,12.353374078960355,,11.44003627608837,102700.52083333333,60.6576,11.512925464970229,100000.0,10.821059515112365,60398.05257529852,61.437664793602764,10.731165626053679,45760.0,105.72011234308027,170.0394573240522,185705,5.190490293745457,1.28,5.203695699157121,14.520341401685469,9.120000000000001,14.53857791225416,2.3865808675049136,2.2399999999999998,2.387075859087962,1.209983576101882,1.28,1.2097471363734602,6.5991761126517865,11.360000000000001,6.583099200345796,4.644827198018688,14.796747967479677,4.6095625405970235,3.5750249050914085,9.76,3.55413875081046,12.13191467212641
Sales and Related Occupations,2020,0.3583811822140856,59018.02204309919,6.48508390890683,12.353374078960355,11.14903597932706,87102.47272727273,57.574303405572756,11.22326810959768,74852.0,10.800846908255139,58981.67574944703,62.29053666575729,10.714417768752456,45000.0,103.22372008444817,147.67717536083967,180255,4.981831294554936,0.9287925696594427,4.996408865925426,18.36232004660065,10.526315789473683,18.390503816623887,2.4859227205902745,3.4055727554179565,2.4826150137242564,1.6454467282460958,3.0959752321981426,1.6402296098747837,7.714071731713407,15.325077399380804,7.686697214504841,8.88233630892273,20.532915360501566,8.839286231401417,6.896896063909462,15.015479876160992,6.8676959395130535,12.10212779401351
Sales and Related Occupations,2021,0.42616303986670967,57930.2767814361,18.91334172008321,6.48508390890683,11.23833104646242,85079.47435897436,64.80225988700565,11.257512653087232,77500.0,10.795500380446546,57857.60562800275,67.86075190297028,10.699439481500988,44331.0,104.10199296382736,147.0497671576585,207667,7.879441606032735,3.1638418079096042,7.899623758354209,27.083744648884995,17.17514124293785,27.1261521795901,3.6553713396928735,3.5028248587570623,3.6560242187424437,3.7502347508270453,4.858757062146893,3.745490419862464,10.626146667501336,16.610169491525422,10.600535830004546,9.997281500611663,31.077981651376145,9.907665607144947,7.310742679385747,19.887005649717516,7.25691791355147,12.24369111423663
Sales and Related Occupations,2022,0.4171754171754171,55878.33324476399,-2.10896343664706,18.91334172008321,11.387563613821897,102511.79292929293,56.070953436807095,11.399161390154212,89250.0,10.780573048217176,55733.567871813364,60.744926015029215,10.657259354912508,42500.0,105.6304109520885,183.93186878878635,216216,8.482258482258482,6.097560975609756,8.492248530053782,29.304491804491807,21.951219512195124,29.335296357877333,4.233266733266734,6.208425720620843,4.224992336773271,4.9293299293299295,11.862527716186252,4.900285164921928,13.33897583897584,24.944567627494457,13.29035733858458,8.86249959363375,31.555555555555554,8.767249781973016,6.743719243719244,22.394678492239468,6.678153766127609,12.284033186999386
Sales and Related Occupations,2023,0.33341154771714043,56383.86127910791,-20.078812415510818,-2.10896343664706,11.49527011437282,113078.7196969697,46.28150572831424,11.512925464970229,100000.0,10.795184727742003,56186.82013138321,52.18901591055922,10.6654142484909,42848.0,106.48516356400741,201.25488403250898,183257,10.8366938234283,6.710310965630114,10.850497684044544,35.54789175856857,31.42389525368249,35.56168763619242,6.233322601592299,5.073649754500818,6.237202019206553,7.963679422886984,17.18494271685761,7.932831816738391,15.437336636526844,27.986906710310965,15.395354948917578,7.818934560349655,37.067545304777596,7.721124975897309,6.188576698298019,25.040916530278235,6.125510550463739,12.118644818200774
Transportation and Material Moving Occupations,2018,0.041341625624618045,50196.57968366356,,,10.460925493269146,35880.0,72.3695652173913,10.443483553601899,34320.0,10.703616014577348,50197.80601319133,63.86161910413407,10.680516217076775,43500.0,97.73263053366564,71.47722749191708,111268,6.1715857209620015,6.521739130434782,6.171440901979825,21.950605744688502,8.695652173913043,21.956087824351297,3.4367473127943344,0.0,3.438168707629786,0.1860373153107812,2.1739130434782608,0.18521515527503551,1.3031599381673078,4.3478260869565215,1.3019007030983079,2.564102564102564,,2.564102564102564,0.3424165078908581,2.1739130434782608,0.34165902429375483,11.619696984693451
Transportation and Material Moving Occupations,2019,0.033651758575770734,44182.104241281806,-18.60078536502484,,10.485830703526062,38192.625,59.806451612903224,10.45020862577942,34663.0,10.591159799383584,44183.60998680158,61.21499853402687,10.47333651675158,35360.0,99.00549988997756,86.44070733787666,92120,4.829570125922709,0.0,4.8311959083060945,21.0790273556231,12.903225806451612,21.081779582794905,3.222970039079462,3.225806451612903,3.2229690842554484,0.578593139383413,0.0,0.578787911694122,2.248154580981329,3.225806451612903,2.2478254731835507,0.3850601165283968,0.0,0.38519416930575207,0.5742509769865393,0.0,0.5744442875913519,11.430847353934622
Transportation and Material Moving Occupations,2020,0.026920951584793913,42269.29559042258,-20.001352903509183,-18.60078536502484,10.52968533853976,40678.9,55.21052631578947,10.40409311467534,33020.0,10.562795448161436,42269.52753471007,62.520018991468014,10.425134414933702,33696.0,99.6865402744551,96.23694035045955,141154,5.673944769542485,5.263157894736842,5.674055387057456,29.07250237329442,18.421052631578945,29.07537061708098,7.670345863383256,2.631578947368421,7.671702712661924,1.370134746447143,2.631578947368421,1.3697950622183168,2.02190515323689,5.263157894736842,2.0210323421865697,0.5654149583339501,0.0,0.5655656396665828,0.5901355965824561,0.0,0.5902945094815613,11.857606771926934
Transportation and Material Moving Occupations,2021,0.06719910559774496,46920.261843522334,149.61638293537084,-20.001352903509183,10.663532156585397,48247.63636363636,66.02654867256638,10.520991606653741,37128.0,10.664555599651951,46919.89174049149,65.48412915664944,10.530494930591528,37440.0,99.9904033219482,102.82981177895397,168157,7.5792265561350405,6.1946902654867255,7.580157577777248,36.86376422034171,11.504424778761061,36.88081692889958,7.994909519080383,4.424778761061947,7.997310228273548,3.968315324369488,5.3097345132743365,3.9674132965175786,5.318838942179035,32.743362831858406,5.300397514936564,0.7695586143142704,3.5398230088495577,0.767678223888128,0.7724923731988558,2.6548672566371683,0.7712265835138417,12.032653345799405
Transportation and Material Moving Occupations,2022,0.08557010166020625,48729.813507495455,27.3381556183655,149.61638293537084,10.630347933477221,47164.969696969696,56.7008547008547,10.47333651675158,35360.0,10.708292847047689,48730.62368408667,57.91696983449599,10.584562151861805,39520.0,99.27210700450766,96.78712507915583,136730,8.390989541432019,6.837606837606838,8.392319910989437,36.71249908578951,23.076923076923077,36.72417705489229,5.294375777078915,4.273504273504273,5.295250086009384,6.326336575733197,11.11111111111111,6.322238732770673,9.225480874716595,29.059829059829063,9.20849406718248,0.8064753711996229,14.655172413793101,0.7946336429308566,0.9646749067505302,9.401709401709402,0.9574491446641242,11.825763457303127
Transportation and Material Moving Occupations,2023,0.07586773724473667,51084.08774996144,-11.338498175445777,27.3381556183655,10.932599594704467,61059.333333333336,48.523809523809526,10.883679712332427,53305.0,10.751517225184596,51076.903561568666,49.491282143986986,10.635855446249355,41600.0,101.68424944802858,119.54392117707711,110719,9.677652435444685,10.714285714285714,9.676865368102318,40.47092188332626,28.57142857142857,40.479956614091385,6.056774356704811,5.952380952380952,6.0568536177520675,6.511077592825079,4.761904761904762,6.512405658245582,8.611891364625764,21.428571428571427,8.602160256699959,0.8892445058691957,4.819277108433735,0.8862763653569673,0.9492499029073601,3.571428571428571,0.947259004835721,11.614750739018803
