firm_category,benefit,benefit_label,status,ai_role_coef,ai_role_se,ai_role_pvalue,lower_ci,upper_ci,nobs,pseudo_r2,converged,specification,period
SMEs,EDU_ASSISTANCE,Tuition Assistance,ok,0.03142444214800715,0.365473057590967,0.9314799915944594,-0.6849027507302882,0.7477516350263024,52971.0,0.06910264344155892,True,yearly_naics3_state_education_experience_salary,2018
SMEs,PAID LEAVE,Paid Leave,ok,-0.1497325774586771,0.15989732117722388,0.3490520664037635,-0.46313132696603587,0.1636661720486817,52971.0,0.040190568429830154,True,yearly_naics3_state_education_experience_salary,2018
SMEs,HEALTH_WELLBEING,Health and Wellbeing,ok,0.4761816496860148,0.2713564813445556,0.07929018402668411,-0.05567705374931414,1.0080403531213438,52971.0,0.0267485081314921,True,yearly_naics3_state_education_experience_salary,2018
SMEs,PARENTAL_LEAVE,Parental Leave,error,,,,,,,,False,yearly_naics3_state_education_experience_salary,2018
SMEs,CULTURE,Workplace Culture,ok,0.9285230998702068,0.20778330031074585,7.869310761622014e-06,0.521267831261145,1.3357783684792686,52971.0,0.08206495373028677,True,yearly_naics3_state_education_experience_salary,2018
SMEs,REMOTE_KW,Remote Work,ok,-0.049543839039481806,0.26246742061683387,0.8502794641063797,-0.5639799834484761,0.46489230536951254,52971.0,0.08428327869476826,True,yearly_naics3_state_education_experience_salary,2018
SMEs,EDU_ASSISTANCE,Tuition Assistance,ok,0.1047420714366292,0.21213581282112556,0.6214827026274508,-0.31104412169277695,0.5205282645660353,102267.0,0.04991853842933314,True,yearly_naics3_state_education_experience_salary,2019
SMEs,PAID LEAVE,Paid Leave,ok,-0.08060047393298389,0.09940841773342106,0.4174797901116726,-0.27544097269048917,0.11424002482452139,102267.0,0.035414624662910565,True,yearly_naics3_state_education_experience_salary,2019
SMEs,HEALTH_WELLBEING,Health and Wellbeing,ok,0.4832068170518807,0.19199227513783054,0.011842487859342152,0.10690195778173284,0.8595116763220285,102267.0,0.02045311010093398,True,yearly_naics3_state_education_experience_salary,2019
SMEs,PARENTAL_LEAVE,Parental Leave,ok,0.06303053237312549,0.24410038080780463,0.7962404997854438,-0.4154062140101716,0.5414672787564225,102267.0,0.04317475000714699,True,yearly_naics3_state_education_experience_salary,2019
SMEs,CULTURE,Workplace Culture,ok,0.5714359362623286,0.1760117088871868,0.0011680098372406143,0.22645298684344245,0.9164188856812148,102267.0,0.05525939013283321,True,yearly_naics3_state_education_experience_salary,2019
SMEs,REMOTE_KW,Remote Work,ok,0.1261864251502043,0.16639069854509658,0.44822695452443695,-0.199939343998185,0.4523121942985936,102267.0,0.08339713665296467,True,yearly_naics3_state_education_experience_salary,2019
SMEs,EDU_ASSISTANCE,Tuition Assistance,ok,0.123125882656587,0.17775155186288713,0.48850708163516454,-0.22526715899467178,0.4715189243078458,119617.0,0.06346490584420483,True,yearly_naics3_state_education_experience_salary,2020
SMEs,PAID LEAVE,Paid Leave,ok,-0.1897195560944321,0.08934911964076916,0.03372443729777209,-0.36484383059033965,-0.014595281598524551,119617.0,0.046235470894827935,True,yearly_naics3_state_education_experience_salary,2020
SMEs,HEALTH_WELLBEING,Health and Wellbeing,ok,0.2215995592373697,0.23089630628856847,0.33718796518710836,-0.2309572010882245,0.674156319562964,119617.0,0.024552364845678132,True,yearly_naics3_state_education_experience_salary,2020
SMEs,PARENTAL_LEAVE,Parental Leave,ok,0.2503384615635542,0.20124800194735532,0.21352526386032333,-0.14410762225326218,0.6447845453803707,119617.0,0.044655384904653594,True,yearly_naics3_state_education_experience_salary,2020
SMEs,CULTURE,Workplace Culture,ok,0.6736500896315418,0.17010031639786607,7.485233458624125e-05,0.3402534694917243,1.0070467097713593,119617.0,0.06547526709182883,True,yearly_naics3_state_education_experience_salary,2020
SMEs,REMOTE_KW,Remote Work,ok,0.3256352446040931,0.1045346760777604,0.0018388688161040854,0.12074727949168271,0.5305232097165035,119617.0,0.11050315527687704,True,yearly_naics3_state_education_experience_salary,2020
SMEs,EDU_ASSISTANCE,Tuition Assistance,ok,-0.12448535972888129,0.14588749009872667,0.39349461537026964,-0.4104248403223856,0.16145412086462296,176138.0,0.06136295543101167,True,yearly_naics3_state_education_experience_salary,2021
SMEs,PAID LEAVE,Paid Leave,ok,-0.08744099836353487,0.07009946583060295,0.21225648844943867,-0.22483595139151663,0.049953954664446895,176138.0,0.04971257222638725,True,yearly_naics3_state_education_experience_salary,2021
SMEs,HEALTH_WELLBEING,Health and Wellbeing,ok,-0.008599171600995726,0.19785841648574035,0.9653338634238852,-0.39640166791304676,0.37920332471105533,176138.0,0.01953477928242886,True,yearly_naics3_state_education_experience_salary,2021
SMEs,PARENTAL_LEAVE,Parental Leave,ok,0.47070459381688334,0.12724304880989976,0.00021623253090937867,0.22130821814947982,0.7201009694842868,176138.0,0.051970496979882985,True,yearly_naics3_state_education_experience_salary,2021
SMEs,CULTURE,Workplace Culture,ok,0.5852298975472008,0.12041903215044951,1.1741824893286363e-06,0.3492085945323198,0.8212512005620818,176138.0,0.07339696536586648,True,yearly_naics3_state_education_experience_salary,2021
SMEs,REMOTE_KW,Remote Work,ok,0.5889879829301589,0.08148288297662348,4.88845043018375e-13,0.4292815322959769,0.7486944335643408,176138.0,0.135876913577331,True,yearly_naics3_state_education_experience_salary,2021
SMEs,EDU_ASSISTANCE,Tuition Assistance,ok,-0.13786018174774609,0.12239490661100291,0.26001505553735516,-0.3777541987053118,0.10203383520981962,191909.0,0.062097049718269015,True,yearly_naics3_state_education_experience_salary,2022
SMEs,PAID LEAVE,Paid Leave,ok,0.022517209856758674,0.06244836755416896,0.7184185011557735,-0.09988159054941248,0.14491601026292983,191909.0,0.0413420446912518,True,yearly_naics3_state_education_experience_salary,2022
SMEs,HEALTH_WELLBEING,Health and Wellbeing,ok,0.3732261782398479,0.13257547609350132,0.00487472319243998,0.11337824509658528,0.6330741113831104,191909.0,0.019559467413712728,True,yearly_naics3_state_education_experience_salary,2022
SMEs,PARENTAL_LEAVE,Parental Leave,ok,0.6425305567133289,0.09867508022489746,7.436501806791683e-11,0.4491273994725299,0.835933713954128,191909.0,0.0506182908594458,True,yearly_naics3_state_education_experience_salary,2022
SMEs,CULTURE,Workplace Culture,ok,0.6086671681497937,0.09118831657790694,2.4750675620847783e-11,0.42993806765709613,0.7873962686424913,191909.0,0.0713580077359145,True,yearly_naics3_state_education_experience_salary,2022
SMEs,REMOTE_KW,Remote Work,ok,0.6291047937691743,0.0758785933187251,1.1235783502734738e-16,0.48038275086447313,0.7778268366738754,191909.0,0.11939894205438162,True,yearly_naics3_state_education_experience_salary,2022
SMEs,EDU_ASSISTANCE,Tuition Assistance,ok,-0.19759807021227357,0.10546914177287173,0.06099723658353191,-0.40431758808710216,0.009121447662555016,173743.0,0.06474046431534886,True,yearly_naics3_state_education_experience_salary,2023
SMEs,PAID LEAVE,Paid Leave,ok,0.010992666356514528,0.056220353455478,0.8449794376510744,-0.09919922641622236,0.12118455912925141,173743.0,0.039499810692143034,True,yearly_naics3_state_education_experience_salary,2023
SMEs,HEALTH_WELLBEING,Health and Wellbeing,ok,0.28417711337609747,0.10490112964087035,0.006748643054411295,0.07857089927999159,0.4897833274722033,173743.0,0.02429152094947007,True,yearly_naics3_state_education_experience_salary,2023
SMEs,PARENTAL_LEAVE,Parental Leave,ok,0.6845080030728218,0.07729049514874427,8.271225616146672e-19,0.533018632581283,0.8359973735643605,173743.0,0.06223643647954824,True,yearly_naics3_state_education_experience_salary,2023
SMEs,CULTURE,Workplace Culture,ok,0.41251503695253294,0.07429675322629348,2.819965701238269e-08,0.2668934006289977,0.5581366732760682,173743.0,0.07895227742749933,True,yearly_naics3_state_education_experience_salary,2023
SMEs,REMOTE_KW,Remote Work,ok,0.35463043666543076,0.06754267991911006,1.5171622173892967e-07,0.22224678402397505,0.4870140893068865,173743.0,0.1259404687680381,True,yearly_naics3_state_education_experience_salary,2023
SMEs,EDU_ASSISTANCE,Tuition Assistance,ok,-0.04567443141120391,0.08690161181550272,0.5991745996060198,-0.21600159056958926,0.12465272774718142,176917.0,0.06928052096565407,True,yearly_naics3_state_education_experience_salary,2024
SMEs,PAID LEAVE,Paid Leave,ok,-0.08767085580886945,0.04944488528298196,0.07621170337238785,-0.18458283096351408,0.009241119345775192,176917.0,0.034931500660361214,True,yearly_naics3_state_education_experience_salary,2024
SMEs,HEALTH_WELLBEING,Health and Wellbeing,ok,0.1386170273210215,0.09580537810061165,0.14793596863909833,-0.04916151375617736,0.32639556839822037,176917.0,0.027073521860811356,True,yearly_naics3_state_education_experience_salary,2024
SMEs,PARENTAL_LEAVE,Parental Leave,ok,0.4855240362904388,0.07091794223685702,7.579545842003972e-12,0.346524869506199,0.6245232030746786,176917.0,0.0668434561353225,True,yearly_naics3_state_education_experience_salary,2024
SMEs,CULTURE,Workplace Culture,ok,0.47725942388682263,0.062399133363979634,2.0334602424883483e-14,0.35495712249342254,0.5995617252802227,176917.0,0.06581603518747048,True,yearly_naics3_state_education_experience_salary,2024
SMEs,REMOTE_KW,Remote Work,ok,0.39621042707262905,0.05972697915826207,3.273910207599355e-11,0.2791455479224354,0.5132753062228227,176917.0,0.12488833059261306,True,yearly_naics3_state_education_experience_salary,2024
SMEs,EDU_ASSISTANCE,Tuition Assistance,ok,-0.1823260344308248,0.06552390255052895,0.005392721446082123,-0.3107528834298615,-0.05389918543178804,189828.0,0.077234864220876,True,yearly_naics3_state_education_experience_salary,2025
SMEs,PAID LEAVE,Paid Leave,ok,-0.0686272378514539,0.036193687499125014,0.05794540906178458,-0.13956686534973894,0.0023123896468311284,189828.0,0.04415387498691692,True,yearly_naics3_state_education_experience_salary,2025
SMEs,HEALTH_WELLBEING,Health and Wellbeing,ok,0.10106633225700752,0.06620327445046267,0.12685895303828118,-0.028692085665899328,0.23082475017991438,189828.0,0.03597700709886331,True,yearly_naics3_state_education_experience_salary,2025
SMEs,PARENTAL_LEAVE,Parental Leave,ok,0.6092765186962984,0.049274443697025466,4.0441326667245525e-35,0.5126986090501284,0.7058544283424684,189828.0,0.08415020236319459,True,yearly_naics3_state_education_experience_salary,2025
SMEs,CULTURE,Workplace Culture,ok,0.5025928289752092,0.04557861117653132,2.8332720547857102e-28,0.4132587510692078,0.5919269068812105,189828.0,0.051499722268816495,True,yearly_naics3_state_education_experience_salary,2025
SMEs,REMOTE_KW,Remote Work,ok,0.6496344170689976,0.042809507142061706,5.177504787265007e-52,0.5657277830705567,0.7335410510674385,189828.0,0.1386539353850974,True,yearly_naics3_state_education_experience_salary,2025
Large firms,EDU_ASSISTANCE,Tuition Assistance,error,,,,,,,,False,yearly_naics3_state_education_experience_salary,2018
Large firms,PAID LEAVE,Paid Leave,error,,,,,,,,False,yearly_naics3_state_education_experience_salary,2018
Large firms,HEALTH_WELLBEING,Health and Wellbeing,error,,,,,,,,False,yearly_naics3_state_education_experience_salary,2018
Large firms,PARENTAL_LEAVE,Parental Leave,error,,,,,,,,False,yearly_naics3_state_education_experience_salary,2018
Large firms,CULTURE,Workplace Culture,error,,,,,,,,False,yearly_naics3_state_education_experience_salary,2018
Large firms,REMOTE_KW,Remote Work,error,,,,,,,,False,yearly_naics3_state_education_experience_salary,2018
Large firms,EDU_ASSISTANCE,Tuition Assistance,ok,-0.9789178420685771,0.21364429294434073,4.605530729971951e-06,-1.3976606562394849,-0.5601750278976694,113243.0,0.1124871408037903,True,yearly_naics3_state_education_experience_salary,2019
Large firms,PAID LEAVE,Paid Leave,ok,0.3074264142522333,0.09886612230247618,0.0018739012412552591,0.11364881453938,0.5012040139650866,113243.0,0.0674464005189841,True,yearly_naics3_state_education_experience_salary,2019
Large firms,HEALTH_WELLBEING,Health and Wellbeing,ok,-0.4040757452960079,0.21301062829758677,0.057831294284704605,-0.821576576759278,0.013425086167262124,113243.0,0.11248886372559508,True,yearly_naics3_state_education_experience_salary,2019
Large firms,PARENTAL_LEAVE,Parental Leave,ok,-1.0817932920582858,0.5091381067210787,0.033607134616126494,-2.0797039812316003,-0.08388260288497151,113243.0,0.09081985493998856,True,yearly_naics3_state_education_experience_salary,2019
Large firms,CULTURE,Workplace Culture,ok,0.1863568607931535,0.15016227881461697,0.21459228551892007,-0.10796120568349576,0.48067492726980277,113243.0,0.09577807515479442,True,yearly_naics3_state_education_experience_salary,2019
Large firms,REMOTE_KW,Remote Work,ok,-0.4885383735517104,0.18254093118932685,0.007443501570906815,-0.846318598682791,-0.13075814842062983,113243.0,0.35247260763700894,True,yearly_naics3_state_education_experience_salary,2019
Large firms,EDU_ASSISTANCE,Tuition Assistance,ok,0.04585627371408457,0.17368930669116778,0.7917697294311669,-0.2945747674006043,0.38628731482877343,112437.0,0.08317095777153005,True,yearly_naics3_state_education_experience_salary,2020
Large firms,PAID LEAVE,Paid Leave,ok,0.4098698357829113,0.10266380012906777,6.542168015806805e-05,0.20864878752993848,0.6110908840358842,112437.0,0.06721094990978493,True,yearly_naics3_state_education_experience_salary,2020
Large firms,HEALTH_WELLBEING,Health and Wellbeing,ok,-0.22624984560267514,0.23373843657007695,0.33306351676255697,-0.6843771812800259,0.23187749007467567,112437.0,0.10523480149831221,False,yearly_naics3_state_education_experience_salary,2020
Large firms,PARENTAL_LEAVE,Parental Leave,ok,0.8659725081911601,0.18958968727347247,4.93307414967909e-06,0.4943767211351541,1.2375682952471663,112437.0,0.07585137934140629,True,yearly_naics3_state_education_experience_salary,2020
Large firms,CULTURE,Workplace Culture,ok,0.5162237931828058,0.14201638995299673,0.00027802455637012785,0.23787166887493216,0.7945759174906794,112437.0,0.09592673480872871,True,yearly_naics3_state_education_experience_salary,2020
Large firms,REMOTE_KW,Remote Work,ok,-0.44579169103399946,0.1560558907109018,0.004281840588263058,-0.751661236827367,-0.1399221452406319,112437.0,0.24373950197650063,True,yearly_naics3_state_education_experience_salary,2020
Large firms,EDU_ASSISTANCE,Tuition Assistance,ok,-0.4931677443551589,0.10907138733812771,6.1399059222494e-06,-0.7069476635378893,-0.2793878251724286,166951.0,0.09700428669921868,True,yearly_naics3_state_education_experience_salary,2021
Large firms,PAID LEAVE,Paid Leave,ok,0.02550271489472814,0.06477335745503482,0.6937860798186952,-0.1014530657171401,0.15245849550659638,166951.0,0.05951630179662715,True,yearly_naics3_state_education_experience_salary,2021
Large firms,HEALTH_WELLBEING,Health and Wellbeing,ok,0.31584828325845615,0.10585858493433299,0.002848032249208935,0.1083654567871635,0.5233311097297488,166951.0,0.088794400632077,True,yearly_naics3_state_education_experience_salary,2021
Large firms,PARENTAL_LEAVE,Parental Leave,ok,0.06487951076102066,0.1169315532079424,0.5789970390362549,-0.16430633352654644,0.2940653550485878,166951.0,0.13170097780269197,True,yearly_naics3_state_education_experience_salary,2021
Large firms,CULTURE,Workplace Culture,ok,0.05146555789574079,0.08478693521746125,0.5438517870690321,-0.11471683513048328,0.21764795092196484,166951.0,0.09455739822842757,True,yearly_naics3_state_education_experience_salary,2021
Large firms,REMOTE_KW,Remote Work,ok,0.2670299713621486,0.07752816482642591,0.0005725478764030254,0.11507476830235383,0.4189851744219434,166951.0,0.2480245931942694,True,yearly_naics3_state_education_experience_salary,2021
Large firms,EDU_ASSISTANCE,Tuition Assistance,ok,-0.11929819861324448,0.07140891560093353,0.09479389201038053,-0.2592596731910742,0.020663275964585226,214412.0,0.0780243065557149,True,yearly_naics3_state_education_experience_salary,2022
Large firms,PAID LEAVE,Paid Leave,ok,0.1537365048445198,0.04909083061457818,0.0017381243131702041,0.05751847683994657,0.24995453284909305,214412.0,0.0526726667611469,True,yearly_naics3_state_education_experience_salary,2022
Large firms,HEALTH_WELLBEING,Health and Wellbeing,ok,0.1963459223705773,0.08296009108370836,0.01794497584920268,0.03374414384650892,0.35894770089464567,214412.0,0.0809486544004121,True,yearly_naics3_state_education_experience_salary,2022
Large firms,PARENTAL_LEAVE,Parental Leave,ok,-0.001596386809335852,0.08434736116805733,0.9848998672688976,-0.16691721469872822,0.16372444108005652,214412.0,0.1024996318532636,True,yearly_naics3_state_education_experience_salary,2022
Large firms,CULTURE,Workplace Culture,ok,0.1636463420709402,0.05602186322578357,0.0034878031727337616,0.05384349014840441,0.273449193993476,214412.0,0.10734319206564369,True,yearly_naics3_state_education_experience_salary,2022
Large firms,REMOTE_KW,Remote Work,ok,0.3886599203138121,0.05651486631637299,6.107160736025553e-12,0.277890782333721,0.49942905829390316,214412.0,0.23452405943466592,True,yearly_naics3_state_education_experience_salary,2022
Large firms,EDU_ASSISTANCE,Tuition Assistance,ok,0.29074354314036255,0.04686808239174785,5.524056307776955e-10,0.19888210165253678,0.3826049846281883,263759.0,0.05508164570941709,True,yearly_naics3_state_education_experience_salary,2023
Large firms,PAID LEAVE,Paid Leave,ok,0.11345602059223406,0.038496067667082905,0.003206546873774184,0.03800372796475157,0.18890831321971654,263759.0,0.044652591448503864,True,yearly_naics3_state_education_experience_salary,2023
Large firms,HEALTH_WELLBEING,Health and Wellbeing,ok,0.38582727957627816,0.05451528367585947,1.468683513798683e-12,0.2789773235715936,0.4926772355809627,263759.0,0.05674568754015119,True,yearly_naics3_state_education_experience_salary,2023
Large firms,PARENTAL_LEAVE,Parental Leave,ok,0.29065965350409645,0.04717904579226233,7.238816036870123e-10,0.19818872375126229,0.3831305832569306,263759.0,0.1116364974317885,True,yearly_naics3_state_education_experience_salary,2023
Large firms,CULTURE,Workplace Culture,ok,0.014725392730444509,0.04311368901639248,0.7326911027037204,-0.06977743774168475,0.09922822320257378,263759.0,0.08851019978741737,True,yearly_naics3_state_education_experience_salary,2023
Large firms,REMOTE_KW,Remote Work,ok,0.4603387918165287,0.043910181751254794,1.0270643841450876e-25,0.3742748355840693,0.5464027480489881,263759.0,0.19089918096907899,True,yearly_naics3_state_education_experience_salary,2023
Large firms,EDU_ASSISTANCE,Tuition Assistance,ok,0.08218109167632041,0.043475244462808704,0.058718349741496444,-0.003030387470784643,0.16739257082342546,273787.0,0.05528398295988379,True,yearly_naics3_state_education_experience_salary,2024
Large firms,PAID LEAVE,Paid Leave,ok,0.04294482135505667,0.03232243421008328,0.18396735724238011,-0.020407149696706553,0.1062967924068199,273787.0,0.051715561302512425,True,yearly_naics3_state_education_experience_salary,2024
Large firms,HEALTH_WELLBEING,Health and Wellbeing,ok,0.14463718449445354,0.04833335709611461,0.0027670991831269653,0.0499038045860689,0.23937056440283816,273787.0,0.04884629461975154,True,yearly_naics3_state_education_experience_salary,2024
Large firms,PARENTAL_LEAVE,Parental Leave,ok,0.09878348639109474,0.040936546778956154,0.015818003543335884,0.018547854704340686,0.17901911807784882,273787.0,0.10232482937774412,True,yearly_naics3_state_education_experience_salary,2024
Large firms,CULTURE,Workplace Culture,ok,0.3298233884536742,0.03390328053322377,2.282383231517482e-22,0.2633729586085556,0.3962738182987928,273787.0,0.0747304458632071,True,yearly_naics3_state_education_experience_salary,2024
Large firms,REMOTE_KW,Remote Work,ok,0.25258076666235696,0.03763704017117624,1.9334474566770934e-11,0.1788121679268515,0.3263493653978624,273787.0,0.19663608917278108,True,yearly_naics3_state_education_experience_salary,2024
Large firms,EDU_ASSISTANCE,Tuition Assistance,ok,-0.04443098332506927,0.031238461625926976,0.15493435460703012,-0.10565836811188614,0.0167964014617476,317861.0,0.05965385423863079,True,yearly_naics3_state_education_experience_salary,2025
Large firms,PAID LEAVE,Paid Leave,ok,-0.12491114353036738,0.023418523061795815,9.614620780374182e-08,-0.17081144873148718,-0.07901083832924757,317861.0,0.06124712381392183,True,yearly_naics3_state_education_experience_salary,2025
Large firms,HEALTH_WELLBEING,Health and Wellbeing,ok,-0.09481070607942321,0.03558082351585389,0.007706678258091761,-0.16454912017049683,-0.02507229198834958,317861.0,0.05512798004632036,True,yearly_naics3_state_education_experience_salary,2025
Large firms,PARENTAL_LEAVE,Parental Leave,ok,0.013359788301871907,0.02960617036256504,0.6518092812947303,-0.04466830560875557,0.07138788221249939,317861.0,0.09825829210635684,True,yearly_naics3_state_education_experience_salary,2025
Large firms,CULTURE,Workplace Culture,ok,0.1340336862777496,0.026955795622082973,6.614569214187628e-07,0.08120032685846695,0.18686704569703222,317861.0,0.053351240552298784,True,yearly_naics3_state_education_experience_salary,2025
Large firms,REMOTE_KW,Remote Work,ok,0.26670071884659535,0.027264935972029357,1.3476393997372234e-22,0.2132614443414178,0.3201399933517729,317861.0,0.1706157791652978,True,yearly_naics3_state_education_experience_salary,2025
S&P 500 firms,EDU_ASSISTANCE,Tuition Assistance,ok,0.21451670873128928,0.5575753208776226,0.7004364620477148,-0.8783309201888511,1.3073643376514297,7816.0,0.528989513383173,False,yearly_naics3_state_education_experience_salary,2018
S&P 500 firms,PAID LEAVE,Paid Leave,ok,-0.059032816335404616,0.37325378892910394,0.8743328395923141,-0.7906102426364483,0.6725446099656391,7816.0,0.3737553507145702,False,yearly_naics3_state_education_experience_salary,2018
S&P 500 firms,HEALTH_WELLBEING,Health and Wellbeing,ok,-0.4452664478443813,0.7476384304129511,0.5514666094459001,-1.9106377714537655,1.0201048757650029,7816.0,0.19779450249745023,False,yearly_naics3_state_education_experience_salary,2018
S&P 500 firms,PARENTAL_LEAVE,Parental Leave,error,,,,,,,,False,yearly_naics3_state_education_experience_salary,2018
S&P 500 firms,CULTURE,Workplace Culture,ok,0.0567717420409008,0.31586017644435554,0.8573590906084859,-0.5623142037900362,0.6758576878718376,7816.0,0.4190219043414134,True,yearly_naics3_state_education_experience_salary,2018
S&P 500 firms,REMOTE_KW,Remote Work,ok,-20.333744745745296,9798.300111674127,0.99834420571262,-19225.001963627034,19184.334474135543,7816.0,0.21446829224054942,False,yearly_naics3_state_education_experience_salary,2018
S&P 500 firms,EDU_ASSISTANCE,Tuition Assistance,error,,,,,,,,False,yearly_naics3_state_education_experience_salary,2019
S&P 500 firms,PAID LEAVE,Paid Leave,error,,,,,,,,False,yearly_naics3_state_education_experience_salary,2019
S&P 500 firms,HEALTH_WELLBEING,Health and Wellbeing,error,,,,,,,,False,yearly_naics3_state_education_experience_salary,2019
S&P 500 firms,PARENTAL_LEAVE,Parental Leave,error,,,,,,,,False,yearly_naics3_state_education_experience_salary,2019
S&P 500 firms,CULTURE,Workplace Culture,error,,,,,,,,False,yearly_naics3_state_education_experience_salary,2019
S&P 500 firms,REMOTE_KW,Remote Work,error,,,,,,,,False,yearly_naics3_state_education_experience_salary,2019
S&P 500 firms,EDU_ASSISTANCE,Tuition Assistance,ok,-0.7948650705098538,0.7367074431975248,0.28061330075522617,-2.2388116591770024,0.6490815181572948,24569.0,0.23019920123560111,False,yearly_naics3_state_education_experience_salary,2020
S&P 500 firms,PAID LEAVE,Paid Leave,ok,-0.5636210216845909,0.3946816807188979,0.15328049559406556,-1.3371971158936309,0.209955072524449,24569.0,0.1753887461013124,True,yearly_naics3_state_education_experience_salary,2020
S&P 500 firms,HEALTH_WELLBEING,Health and Wellbeing,error,,,,,,,,False,yearly_naics3_state_education_experience_salary,2020
S&P 500 firms,PARENTAL_LEAVE,Parental Leave,ok,1.4313883022493283,0.5051428270680306,0.004602246091942763,0.4413083611959884,2.421468243302668,24569.0,0.45750963838898784,True,yearly_naics3_state_education_experience_salary,2020
S&P 500 firms,CULTURE,Workplace Culture,ok,0.7423465866602924,0.26770791248015674,0.005554687367725857,0.21763907819918515,1.2670540951213995,24569.0,0.3451099582421757,True,yearly_naics3_state_education_experience_salary,2020
S&P 500 firms,REMOTE_KW,Remote Work,ok,-0.6222422316117306,0.5312233503987434,0.2414628408418793,-1.6634399983932675,0.4189555351698062,24569.0,0.30655556034763887,True,yearly_naics3_state_education_experience_salary,2020
S&P 500 firms,EDU_ASSISTANCE,Tuition Assistance,error,,,,,,,,False,yearly_naics3_state_education_experience_salary,2021
S&P 500 firms,PAID LEAVE,Paid Leave,error,,,,,,,,False,yearly_naics3_state_education_experience_salary,2021
S&P 500 firms,HEALTH_WELLBEING,Health and Wellbeing,error,,,,,,,,False,yearly_naics3_state_education_experience_salary,2021
S&P 500 firms,PARENTAL_LEAVE,Parental Leave,error,,,,,,,,False,yearly_naics3_state_education_experience_salary,2021
S&P 500 firms,CULTURE,Workplace Culture,error,,,,,,,,False,yearly_naics3_state_education_experience_salary,2021
S&P 500 firms,REMOTE_KW,Remote Work,error,,,,,,,,False,yearly_naics3_state_education_experience_salary,2021
S&P 500 firms,EDU_ASSISTANCE,Tuition Assistance,error,,,,,,,,False,yearly_naics3_state_education_experience_salary,2022
S&P 500 firms,PAID LEAVE,Paid Leave,error,,,,,,,,False,yearly_naics3_state_education_experience_salary,2022
S&P 500 firms,HEALTH_WELLBEING,Health and Wellbeing,error,,,,,,,,False,yearly_naics3_state_education_experience_salary,2022
S&P 500 firms,PARENTAL_LEAVE,Parental Leave,error,,,,,,,,False,yearly_naics3_state_education_experience_salary,2022
S&P 500 firms,CULTURE,Workplace Culture,error,,,,,,,,False,yearly_naics3_state_education_experience_salary,2022
S&P 500 firms,REMOTE_KW,Remote Work,error,,,,,,,,False,yearly_naics3_state_education_experience_salary,2022
S&P 500 firms,EDU_ASSISTANCE,Tuition Assistance,error,,,,,,,,False,yearly_naics3_state_education_experience_salary,2023
S&P 500 firms,PAID LEAVE,Paid Leave,error,,,,,,,,False,yearly_naics3_state_education_experience_salary,2023
S&P 500 firms,HEALTH_WELLBEING,Health and Wellbeing,error,,,,,,,,False,yearly_naics3_state_education_experience_salary,2023
S&P 500 firms,PARENTAL_LEAVE,Parental Leave,error,,,,,,,,False,yearly_naics3_state_education_experience_salary,2023
S&P 500 firms,CULTURE,Workplace Culture,error,,,,,,,,False,yearly_naics3_state_education_experience_salary,2023
S&P 500 firms,REMOTE_KW,Remote Work,error,,,,,,,,False,yearly_naics3_state_education_experience_salary,2023
S&P 500 firms,EDU_ASSISTANCE,Tuition Assistance,error,,,,,,,,False,yearly_naics3_state_education_experience_salary,2024
S&P 500 firms,PAID LEAVE,Paid Leave,error,,,,,,,,False,yearly_naics3_state_education_experience_salary,2024
S&P 500 firms,HEALTH_WELLBEING,Health and Wellbeing,error,,,,,,,,False,yearly_naics3_state_education_experience_salary,2024
S&P 500 firms,PARENTAL_LEAVE,Parental Leave,error,,,,,,,,False,yearly_naics3_state_education_experience_salary,2024
S&P 500 firms,CULTURE,Workplace Culture,error,,,,,,,,False,yearly_naics3_state_education_experience_salary,2024
S&P 500 firms,REMOTE_KW,Remote Work,error,,,,,,,,False,yearly_naics3_state_education_experience_salary,2024
S&P 500 firms,EDU_ASSISTANCE,Tuition Assistance,ok,-0.0562839985314568,0.04805460015460376,0.2414979005590936,-0.15047101483448017,0.03790301777156657,76052.0,0.32364477239136424,True,yearly_naics3_state_education_experience_salary,2025
S&P 500 firms,PAID LEAVE,Paid Leave,ok,-0.4619222350426424,0.0367489159818615,3.099631135677491e-36,-0.533950110367091,-0.38989435971819386,76052.0,0.25473705408352953,True,yearly_naics3_state_education_experience_salary,2025
S&P 500 firms,HEALTH_WELLBEING,Health and Wellbeing,ok,-0.4603927453932501,0.054084878599510805,1.703526979160809e-17,-0.5663991074482913,-0.35438638333820893,76052.0,0.3482304528097,True,yearly_naics3_state_education_experience_salary,2025
S&P 500 firms,PARENTAL_LEAVE,Parental Leave,ok,-0.10180037553419122,0.041900325870743084,0.015116147541372678,-0.18392501424084767,-0.019675736827534776,76052.0,0.34325796778540696,True,yearly_naics3_state_education_experience_salary,2025
S&P 500 firms,CULTURE,Workplace Culture,ok,0.2149184571523043,0.03591448794321266,2.1749398567792153e-09,0.14452606078360747,0.2853108535210011,76052.0,0.2566188215657581,True,yearly_naics3_state_education_experience_salary,2025
S&P 500 firms,REMOTE_KW,Remote Work,ok,-0.015737178692613006,0.04056150318465491,0.6980285228998322,-0.09523772493453664,0.06376336754931061,76052.0,0.24833055578760077,True,yearly_naics3_state_education_experience_salary,2025
