Occupation,Year,AI Demand (%),Total Jobs,AI Jobs,Tuition Assistance AI (%),Tuition Assistance Non-AI (%),Tuition Assistance Gap (pp),Paid Leave AI (%),Paid Leave Non-AI (%),Paid Leave Gap (pp),Health & Wellbeing AI (%),Health & Wellbeing Non-AI (%),Health & Wellbeing Gap (pp),Parental Leave AI (%),Parental Leave Non-AI (%),Parental Leave Gap (pp),Workplace Culture AI (%),Workplace Culture Non-AI (%),Workplace Culture Gap (pp),Remote Work AI (%),Remote Work Non-AI (%),Remote Work Gap (pp)
Computer and Mathematical Occupations,2024,15.45,58496,9038,9.37,9.72,-0.34,24.34,28.52,-4.18,7.27,6.33,0.93,12.87,11.26,1.61,20.67,17.59,3.08,20.35,20.57,-0.23
Computer and Mathematical Occupations,2022,9.67,156448,15130,7.16,6.57,0.59,19.83,19.1,0.73,5.41,4.41,0.99,8.34,5.05,3.29,26.13,17.16,8.97,27.4,23.75,3.64
Computer and Mathematical Occupations,2021,9.19,136909,12576,4.55,4.74,-0.19,14.11,15.81,-1.71,3.94,3.34,0.6,4.91,3.2,1.7,19.8,11.83,7.97,19.61,19.01,0.6
Computer and Mathematical Occupations,2023,8.95,97575,8736,12.34,9.3,3.04,28.12,24.55,3.57,7.57,5.75,1.81,13.39,8.1,5.29,24.34,16.46,7.88,26.93,23.44,3.49
Computer and Mathematical Occupations,2020,7.9,121663,9606,2.7,3.08,-0.39,8.27,10.11,-1.85,1.86,2.04,-0.18,2.1,1.38,0.72,11.49,6.28,5.21,9.94,10.42,-0.48
Computer and Mathematical Occupations,2019,7.34,145215,10652,2.55,2.82,-0.26,8.23,9.21,-0.98,2.08,1.85,0.23,1.53,0.87,0.66,9.22,6.01,3.21,3.58,4.98,-1.41
Computer and Mathematical Occupations,2018,6.38,137333,8764,2.69,2.74,-0.05,7.57,6.99,0.58,1.6,1.25,0.35,1.08,0.5,0.59,8.72,5.85,2.87,2.8,4.71,-1.92
Architecture and Engineering Occupations,2024,3.81,21333,813,10.46,11.91,-1.45,26.69,34.97,-8.27,5.78,6.08,-0.3,10.7,9.94,0.76,21.65,19.7,1.95,10.58,11.4,-0.82
Business and Financial Operations Occupations,2024,3.11,60835,1893,9.09,10.88,-1.8,28.58,36.28,-7.7,8.29,7.8,0.5,10.41,8.75,1.65,25.78,17.12,8.66,23.93,18.84,5.09
"Arts, Design, Entertainment, Sports, and Media Occupations",2024,2.48,20682,513,4.09,5.69,-1.59,17.35,22.9,-5.55,3.9,7.73,-3.84,6.24,6.76,-0.53,12.67,11.4,1.27,40.35,8.2,32.15
Architecture and Engineering Occupations,2022,2.45,43757,1071,7.94,8.92,-0.98,15.31,22.89,-7.58,4.39,4.65,-0.26,6.16,4.1,2.06,30.91,15.16,15.75,15.03,10.58,4.46
"Life, Physical, and Social Science Occupations",2022,2.38,23213,553,8.14,8.64,-0.5,14.29,24.27,-9.98,4.16,5.77,-1.61,8.5,3.53,4.97,27.49,13.86,13.63,17.0,9.96,7.04
Management Occupations,2024,2.31,98282,2275,13.98,12.09,1.89,32.79,41.89,-9.1,7.43,7.34,0.09,13.67,8.95,4.72,32.75,17.2,15.55,23.08,11.0,12.07
"Life, Physical, and Social Science Occupations",2024,2.28,13960,318,6.6,10.89,-4.29,24.21,31.4,-7.19,5.97,6.89,-0.92,9.75,6.8,2.95,29.87,16.69,13.18,18.55,11.68,6.88
Architecture and Engineering Occupations,2021,2.24,32886,736,6.11,7.28,-1.17,14.4,20.86,-6.46,3.67,3.84,-0.17,5.57,2.56,3.01,23.78,10.2,13.58,11.82,6.77,5.05
Architecture and Engineering Occupations,2023,2.09,35575,742,13.21,12.06,1.14,23.18,31.23,-8.05,5.8,6.32,-0.52,9.84,7.07,2.77,29.65,16.56,13.09,17.12,12.45,4.66
"Life, Physical, and Social Science Occupations",2023,2.09,19611,409,12.71,10.7,2.01,22.74,29.4,-6.66,7.09,6.81,0.28,5.87,6.32,-0.45,30.07,17.03,13.04,13.69,10.89,2.8
Architecture and Engineering Occupations,2020,2.05,25922,532,3.2,5.13,-1.93,7.89,17.35,-9.46,1.69,2.83,-1.14,1.69,1.3,0.39,15.98,6.4,9.58,10.9,3.77,7.14
"Life, Physical, and Social Science Occupations",2021,2.01,19170,385,7.27,7.07,0.2,9.35,21.09,-11.74,6.23,4.49,1.75,3.9,2.3,1.6,23.9,10.75,13.14,6.75,7.88,-1.13
Business and Financial Operations Occupations,2022,2.01,140124,2814,9.24,8.21,1.03,20.4,25.49,-5.09,5.93,5.71,0.22,7.92,5.24,2.68,27.33,16.88,10.45,21.82,17.78,4.04
Business and Financial Operations Occupations,2021,1.97,123146,2428,7.45,6.29,1.16,17.55,22.57,-5.02,5.4,4.62,0.77,6.55,3.2,3.35,22.45,12.08,10.37,16.19,14.48,1.71
Business and Financial Operations Occupations,2023,1.91,95980,1830,12.73,10.65,2.09,28.36,31.92,-3.56,9.56,7.66,1.91,11.2,7.08,4.13,27.76,16.4,11.36,27.43,18.73,8.7
Architecture and Engineering Occupations,2019,1.86,32814,610,2.79,4.49,-1.7,7.87,11.76,-3.89,2.95,3.01,-0.06,1.15,0.67,0.48,9.51,5.49,4.02,2.95,2.24,0.72
Management Occupations,2022,1.81,196728,3567,4.63,8.25,-3.63,18.84,29.5,-10.66,5.69,5.17,0.52,6.67,4.93,1.74,34.17,16.02,18.16,23.8,11.03,12.77
Architecture and Engineering Occupations,2018,1.76,31278,551,2.9,3.4,-0.5,5.08,8.46,-3.38,1.63,1.47,0.16,0.54,0.36,0.18,9.62,4.79,4.83,2.0,1.9,0.1
"Life, Physical, and Social Science Occupations",2019,1.75,14938,262,1.91,4.34,-2.43,2.29,13.52,-11.23,1.53,3.88,-2.35,0.38,0.77,-0.39,8.78,5.83,2.95,3.82,5.58,-1.76
Management Occupations,2021,1.71,167167,2859,4.27,6.82,-2.56,14.31,27.07,-12.77,4.69,4.43,0.26,5.35,3.4,1.95,29.28,12.21,17.07,16.47,8.38,8.1
Business and Financial Operations Occupations,2019,1.68,110447,1855,3.56,3.96,-0.4,8.14,11.8,-3.66,2.53,2.84,-0.31,1.89,1.2,0.69,10.35,6.24,4.11,4.31,5.01,-0.7
Business and Financial Operations Occupations,2020,1.65,95541,1572,3.5,4.59,-1.09,8.08,17.05,-8.97,2.23,2.78,-0.56,1.84,1.75,0.09,11.9,6.48,5.42,8.65,10.16,-1.51
"Life, Physical, and Social Science Occupations",2020,1.64,15532,254,4.72,4.76,-0.03,9.06,17.03,-7.98,3.94,3.74,0.19,3.15,1.32,1.83,14.57,6.58,7.99,6.69,6.24,0.46
Business and Financial Operations Occupations,2018,1.6,107281,1720,5.52,4.77,0.75,8.37,8.87,-0.5,1.74,1.97,-0.22,1.1,0.59,0.52,10.41,5.44,4.96,4.24,5.12,-0.88
"Life, Physical, and Social Science Occupations",2018,1.49,14522,217,4.15,3.22,0.93,4.61,10.04,-5.43,1.38,3.04,-1.66,0.0,0.5,-0.5,6.91,4.9,2.01,3.69,5.02,-1.33
Management Occupations,2019,1.46,133581,1951,2.26,4.26,-2.01,6.87,15.25,-8.38,1.95,2.69,-0.74,2.05,1.38,0.67,13.33,7.49,5.83,4.72,3.78,0.93
Management Occupations,2020,1.46,124184,1807,2.27,5.05,-2.78,9.3,21.02,-11.73,2.43,2.87,-0.43,2.93,1.86,1.07,21.14,8.03,13.11,9.41,5.82,3.58
Management Occupations,2023,1.44,152843,2208,12.32,10.98,1.34,32.38,36.93,-4.54,7.97,6.7,1.27,13.04,7.23,5.82,33.29,16.46,16.83,23.28,11.12,12.15
"Arts, Design, Entertainment, Sports, and Media Occupations",2023,1.31,30206,397,5.79,5.53,0.26,18.14,21.6,-3.46,2.52,5.57,-3.05,6.8,4.57,2.23,19.9,11.3,8.6,46.35,9.16,37.19
Legal Occupations,2024,1.29,7144,92,10.87,4.85,6.02,38.04,46.36,-8.31,11.96,5.2,6.75,14.13,8.38,5.75,32.61,11.42,21.19,34.78,22.9,11.88
Management Occupations,2018,1.24,128462,1589,2.45,4.18,-1.73,7.49,10.88,-3.4,1.2,2.05,-0.86,0.82,0.63,0.19,7.87,6.01,1.86,4.66,3.21,1.45
Educational Instruction and Library Occupations,2024,1.04,31079,324,4.63,9.1,-4.47,15.74,25.08,-9.33,2.16,5.04,-2.88,4.01,3.21,0.8,30.86,11.71,19.16,16.36,3.23,13.13
Legal Occupations,2023,0.93,8523,79,15.19,5.73,9.46,29.11,42.01,-12.89,6.33,5.42,0.91,15.19,7.67,7.52,21.52,11.59,9.92,21.52,20.37,1.15
"Arts, Design, Entertainment, Sports, and Media Occupations",2022,0.89,41280,368,4.62,3.92,0.7,19.29,17.98,1.31,7.07,2.79,4.27,5.16,2.99,2.17,19.84,11.64,8.19,27.17,9.03,18.15
"Arts, Design, Entertainment, Sports, and Media Occupations",2021,0.81,37551,304,2.63,3.77,-1.14,13.49,16.28,-2.79,2.96,2.08,0.88,4.93,2.35,2.58,17.43,8.25,9.18,20.07,8.01,12.06
"Arts, Design, Entertainment, Sports, and Media Occupations",2018,0.77,28120,217,0.92,2.33,-1.4,2.76,7.14,-4.37,0.92,1.18,-0.26,0.0,0.57,-0.57,6.91,3.82,3.09,4.15,2.81,1.33
Legal Occupations,2021,0.76,10093,77,1.3,3.6,-2.31,15.58,30.29,-14.71,2.6,3.23,-0.64,2.6,4.28,-1.69,22.08,9.19,12.89,11.69,14.17,-2.48
"Arts, Design, Entertainment, Sports, and Media Occupations",2019,0.73,31044,228,0.44,2.17,-1.74,10.09,8.89,1.2,12.72,1.91,10.8,3.51,1.06,2.45,8.33,4.89,3.44,4.82,3.51,1.31
Educational Instruction and Library Occupations,2023,0.72,43279,313,6.39,8.46,-2.07,16.29,23.8,-7.5,2.56,4.89,-2.33,3.19,2.72,0.47,37.7,12.7,25.0,14.38,2.91,11.46
"Arts, Design, Entertainment, Sports, and Media Occupations",2020,0.7,30107,212,2.83,2.15,0.68,10.85,10.75,0.09,3.3,1.57,1.73,2.36,1.27,1.09,13.68,3.9,9.78,16.04,9.55,6.49
Legal Occupations,2022,0.68,10939,74,5.41,3.79,1.61,27.03,35.1,-8.08,8.11,4.09,4.02,9.46,4.98,4.48,37.84,11.05,26.78,27.03,16.71,10.31
Legal Occupations,2019,0.63,7950,50,2.0,2.58,-0.58,6.0,15.19,-9.19,0.0,2.65,-2.65,2.0,1.81,0.19,8.0,4.61,3.39,2.0,4.34,-2.34
Educational Instruction and Library Occupations,2022,0.6,48948,295,2.37,8.43,-6.06,9.83,22.29,-12.46,1.36,3.36,-2.0,1.69,2.61,-0.91,37.63,12.2,25.42,8.81,3.59,5.22
Office and Administrative Support Occupations,2024,0.6,86103,518,7.92,9.48,-1.56,32.63,41.33,-8.71,6.18,6.49,-0.31,12.36,7.15,5.21,23.55,11.96,11.59,28.76,8.47,20.3
Sales and Related Occupations,2024,0.58,92329,537,8.57,11.7,-3.14,34.64,41.87,-7.23,7.82,7.57,0.25,18.81,10.98,7.83,31.1,16.93,14.17,22.16,6.32,15.84
Educational Instruction and Library Occupations,2021,0.51,42036,214,3.27,8.86,-5.59,7.94,20.02,-12.07,6.07,3.44,2.63,1.87,2.06,-0.19,39.25,8.51,30.75,14.02,4.52,9.5
Educational Instruction and Library Occupations,2019,0.48,35152,170,1.18,5.76,-4.58,4.71,12.3,-7.59,0.59,3.56,-2.97,0.0,0.98,-0.98,18.82,6.54,12.28,2.94,2.69,0.25
Production Occupations,2024,0.47,32056,150,16.0,10.5,5.5,30.0,37.57,-7.57,7.33,5.52,1.82,8.67,5.49,3.18,26.0,9.86,16.14,10.0,2.92,7.08
Legal Occupations,2020,0.45,7918,36,5.56,2.55,3.01,5.56,23.36,-17.8,2.78,2.65,0.13,2.78,2.35,0.43,11.11,5.21,5.9,2.78,9.41,-6.64
Educational Instruction and Library Occupations,2020,0.44,32832,144,0.69,7.22,-6.53,6.25,16.17,-9.92,1.39,3.63,-2.24,0.0,1.31,-1.31,27.08,6.77,20.31,9.03,4.45,4.58
Sales and Related Occupations,2021,0.43,160089,683,4.1,7.95,-3.85,15.52,27.21,-11.7,3.22,3.6,-0.38,5.56,3.8,1.77,18.45,10.83,7.62,21.08,7.26,13.83
Sales and Related Occupations,2022,0.43,167836,719,4.87,8.37,-3.5,19.05,29.58,-10.53,4.59,4.33,0.26,9.46,4.97,4.49,22.81,13.35,9.46,22.39,6.7,15.7
Community and Social Service Occupations,2024,0.4,22834,91,7.69,12.29,-4.6,39.56,39.71,-0.15,2.2,6.28,-4.08,14.29,7.98,6.31,45.05,14.66,30.39,18.68,12.21,6.47
Educational Instruction and Library Occupations,2018,0.39,32106,125,2.4,4.68,-2.28,5.6,8.04,-2.44,0.8,3.38,-2.58,2.4,0.55,1.85,16.0,5.83,10.17,2.4,2.96,-0.56
Office and Administrative Support Occupations,2022,0.39,184015,726,4.55,7.49,-2.95,19.01,31.42,-12.41,3.31,4.36,-1.05,6.2,3.6,2.6,22.04,10.05,11.99,24.79,8.57,16.22
Office and Administrative Support Occupations,2023,0.37,136194,510,10.59,9.15,1.43,28.04,37.23,-9.19,3.92,5.84,-1.91,10.78,5.67,5.12,21.96,11.46,10.5,33.33,8.51,24.82
Sales and Related Occupations,2020,0.35,138784,488,1.64,5.09,-3.45,9.43,18.44,-9.02,1.84,2.57,-0.72,1.43,1.59,-0.16,13.11,7.7,5.41,16.19,6.78,9.41
Legal Occupations,2018,0.34,7094,24,8.33,2.31,6.03,0.0,9.04,-9.04,0.0,2.28,-2.28,0.0,0.96,-0.96,8.33,4.38,3.95,0.0,3.32,-3.32
Production Occupations,2022,0.33,61947,206,13.59,8.89,4.71,16.5,29.34,-12.84,3.4,4.36,-0.96,5.83,3.07,2.76,24.76,7.77,16.99,12.62,2.56,10.06
Sales and Related Occupations,2019,0.32,143313,453,2.21,5.27,-3.07,11.7,14.75,-3.05,3.31,2.42,0.89,1.77,1.2,0.57,15.23,6.42,8.82,8.83,3.52,5.31
Sales and Related Occupations,2023,0.32,140988,446,9.87,10.85,-0.98,30.94,35.86,-4.92,6.73,6.27,0.46,14.35,7.95,6.4,23.32,15.52,7.79,22.87,6.2,16.67
Sales and Related Occupations,2018,0.31,132262,413,3.15,4.87,-1.72,10.65,11.5,-0.84,0.73,2.24,-1.51,0.48,0.85,-0.37,7.02,5.15,1.87,7.75,3.44,4.3
Production Occupations,2023,0.31,49068,153,20.26,10.64,9.62,31.37,34.4,-3.03,4.58,5.31,-0.73,11.11,4.55,6.56,21.57,9.26,12.31,14.38,2.96,11.42
Office and Administrative Support Occupations,2021,0.3,171877,509,3.73,6.37,-2.64,22.4,28.58,-6.18,4.13,3.92,0.21,6.88,2.44,4.44,17.29,7.08,10.21,20.83,7.48,13.34
Production Occupations,2021,0.27,59332,158,12.66,6.48,6.18,16.46,25.88,-9.42,3.8,3.36,0.44,3.8,1.8,2.0,17.09,5.33,11.76,11.39,2.24,9.15
Office and Administrative Support Occupations,2019,0.26,142454,376,5.32,3.87,1.45,13.56,15.03,-1.46,3.19,2.51,0.69,1.33,1.04,0.29,10.64,4.64,6.0,4.79,2.71,2.08
Production Occupations,2019,0.25,40699,102,10.78,4.4,6.39,9.8,14.34,-4.53,1.96,2.68,-0.72,0.98,0.6,0.38,6.86,3.29,3.58,2.94,0.99,1.95
Community and Social Service Occupations,2022,0.25,35621,90,11.11,11.08,0.03,31.11,34.93,-3.82,6.67,6.05,0.62,6.67,5.81,0.85,23.33,14.71,8.63,18.89,9.68,9.21
Community and Social Service Occupations,2023,0.25,33210,83,7.23,12.34,-5.11,40.96,38.3,2.66,4.82,6.03,-1.21,13.25,7.4,5.85,37.35,16.29,21.06,20.48,11.8,8.68
Production Occupations,2018,0.24,41386,99,6.06,2.98,3.08,11.11,10.44,0.67,2.02,1.63,0.39,0.0,0.2,-0.2,9.09,2.93,6.17,1.01,0.63,0.38
Community and Social Service Occupations,2019,0.24,23562,56,1.79,6.48,-4.7,17.86,19.07,-1.21,5.36,3.96,1.39,0.0,2.91,-2.91,14.29,5.14,9.14,5.36,3.81,1.55
Healthcare Practitioners and Technical Occupations,2024,0.24,148813,364,5.49,14.93,-9.44,21.43,34.3,-12.87,3.85,6.32,-2.47,3.3,5.91,-2.61,16.76,11.12,5.64,10.71,2.8,7.92
Office and Administrative Support Occupations,2020,0.23,134215,304,1.32,4.57,-3.26,13.16,21.99,-8.83,3.62,2.86,0.76,2.3,1.36,0.94,15.46,4.29,11.17,6.91,5.72,1.19
Office and Administrative Support Occupations,2018,0.22,133502,295,2.71,3.19,-0.48,12.88,10.27,2.61,2.37,2.11,0.26,1.36,0.41,0.94,7.8,4.28,3.52,6.78,2.04,4.74
Community and Social Service Occupations,2018,0.21,19480,41,14.63,4.73,9.9,19.51,13.57,5.95,7.32,3.17,4.14,2.44,2.31,0.13,9.76,3.99,5.76,4.88,3.43,1.45
Production Occupations,2020,0.21,44668,95,8.42,5.01,3.41,12.63,20.17,-7.54,4.21,2.6,1.61,0.0,1.01,-1.01,4.21,3.43,0.78,5.26,1.76,3.5
Community and Social Service Occupations,2021,0.2,30114,61,3.28,9.44,-6.16,24.59,31.84,-7.25,18.03,5.28,12.75,3.28,4.4,-1.12,31.15,10.7,20.44,13.11,9.03,4.09
Personal Care and Service Occupations,2023,0.13,19601,25,4.0,6.65,-2.65,20.0,28.73,-8.73,0.0,4.16,-4.16,4.0,2.48,1.52,24.0,7.0,17.0,4.0,2.03,1.97
Personal Care and Service Occupations,2024,0.13,12984,17,11.76,6.28,5.49,29.41,33.19,-3.78,11.76,5.29,6.47,0.0,3.17,-3.17,5.88,7.94,-2.06,5.88,1.84,4.05
Transportation and Material Moving Occupations,2024,0.13,50806,68,5.88,10.57,-4.69,17.65,42.29,-24.64,5.88,7.04,-1.16,1.47,6.03,-4.55,19.12,8.21,10.9,4.41,1.1,3.31
Personal Care and Service Occupations,2021,0.12,22201,26,3.85,4.81,-0.97,11.54,20.25,-8.71,3.85,2.22,1.63,0.0,1.57,-1.57,3.85,5.01,-1.17,15.38,1.75,13.63
Personal Care and Service Occupations,2022,0.12,25069,30,3.33,5.44,-2.11,20.0,25.13,-5.13,0.0,3.04,-3.04,3.33,2.03,1.3,16.67,6.0,10.66,6.67,2.98,3.69
Healthcare Practitioners and Technical Occupations,2018,0.11,138078,152,1.97,5.21,-3.23,5.26,9.63,-4.36,0.66,1.88,-1.23,3.29,0.44,2.85,2.63,2.52,0.11,3.95,1.99,1.96
Community and Social Service Occupations,2020,0.11,23599,26,0.0,7.65,-7.65,19.23,24.93,-5.7,3.85,3.78,0.07,0.0,4.02,-4.02,23.08,5.92,17.16,11.54,7.43,4.11
Healthcare Practitioners and Technical Occupations,2020,0.1,162128,157,1.27,6.59,-5.32,8.28,15.46,-7.18,0.0,2.74,-2.74,0.0,0.94,-0.94,13.38,5.78,7.6,3.82,1.99,1.83
Healthcare Practitioners and Technical Occupations,2021,0.1,183386,187,4.81,11.81,-7.0,12.83,23.38,-10.55,4.81,3.6,1.21,1.07,2.18,-1.11,17.65,8.99,8.65,14.97,2.54,12.43
Healthcare Practitioners and Technical Occupations,2022,0.1,228087,237,7.59,13.09,-5.49,18.57,26.2,-7.64,2.53,4.1,-1.56,2.95,3.09,-0.14,27.0,10.73,16.28,9.7,2.93,6.78
Healthcare Practitioners and Technical Occupations,2023,0.1,221772,216,9.72,15.51,-5.78,28.7,31.27,-2.57,5.09,4.53,0.56,5.09,5.61,-0.52,21.3,12.05,9.25,9.72,2.6,7.12
Healthcare Practitioners and Technical Occupations,2019,0.09,137363,130,2.31,6.36,-4.05,12.31,12.78,-0.47,3.08,2.27,0.81,1.54,0.62,0.92,3.08,5.52,-2.45,2.31,2.53,-0.22
Transportation and Material Moving Occupations,2022,0.08,104718,88,6.82,8.56,-1.74,22.73,37.36,-14.63,3.41,5.37,-1.96,11.36,6.51,4.86,25.0,9.46,15.54,10.23,0.98,9.25
Personal Care and Service Occupations,2020,0.07,19110,14,0.0,3.09,-3.09,0.0,13.79,-13.79,0.0,2.17,-2.17,0.0,1.24,-1.24,14.29,3.15,11.13,7.14,2.28,4.86
Transportation and Material Moving Occupations,2023,0.07,84925,61,3.28,9.81,-6.53,21.31,40.62,-19.31,3.28,6.19,-2.91,6.56,6.55,0.01,18.03,8.8,9.24,4.92,0.9,4.02
Transportation and Material Moving Occupations,2018,0.06,86162,49,8.16,5.98,2.19,8.16,21.89,-13.73,2.04,3.39,-1.35,2.04,0.2,1.84,6.12,1.32,4.81,0.0,0.36,-0.36
Transportation and Material Moving Occupations,2021,0.06,129816,79,3.8,7.46,-3.67,16.46,36.73,-20.27,2.53,7.96,-5.43,0.0,3.91,-3.91,39.24,5.23,34.01,2.53,0.78,1.75
Personal Care and Service Occupations,2019,0.04,19833,8,0.0,2.2,-2.2,37.5,9.3,28.2,0.0,1.89,-1.89,0.0,0.66,-0.66,0.0,4.1,-4.1,0.0,1.23,-1.23
Transportation and Material Moving Occupations,2019,0.04,71472,31,3.23,4.89,-1.67,3.23,21.15,-17.93,0.0,3.29,-3.29,3.23,0.61,2.62,12.9,2.21,10.7,3.23,0.49,2.73
Transportation and Material Moving Occupations,2020,0.04,105958,47,4.26,5.12,-0.87,17.02,28.35,-11.33,0.0,6.67,-6.67,2.13,1.39,0.74,4.26,2.05,2.2,4.26,0.61,3.64
Personal Care and Service Occupations,2018,0.03,19845,5,0.0,1.63,-1.63,0.0,6.27,-6.27,0.0,1.69,-1.69,0.0,0.23,-0.23,0.0,3.55,-3.55,0.0,1.24,-1.24
