Variation Type,Average Std Dev,Description
Within-Occupation Variation (AI Demand %),0.44,Average standard deviation of AI demand within occupations over time
Between-Occupation Variation (AI Demand %),2.31,Average standard deviation of AI demand between occupations within years
Average Year-to-Year Change (AI Demand %),0.21,Average change in AI demand from year to year within occupations
Within-Occupation Variation (Tuition Assistance %),2.69,Average std dev of Tuition Assistance prevalence within occupations over time
Within-Occupation Variation (Paid Leave %),9.61,Average std dev of Paid Leave prevalence within occupations over time
Within-Occupation Variation (Health & Wellbeing %),1.69,Average std dev of Health & Wellbeing prevalence within occupations over time
Within-Occupation Variation (Parental Leave %),2.64,Average std dev of Parental Leave prevalence within occupations over time
Within-Occupation Variation (Workplace Culture %),4.17,Average std dev of Workplace Culture prevalence within occupations over time
Within-Occupation Variation (Remote Work %),3.14,Average std dev of Remote Work prevalence within occupations over time
