Benefit,Occupation,Year,AI Coefficient,Error,P-Value
EDU_ASSISTANCE,Architecture and Engineering Occupations,2019,-0.3787728891240425,0.2021325245031568,0.061
EDU_ASSISTANCE,Architecture and Engineering Occupations,2021,-0.1917248685578161,0.1400170990180159,0.171
EDU_ASSISTANCE,Architecture and Engineering Occupations,2022,-0.3099764360370616,0.1081095690671019,0.004
EDU_ASSISTANCE,Architecture and Engineering Occupations,2020,-0.1524197287202147,0.1966153932847775,0.438
EDU_ASSISTANCE,Architecture and Engineering Occupations,2018,0.043940758719393,0.2197845083881673,0.842
EDU_ASSISTANCE,Architecture and Engineering Occupations,2023,-0.0006557524939162,0.0953645893439435,0.995
EDU_ASSISTANCE,"Arts, Design, Entertainment, Sports, and Media Occupations",2019,-0.459317913521304,0.4536456495067715,0.311
EDU_ASSISTANCE,"Arts, Design, Entertainment, Sports, and Media Occupations",2021,-0.7580488640450109,0.3589072510154944,0.035
EDU_ASSISTANCE,"Arts, Design, Entertainment, Sports, and Media Occupations",2022,0.0853321487398531,0.2008294649677184,0.671
EDU_ASSISTANCE,"Arts, Design, Entertainment, Sports, and Media Occupations",2020,0.1796207765977534,0.3878318560554841,0.643
EDU_ASSISTANCE,"Arts, Design, Entertainment, Sports, and Media Occupations",2018,-1.077425684929313,0.7167180136604896,0.133
EDU_ASSISTANCE,"Arts, Design, Entertainment, Sports, and Media Occupations",2023,-0.0918583372216286,0.1889328815558046,0.627
EDU_ASSISTANCE,Business and Financial Operations Occupations,2019,0.0499268476570529,0.1122452403906133,0.656
EDU_ASSISTANCE,Business and Financial Operations Occupations,2021,0.2508872662023524,0.0670065495705616,0.0
EDU_ASSISTANCE,Business and Financial Operations Occupations,2022,-0.0053301070037775,0.058440998339329,0.927
EDU_ASSISTANCE,Business and Financial Operations Occupations,2020,-0.1200162061193154,0.1155576536872546,0.299
EDU_ASSISTANCE,Business and Financial Operations Occupations,2018,0.005266858161535,0.0993340722400254,0.958
EDU_ASSISTANCE,Business and Financial Operations Occupations,2023,0.110188773616128,0.0633310017141166,0.082
EDU_ASSISTANCE,Community and Social Service Occupations,2019,-17.08897010175134,2526.274497285956,0.995
EDU_ASSISTANCE,Community and Social Service Occupations,2021,-1.2266267615200122,0.7203002974011671,0.089
EDU_ASSISTANCE,Community and Social Service Occupations,2022,-0.483795407351996,0.3683611701138394,0.189
EDU_ASSISTANCE,Community and Social Service Occupations,2020,-18.268931266527755,4897.208776643639,0.997
EDU_ASSISTANCE,Community and Social Service Occupations,2018,-0.0328377283531408,0.7255278815430477,0.964
EDU_ASSISTANCE,Community and Social Service Occupations,2023,-0.6301695130370579,0.4254513276157129,0.139
EDU_ASSISTANCE,Computer and Mathematical Occupations,2019,-0.0402192663471406,0.0561182461171546,0.474
EDU_ASSISTANCE,Computer and Mathematical Occupations,2021,0.0751808106676018,0.0383817818564322,0.05
EDU_ASSISTANCE,Computer and Mathematical Occupations,2022,0.0558717033337235,0.0295362338159056,0.059
EDU_ASSISTANCE,Computer and Mathematical Occupations,2020,-0.0232632657715008,0.0555677312398878,0.675
EDU_ASSISTANCE,Computer and Mathematical Occupations,2018,-0.1141983722356062,0.0610856204435685,0.062
EDU_ASSISTANCE,Computer and Mathematical Occupations,2023,0.1929465010301929,0.0312329464707721,0.0
EDU_ASSISTANCE,Educational Instruction and Library Occupations,2019,-0.4510227022585173,0.4190337495004604,0.282
EDU_ASSISTANCE,Educational Instruction and Library Occupations,2021,-1.6495149858178295,0.5825472794170672,0.005
EDU_ASSISTANCE,Educational Instruction and Library Occupations,2022,-0.8975052217447389,0.3399041026403324,0.008
EDU_ASSISTANCE,Educational Instruction and Library Occupations,2020,-1.360996091377722,0.7137834333494314,0.057
EDU_ASSISTANCE,Educational Instruction and Library Occupations,2018,-1.8860708459124056,1.0091477064717955,0.062
EDU_ASSISTANCE,Educational Instruction and Library Occupations,2023,-0.324179031794637,0.2259543903370378,0.151
EDU_ASSISTANCE,Healthcare Practitioners and Technical Occupations,2019,-1.482551803585528,0.5836747510210406,0.011
EDU_ASSISTANCE,Healthcare Practitioners and Technical Occupations,2021,-1.4885494543801128,0.3597631519196564,0.0
EDU_ASSISTANCE,Healthcare Practitioners and Technical Occupations,2022,-0.869525122442218,0.2599174631199783,0.001
EDU_ASSISTANCE,Healthcare Practitioners and Technical Occupations,2020,-0.5791392534471351,0.3630964593286893,0.111
EDU_ASSISTANCE,Healthcare Practitioners and Technical Occupations,2018,-1.5198110873773971,0.5828966211529963,0.009
EDU_ASSISTANCE,Healthcare Practitioners and Technical Occupations,2023,-0.8572810094140587,0.2426833126121953,0.0
EDU_ASSISTANCE,Legal Occupations,2019,-0.8870898390454871,1.015094415913528,0.382
EDU_ASSISTANCE,Legal Occupations,2021,-0.0328471622077762,0.5161367471623528,0.949
EDU_ASSISTANCE,Legal Occupations,2022,0.0714537708046915,0.4658911032374164,0.878
EDU_ASSISTANCE,Legal Occupations,2020,-19.117916164438004,12405.89402424064,0.999
EDU_ASSISTANCE,Legal Occupations,2018,0.4803731915553655,0.7337099905469395,0.513
EDU_ASSISTANCE,Legal Occupations,2023,0.526820336163883,0.344718830936174,0.126
EDU_ASSISTANCE,"Life, Physical, and Social Science Occupations",2019,-0.4028146196998354,0.3623159581227601,0.266
EDU_ASSISTANCE,"Life, Physical, and Social Science Occupations",2021,0.2268279150207864,0.1757048770765619,0.197
EDU_ASSISTANCE,"Life, Physical, and Social Science Occupations",2022,0.0678821041477111,0.1415763460640093,0.632
EDU_ASSISTANCE,"Life, Physical, and Social Science Occupations",2020,-0.3063538526639171,0.3252751814610595,0.346
EDU_ASSISTANCE,"Life, Physical, and Social Science Occupations",2018,-0.5043588295046894,0.4173848237077236,0.227
EDU_ASSISTANCE,"Life, Physical, and Social Science Occupations",2023,0.1263128894094577,0.1526626398851317,0.408
EDU_ASSISTANCE,Management Occupations,2019,-0.6860407452614822,0.1409955047194262,0.0
EDU_ASSISTANCE,Management Occupations,2021,-0.5123908140927534,0.0820556725427757,0.0
EDU_ASSISTANCE,Management Occupations,2022,-0.5495740103031342,0.0691838931828827,0.0
EDU_ASSISTANCE,Management Occupations,2020,-0.7426259795382668,0.133732163637351,0.0
EDU_ASSISTANCE,Management Occupations,2018,-0.535074988981365,0.134040012900148,0.0
EDU_ASSISTANCE,Management Occupations,2023,-0.0846599796598234,0.0599386169715372,0.158
EDU_ASSISTANCE,Office and Administrative Support Occupations,2019,-0.4109354322144811,0.2820753405207602,0.145
EDU_ASSISTANCE,Office and Administrative Support Occupations,2021,-0.4012810198376032,0.1843857468331126,0.03
EDU_ASSISTANCE,Office and Administrative Support Occupations,2022,-0.3429660921046162,0.1477195100586143,0.02
EDU_ASSISTANCE,Office and Administrative Support Occupations,2020,-0.5248047358823649,0.3215682127665376,0.103
EDU_ASSISTANCE,Office and Administrative Support Occupations,2018,0.0518378015115439,0.2735338231525297,0.85
EDU_ASSISTANCE,Office and Administrative Support Occupations,2023,-0.3188570034070402,0.1481457595546383,0.031
EDU_ASSISTANCE,Personal Care and Service Occupations,2019,-48.17329181980437,44902307288.48544,1.0
EDU_ASSISTANCE,Personal Care and Service Occupations,2021,-19.057773370899923,15358.06599474612,0.999
EDU_ASSISTANCE,Personal Care and Service Occupations,2022,0.2933563528813205,0.6115787679140918,0.631
EDU_ASSISTANCE,Personal Care and Service Occupations,2020,,,
EDU_ASSISTANCE,Personal Care and Service Occupations,2018,-18.22527422589338,16907.831906551186,0.999
EDU_ASSISTANCE,Personal Care and Service Occupations,2023,0.7808566948750829,0.5431582766592681,0.151
EDU_ASSISTANCE,Production Occupations,2019,0.6433791950014774,0.3507350593792178,0.067
EDU_ASSISTANCE,Production Occupations,2021,0.1377201293731917,0.2541920602970378,0.588
EDU_ASSISTANCE,Production Occupations,2022,-0.1040075551565587,0.2074765252652349,0.616
EDU_ASSISTANCE,Production Occupations,2020,1.0272477092906318,0.2667699011450072,0.0
EDU_ASSISTANCE,Production Occupations,2018,0.9262094665045468,0.3352225663677096,0.006
EDU_ASSISTANCE,Production Occupations,2023,0.3361899847045669,0.1891337960399577,0.075
EDU_ASSISTANCE,Sales and Related Occupations,2019,-1.3818533828394592,0.356495733606378,0.0
EDU_ASSISTANCE,Sales and Related Occupations,2021,-0.8392050807784188,0.1928552082744454,0.0
EDU_ASSISTANCE,Sales and Related Occupations,2022,-0.4095523980146057,0.1403128565367656,0.004
EDU_ASSISTANCE,Sales and Related Occupations,2020,-1.6829526137617383,0.410892319196489,0.0
EDU_ASSISTANCE,Sales and Related Occupations,2018,-1.15933556164677,0.3370884171976371,0.001
EDU_ASSISTANCE,Sales and Related Occupations,2023,-0.5706950922578028,0.163362440761221,0.0
EDU_ASSISTANCE,Transportation and Material Moving Occupations,2019,-14.053172976887597,826.3249872743604,0.986
EDU_ASSISTANCE,Transportation and Material Moving Occupations,2021,,,
EDU_ASSISTANCE,Transportation and Material Moving Occupations,2022,-0.4876167405414647,0.3703531869598289,0.188
EDU_ASSISTANCE,Transportation and Material Moving Occupations,2020,-0.0119332312812687,0.729112304046435,0.987
EDU_ASSISTANCE,Transportation and Material Moving Occupations,2018,0.1823275263726556,0.6010779584007185,0.762
EDU_ASSISTANCE,Transportation and Material Moving Occupations,2023,-0.2487362148940022,0.3664585055969879,0.497
WLB,Architecture and Engineering Occupations,2019,-0.1551733050638245,0.1128137229471022,0.169
WLB,Architecture and Engineering Occupations,2021,-0.4715601194534753,0.0953430616293542,0.0
WLB,Architecture and Engineering Occupations,2022,-0.3176755417355165,0.0705658947835911,0.0
WLB,Architecture and Engineering Occupations,2020,-0.3720281688601253,0.120591029687868,0.002
WLB,Architecture and Engineering Occupations,2018,-0.2932828692908163,0.1544692683615671,0.058
WLB,Architecture and Engineering Occupations,2023,-0.0870972508179074,0.067821533407843,0.199
WLB,"Arts, Design, Entertainment, Sports, and Media Occupations",2019,-0.0803076532249,0.1896032519841864,0.672
WLB,"Arts, Design, Entertainment, Sports, and Media Occupations",2021,-0.1680993016483623,0.1400739467491713,0.23
WLB,"Arts, Design, Entertainment, Sports, and Media Occupations",2022,0.1629414203650938,0.1059516312246767,0.124
WLB,"Arts, Design, Entertainment, Sports, and Media Occupations",2020,-0.3512809555687472,0.2211679325316219,0.112
WLB,"Arts, Design, Entertainment, Sports, and Media Occupations",2018,-0.0447166903584715,0.2657257449925612,0.866
WLB,"Arts, Design, Entertainment, Sports, and Media Occupations",2023,-0.0703863422607075,0.1053613221425471,0.504
WLB,Business and Financial Operations Occupations,2019,-0.2058841704495541,0.0716144248447139,0.004
WLB,Business and Financial Operations Occupations,2021,-0.1471040966274151,0.0451400033677514,0.001
WLB,Business and Financial Operations Occupations,2022,-0.2547447612804138,0.039848571170575,0.0
WLB,Business and Financial Operations Occupations,2020,-0.4308062115536259,0.0701633734828962,0.0
WLB,Business and Financial Operations Occupations,2018,-0.0583223700220396,0.0766542944360662,0.447
WLB,Business and Financial Operations Occupations,2023,-0.1867786395143733,0.0456120211021072,0.0
WLB,Community and Social Service Occupations,2019,-1.0896177281593833,0.4673854474117859,0.02
WLB,Community and Social Service Occupations,2021,-1.4937458806620787,0.4003787088616812,0.0
WLB,Community and Social Service Occupations,2022,-0.7703729569756016,0.2271230195682124,0.001
WLB,Community and Social Service Occupations,2020,-0.6861008403170261,0.412239784559186,0.096
WLB,Community and Social Service Occupations,2018,0.2173430065932109,0.3881314836409703,0.575
WLB,Community and Social Service Occupations,2023,-0.1549391848659045,0.224625768069262,0.49
WLB,Computer and Mathematical Occupations,2019,0.033991375581676,0.0308299429768672,0.27
WLB,Computer and Mathematical Occupations,2021,0.0468526926827261,0.0229035403189771,0.041
WLB,Computer and Mathematical Occupations,2022,0.080956023800083,0.0185044006268608,0.0
WLB,Computer and Mathematical Occupations,2020,-0.0717277780958632,0.0324633017375913,0.027
WLB,Computer and Mathematical Occupations,2018,0.1378689369505517,0.03493858707248,0.0
WLB,Computer and Mathematical Occupations,2023,0.1388869544137367,0.0218483176375528,0.0
WLB,Educational Instruction and Library Occupations,2019,-0.1057588415170389,0.233529389063265,0.651
WLB,Educational Instruction and Library Occupations,2021,-0.3962487078471032,0.1968214736050884,0.044
WLB,Educational Instruction and Library Occupations,2022,-0.3633074893654424,0.1546936814924747,0.019
WLB,Educational Instruction and Library Occupations,2020,-0.2912644175145497,0.2662917521640543,0.274
WLB,Educational Instruction and Library Occupations,2018,-1.1737308410396563,0.5099163044272164,0.021
WLB,Educational Instruction and Library Occupations,2023,0.0659446369924092,0.1188688421709135,0.579
WLB,Healthcare Practitioners and Technical Occupations,2019,-0.3180895578795673,0.2384621440096896,0.182
WLB,Healthcare Practitioners and Technical Occupations,2021,-0.8753385699952808,0.1778552344947197,0.0
WLB,Healthcare Practitioners and Technical Occupations,2022,-0.6237776983179211,0.1612379876622217,0.0
WLB,Healthcare Practitioners and Technical Occupations,2020,-0.4421458169868863,0.2256378406074869,0.05
WLB,Healthcare Practitioners and Technical Occupations,2018,-0.3989914497607453,0.2781544366492052,0.151
WLB,Healthcare Practitioners and Technical Occupations,2023,-0.453913410970106,0.1491041122294611,0.002
WLB,Legal Occupations,2019,-0.8653593471695044,0.4670378170810711,0.064
WLB,Legal Occupations,2021,-0.6568152911685821,0.2716240673489694,0.016
WLB,Legal Occupations,2022,-0.0914511411549774,0.2215421686438847,0.68
WLB,Legal Occupations,2020,-1.0880023786322186,0.527413651834126,0.039
WLB,Legal Occupations,2018,0.3484135473311031,0.4132062652236445,0.399
WLB,Legal Occupations,2023,-0.1229664978564649,0.2207275599654516,0.577
WLB,"Life, Physical, and Social Science Occupations",2019,-0.2994515957155146,0.1818820228202934,0.1
WLB,"Life, Physical, and Social Science Occupations",2021,-0.4613886002614006,0.1266007252829991,0.0
WLB,"Life, Physical, and Social Science Occupations",2022,-0.322903517601306,0.0952679578333572,0.001
WLB,"Life, Physical, and Social Science Occupations",2020,-0.4090610019721014,0.1806568536228916,0.024
WLB,"Life, Physical, and Social Science Occupations",2018,-0.3925956820581148,0.2469667764003675,0.112
WLB,"Life, Physical, and Social Science Occupations",2023,-0.3767387744626859,0.1067818150271463,0.0
WLB,Management Occupations,2019,-0.5694511067292073,0.0728081842493343,0.0
WLB,Management Occupations,2021,-0.6222636442497095,0.0456006947444318,0.0
WLB,Management Occupations,2022,-0.4229004146157202,0.0366140046310393,0.0
WLB,Management Occupations,2020,-0.7664649025619488,0.0683197969346739,0.0
WLB,Management Occupations,2018,-0.3010695101668271,0.0806800822201852,0.0
WLB,Management Occupations,2023,-0.2388772021732225,0.0396920113643826,0.0
WLB,Office and Administrative Support Occupations,2019,-0.3193206407056121,0.1413997704107503,0.024
WLB,Office and Administrative Support Occupations,2021,-0.2509521194680346,0.0896097209388762,0.005
WLB,Office and Administrative Support Occupations,2022,-0.4714368060796058,0.0812022469954104,0.0
WLB,Office and Administrative Support Occupations,2020,-0.2367166102152725,0.1359372599427866,0.082
WLB,Office and Administrative Support Occupations,2018,-0.0430818070276981,0.1694642665685638,0.799
WLB,Office and Administrative Support Occupations,2023,-0.4436451761729706,0.085947003509053,0.0
WLB,Personal Care and Service Occupations,2019,-0.0857563636188789,0.7672486936450168,0.911
WLB,Personal Care and Service Occupations,2021,-0.4094633649311007,0.6279304634692262,0.514
WLB,Personal Care and Service Occupations,2022,-2.08987687458272,0.7293603394847799,0.004
WLB,Personal Care and Service Occupations,2020,-0.9067868377145224,1.041231100097505,0.384
WLB,Personal Care and Service Occupations,2018,-0.1692461357380897,1.0579422007756052,0.873
WLB,Personal Care and Service Occupations,2023,-0.2343193379253522,0.4125295105837095,0.57
WLB,Production Occupations,2019,-0.2898335215398901,0.2945353523483253,0.325
WLB,Production Occupations,2021,-0.4464617965072341,0.1790504607124735,0.013
WLB,Production Occupations,2022,-0.2721453811357507,0.1409015378608984,0.053
WLB,Production Occupations,2020,-0.1446376290932731,0.2365306900728551,0.541
WLB,Production Occupations,2018,-0.1936876362596906,0.3321021502445305,0.56
WLB,Production Occupations,2023,-0.2760485000402138,0.1502939698511864,0.066
WLB,Sales and Related Occupations,2019,-0.4328870394800337,0.1337569921646407,0.001
WLB,Sales and Related Occupations,2021,-0.2927194062498495,0.0835610563059383,0.0
WLB,Sales and Related Occupations,2022,-0.2760174575007695,0.0773816990873643,0.0
WLB,Sales and Related Occupations,2020,-0.4203291864786205,0.1159792693053082,0.0
WLB,Sales and Related Occupations,2018,-0.2036325064184632,0.150025659644142,0.175
WLB,Sales and Related Occupations,2023,-0.2317684461762022,0.0866329866839836,0.007
WLB,Transportation and Material Moving Occupations,2019,-0.5939133444920305,0.5368116345098709,0.269
WLB,Transportation and Material Moving Occupations,2021,-1.4878810548502577,0.2868629648895084,0.0
WLB,Transportation and Material Moving Occupations,2022,-0.5226234515685958,0.2154747957504558,0.015
WLB,Transportation and Material Moving Occupations,2020,-0.4662387040457824,0.400911443481566,0.245
WLB,Transportation and Material Moving Occupations,2018,-0.9959163651283583,0.5266783042302636,0.059
WLB,Transportation and Material Moving Occupations,2023,-0.6036897624037324,0.243283931519483,0.013
PAID_LEAVE,Architecture and Engineering Occupations,2019,-0.3035563161839383,0.1257368969659814,0.016
PAID_LEAVE,Architecture and Engineering Occupations,2021,-0.6054461548584085,0.1034148178691135,0.0
PAID_LEAVE,Architecture and Engineering Occupations,2022,-0.4139917366736262,0.0751605815417852,0.0
PAID_LEAVE,Architecture and Engineering Occupations,2020,-0.5165116752057569,0.134353213562726,0.0
PAID_LEAVE,Architecture and Engineering Occupations,2018,-0.300995256330704,0.1647948225620136,0.068
PAID_LEAVE,Architecture and Engineering Occupations,2023,-0.2058332008325058,0.0710832407225938,0.004
PAID_LEAVE,"Arts, Design, Entertainment, Sports, and Media Occupations",2019,-0.0551603075279807,0.1968167272921744,0.779
PAID_LEAVE,"Arts, Design, Entertainment, Sports, and Media Occupations",2021,-0.2936811381069126,0.1492922273385342,0.049
PAID_LEAVE,"Arts, Design, Entertainment, Sports, and Media Occupations",2022,0.021570933797764,0.1123467509356653,0.848
PAID_LEAVE,"Arts, Design, Entertainment, Sports, and Media Occupations",2020,-0.330743666083327,0.2256468270529598,0.143
PAID_LEAVE,"Arts, Design, Entertainment, Sports, and Media Occupations",2018,0.0287001244304004,0.2706499584921688,0.916
PAID_LEAVE,"Arts, Design, Entertainment, Sports, and Media Occupations",2023,-0.1627533907128593,0.1094806080628329,0.137
PAID_LEAVE,Business and Financial Operations Occupations,2019,-0.2227920883032161,0.0753612137005339,0.003
PAID_LEAVE,Business and Financial Operations Occupations,2021,-0.1386025669776666,0.0463221847894742,0.003
PAID_LEAVE,Business and Financial Operations Occupations,2022,-0.2693485970594674,0.0410806216700327,0.0
PAID_LEAVE,Business and Financial Operations Occupations,2020,-0.449758432901352,0.0734096593236557,0.0
PAID_LEAVE,Business and Financial Operations Occupations,2018,-0.0557338923595059,0.0806024748994346,0.489
PAID_LEAVE,Business and Financial Operations Occupations,2023,-0.1914974668366062,0.046450179723862,0.0
PAID_LEAVE,Community and Social Service Occupations,2019,-1.0200386063566091,0.4675174164964462,0.029
PAID_LEAVE,Community and Social Service Occupations,2021,-2.047150471158278,0.5164964026081116,0.0
PAID_LEAVE,Community and Social Service Occupations,2022,-0.9123416017764308,0.2426041524672748,0.0
PAID_LEAVE,Community and Social Service Occupations,2020,-0.6194077010909685,0.412129214448817,0.133
PAID_LEAVE,Community and Social Service Occupations,2018,0.2957660980626778,0.38836020168859,0.446
PAID_LEAVE,Community and Social Service Occupations,2023,-0.1626311249148895,0.2284226471053336,0.476
PAID_LEAVE,Computer and Mathematical Occupations,2019,0.0057293464734448,0.0325789753289022,0.86
PAID_LEAVE,Computer and Mathematical Occupations,2021,0.0107199647862238,0.0240656499290231,0.656
PAID_LEAVE,Computer and Mathematical Occupations,2022,0.0131523441939496,0.019430630574991,0.498
PAID_LEAVE,Computer and Mathematical Occupations,2020,-0.0953211502702886,0.0342008129857873,0.005
PAID_LEAVE,Computer and Mathematical Occupations,2018,0.1125897890446608,0.0370678668059574,0.002
PAID_LEAVE,Computer and Mathematical Occupations,2023,0.1372777875328747,0.0222891858939625,0.0
PAID_LEAVE,Educational Instruction and Library Occupations,2019,-0.3844549212822717,0.2719756671305723,0.157
PAID_LEAVE,Educational Instruction and Library Occupations,2021,-1.046245789250686,0.268887749341979,0.0
PAID_LEAVE,Educational Instruction and Library Occupations,2022,-0.5488068607551232,0.1724702388200943,0.001
PAID_LEAVE,Educational Instruction and Library Occupations,2020,-0.7138849656504145,0.329726889935986,0.03
PAID_LEAVE,Educational Instruction and Library Occupations,2018,-1.3842053077454388,0.5866920221805959,0.018
PAID_LEAVE,Educational Instruction and Library Occupations,2023,-0.1672264840839247,0.1313903044634847,0.203
PAID_LEAVE,Healthcare Practitioners and Technical Occupations,2019,-0.3419156622492335,0.2498898411654723,0.171
PAID_LEAVE,Healthcare Practitioners and Technical Occupations,2021,-0.8799199414263013,0.1842859487113017,0.0
PAID_LEAVE,Healthcare Practitioners and Technical Occupations,2022,-0.6254382184715513,0.1653159426313974,0.0
PAID_LEAVE,Healthcare Practitioners and Technical Occupations,2020,-0.3585361506018523,0.226198654674764,0.113
PAID_LEAVE,Healthcare Practitioners and Technical Occupations,2018,-0.378218016268112,0.2879573610008701,0.189
PAID_LEAVE,Healthcare Practitioners and Technical Occupations,2023,-0.5335544217365591,0.1563009262259392,0.001
PAID_LEAVE,Legal Occupations,2019,-0.7839932471590494,0.4673356302630033,0.093
PAID_LEAVE,Legal Occupations,2021,-0.7349330485699435,0.2858166786761913,0.01
PAID_LEAVE,Legal Occupations,2022,-0.0090675537675459,0.2218940711076253,0.967
PAID_LEAVE,Legal Occupations,2020,-1.336674560869651,0.6009169187873697,0.026
PAID_LEAVE,Legal Occupations,2018,0.2587441813233348,0.4414514126545006,0.558
PAID_LEAVE,Legal Occupations,2023,-0.0256805441793062,0.2208313309600182,0.907
PAID_LEAVE,"Life, Physical, and Social Science Occupations",2019,-0.640131176040621,0.214903972358913,0.003
PAID_LEAVE,"Life, Physical, and Social Science Occupations",2021,-0.5211319414187203,0.1378079373579494,0.0
PAID_LEAVE,"Life, Physical, and Social Science Occupations",2022,-0.4772969964676818,0.1051261222634396,0.0
PAID_LEAVE,"Life, Physical, and Social Science Occupations",2020,-0.7117004777170814,0.2138386807890067,0.001
PAID_LEAVE,"Life, Physical, and Social Science Occupations",2018,-0.5513291847595482,0.277399889655255,0.047
PAID_LEAVE,"Life, Physical, and Social Science Occupations",2023,-0.2747747161061872,0.1141346997927706,0.016
PAID_LEAVE,Management Occupations,2019,-0.619205831648311,0.0767443771201898,0.0
PAID_LEAVE,Management Occupations,2021,-0.6681560625016704,0.0474171622834251,0.0
PAID_LEAVE,Management Occupations,2022,-0.4840612547354615,0.0381273986272056,0.0
PAID_LEAVE,Management Occupations,2020,-0.8494501535249732,0.0726002538136377,0.0
PAID_LEAVE,Management Occupations,2018,-0.3199999742780613,0.0846626525502437,0.0
PAID_LEAVE,Management Occupations,2023,-0.2321623678480334,0.0400845220095834,0.0
PAID_LEAVE,Office and Administrative Support Occupations,2019,-0.4103726071270963,0.149760970775612,0.006
PAID_LEAVE,Office and Administrative Support Occupations,2021,-0.4071984403291194,0.0950272812781851,0.0
PAID_LEAVE,Office and Administrative Support Occupations,2022,-0.5137854035195448,0.0834916044118706,0.0
PAID_LEAVE,Office and Administrative Support Occupations,2020,-0.2945954419114265,0.1402932452891551,0.036
PAID_LEAVE,Office and Administrative Support Occupations,2018,-0.0919722227915786,0.1778587644398987,0.605
PAID_LEAVE,Office and Administrative Support Occupations,2023,-0.4792910097405328,0.0875627184579224,0.0
PAID_LEAVE,Personal Care and Service Occupations,2019,,,
PAID_LEAVE,Personal Care and Service Occupations,2021,-0.2807313279707793,0.629166402145865,0.655
PAID_LEAVE,Personal Care and Service Occupations,2022,-2.0137676760106245,0.7301283078313348,0.006
PAID_LEAVE,Personal Care and Service Occupations,2020,-0.7473486864647857,1.0431953149427933,0.474
PAID_LEAVE,Personal Care and Service Occupations,2018,-0.0521631601962622,1.057231524965046,0.961
PAID_LEAVE,Personal Care and Service Occupations,2023,-0.359683782031395,0.4321654898253343,0.405
PAID_LEAVE,Production Occupations,2019,-0.4196228048996624,0.3173669759915046,0.186
PAID_LEAVE,Production Occupations,2021,-0.4049788480327598,0.1791254911736604,0.024
PAID_LEAVE,Production Occupations,2022,-0.2950607901489879,0.143182370853659,0.039
PAID_LEAVE,Production Occupations,2020,-0.1092515737198112,0.2367243083143144,0.644
PAID_LEAVE,Production Occupations,2018,-0.1517284523710401,0.3322068023946626,0.648
PAID_LEAVE,Production Occupations,2023,-0.3278135410280542,0.1533498156249881,0.033
PAID_LEAVE,Sales and Related Occupations,2019,-0.4449653285427068,0.1398989171186439,0.001
PAID_LEAVE,Sales and Related Occupations,2021,-0.4286167158210721,0.0900910694820518,0.0
PAID_LEAVE,Sales and Related Occupations,2022,-0.346723608723861,0.0811692389138313,0.0
PAID_LEAVE,Sales and Related Occupations,2020,-0.6390878629096778,0.1294404252995568,0.0
PAID_LEAVE,Sales and Related Occupations,2018,-0.2546572788959234,0.1589132963454738,0.109
PAID_LEAVE,Sales and Related Occupations,2023,-0.2469261756359222,0.0880321297201448,0.005
PAID_LEAVE,Transportation and Material Moving Occupations,2019,-0.5540214411164347,0.5369126099882997,0.302
PAID_LEAVE,Transportation and Material Moving Occupations,2021,-1.5579258921618695,0.296124633159676,0.0
PAID_LEAVE,Transportation and Material Moving Occupations,2022,-0.5986893538296051,0.2207759257246402,0.007
PAID_LEAVE,Transportation and Material Moving Occupations,2020,-0.6101279429245947,0.4216419071053194,0.148
PAID_LEAVE,Transportation and Material Moving Occupations,2018,-0.9678393854457008,0.5266832983886652,0.066
PAID_LEAVE,Transportation and Material Moving Occupations,2023,-0.5853086521261325,0.2433340033305135,0.016
HEALTH_WELLBEING,Architecture and Engineering Occupations,2019,-0.5901141946896461,0.2727147262490358,0.03
HEALTH_WELLBEING,Architecture and Engineering Occupations,2021,-0.54586547333676,0.2181648202560018,0.012
HEALTH_WELLBEING,Architecture and Engineering Occupations,2022,-0.7885571255024013,0.1833841125938672,0.0
HEALTH_WELLBEING,Architecture and Engineering Occupations,2020,-0.5204769864009908,0.3079785507738603,0.091
HEALTH_WELLBEING,Architecture and Engineering Occupations,2018,0.2643789208862074,0.2957023804179212,0.371
HEALTH_WELLBEING,Architecture and Engineering Occupations,2023,-0.2583979076157351,0.1395177911323985,0.064
HEALTH_WELLBEING,"Arts, Design, Entertainment, Sports, and Media Occupations",2019,2.0073852124626144,0.1780740681764263,0.0
HEALTH_WELLBEING,"Arts, Design, Entertainment, Sports, and Media Occupations",2021,-0.4879534275489899,0.3601719863794977,0.175
HEALTH_WELLBEING,"Arts, Design, Entertainment, Sports, and Media Occupations",2022,0.4824380571687567,0.1775498864889968,0.007
HEALTH_WELLBEING,"Arts, Design, Entertainment, Sports, and Media Occupations",2020,0.1178961770858879,0.4560639720819628,0.796
HEALTH_WELLBEING,"Arts, Design, Entertainment, Sports, and Media Occupations",2018,0.4428044312378591,0.4618613956544171,0.338
HEALTH_WELLBEING,"Arts, Design, Entertainment, Sports, and Media Occupations",2023,-0.491722871236938,0.2244161519047794,0.028
HEALTH_WELLBEING,Business and Financial Operations Occupations,2019,-0.0514662434858225,0.1406781994562972,0.714
HEALTH_WELLBEING,Business and Financial Operations Occupations,2021,0.179272572616036,0.0766442880399477,0.019
HEALTH_WELLBEING,Business and Financial Operations Occupations,2022,-0.1021914553488786,0.0708520580249087,0.149
HEALTH_WELLBEING,Business and Financial Operations Occupations,2020,-0.0796116745402197,0.1465031132591332,0.587
HEALTH_WELLBEING,Business and Financial Operations Occupations,2018,-0.2846611152372725,0.1855810395275919,0.125
HEALTH_WELLBEING,Business and Financial Operations Occupations,2023,0.1258779658248156,0.0726062876583067,0.083
HEALTH_WELLBEING,Community and Social Service Occupations,2019,0.4878121716631686,0.519144720885138,0.347
HEALTH_WELLBEING,Community and Social Service Occupations,2021,1.2216012762880026,0.3237350479911654,0.0
HEALTH_WELLBEING,Community and Social Service Occupations,2022,-0.3482921614962312,0.4592230688470489,0.448
HEALTH_WELLBEING,Community and Social Service Occupations,2020,0.1398425313375756,0.7251981576836244,0.847
HEALTH_WELLBEING,Community and Social Service Occupations,2018,1.6703924300616533,0.4144088019975813,0.0
HEALTH_WELLBEING,Community and Social Service Occupations,2023,0.1682468532754934,0.3967663055256372,0.672
HEALTH_WELLBEING,Computer and Mathematical Occupations,2019,0.1650173729674307,0.0635678463009495,0.009
HEALTH_WELLBEING,Computer and Mathematical Occupations,2021,0.10874007398373,0.0441671782866473,0.014
HEALTH_WELLBEING,Computer and Mathematical Occupations,2022,0.0634012732055902,0.035202716467969,0.072
HEALTH_WELLBEING,Computer and Mathematical Occupations,2020,0.022046552222129,0.0659138075195074,0.738
HEALTH_WELLBEING,Computer and Mathematical Occupations,2018,0.2811656323588988,0.0794208825674306,0.0
HEALTH_WELLBEING,Computer and Mathematical Occupations,2023,0.2198922541377509,0.0382261466379109,0.0
HEALTH_WELLBEING,Educational Instruction and Library Occupations,2019,-0.5602393896064177,0.5127656816603229,0.275
HEALTH_WELLBEING,Educational Instruction and Library Occupations,2021,0.4477872984487401,0.2879733253360915,0.12
HEALTH_WELLBEING,Educational Instruction and Library Occupations,2022,-0.74532362405579,0.4135555307901067,0.072
HEALTH_WELLBEING,Educational Instruction and Library Occupations,2020,-1.0163336198495911,0.7176587840417097,0.157
HEALTH_WELLBEING,Educational Instruction and Library Occupations,2018,-0.9496103149857594,0.7190125488751902,0.187
HEALTH_WELLBEING,Educational Instruction and Library Occupations,2023,-0.0255602127920239,0.2428962799875584,0.916
HEALTH_WELLBEING,Healthcare Practitioners and Technical Occupations,2019,0.1044131582366616,0.4553743557165183,0.819
HEALTH_WELLBEING,Healthcare Practitioners and Technical Occupations,2021,0.0624084839641006,0.2962549244416998,0.833
HEALTH_WELLBEING,Healthcare Practitioners and Technical Occupations,2022,-0.0869222661442369,0.3089920640527477,0.778
HEALTH_WELLBEING,Healthcare Practitioners and Technical Occupations,2020,-0.963533306710917,0.7115042793952671,0.176
HEALTH_WELLBEING,Healthcare Practitioners and Technical Occupations,2018,-0.1892193846381018,0.582669316017821,0.745
HEALTH_WELLBEING,Healthcare Practitioners and Technical Occupations,2023,0.1733171257205772,0.2858537659415453,0.544
HEALTH_WELLBEING,Legal Occupations,2019,,,
HEALTH_WELLBEING,Legal Occupations,2021,-0.2635948574813422,0.5917197016954783,0.656
HEALTH_WELLBEING,Legal Occupations,2022,0.4801952201791492,0.3829951741408606,0.21
HEALTH_WELLBEING,Legal Occupations,2020,0.9765069112912204,0.6171136813127482,0.114
HEALTH_WELLBEING,Legal Occupations,2018,-18.79004284450286,9972.43947523231,0.998
HEALTH_WELLBEING,Legal Occupations,2023,1.1632752878772328,0.3003279636032363,0.0
HEALTH_WELLBEING,"Life, Physical, and Social Science Occupations",2019,0.1340409664065389,0.3000323927111957,0.655
HEALTH_WELLBEING,"Life, Physical, and Social Science Occupations",2021,0.5165264027250732,0.1726606153409108,0.003
HEALTH_WELLBEING,"Life, Physical, and Social Science Occupations",2022,0.2352540298467831,0.1480540538033172,0.112
HEALTH_WELLBEING,"Life, Physical, and Social Science Occupations",2020,0.2901856792050134,0.2709232827876274,0.284
HEALTH_WELLBEING,"Life, Physical, and Social Science Occupations",2018,0.1357170791362619,0.3647936092547023,0.71
HEALTH_WELLBEING,"Life, Physical, and Social Science Occupations",2023,-0.0269765275955027,0.1926167520134543,0.889
HEALTH_WELLBEING,Management Occupations,2019,-0.3391679980410879,0.1484008804510999,0.022
HEALTH_WELLBEING,Management Occupations,2021,0.0143001894596056,0.0759104380559173,0.851
HEALTH_WELLBEING,Management Occupations,2022,0.0372952967832463,0.0625038979788612,0.551
HEALTH_WELLBEING,Management Occupations,2020,-0.5276599450103433,0.1605233135466528,0.001
HEALTH_WELLBEING,Management Occupations,2018,-0.5263232633271104,0.2023233743135633,0.009
HEALTH_WELLBEING,Management Occupations,2023,0.1910516537717325,0.0642853910149269,0.003
HEALTH_WELLBEING,Office and Administrative Support Occupations,2019,-0.2031291324245062,0.3204654571340972,0.526
HEALTH_WELLBEING,Office and Administrative Support Occupations,2021,0.1447198138698532,0.1742966489148957,0.406
HEALTH_WELLBEING,Office and Administrative Support Occupations,2022,0.0927343523310417,0.1466012292850287,0.527
HEALTH_WELLBEING,Office and Administrative Support Occupations,2020,-0.0546301130407732,0.3221424821639308,0.865
HEALTH_WELLBEING,Office and Administrative Support Occupations,2018,0.4930657987701617,0.2947951678085229,0.094
HEALTH_WELLBEING,Office and Administrative Support Occupations,2023,-0.5944050494266239,0.2008273290113279,0.003
HEALTH_WELLBEING,Personal Care and Service Occupations,2019,1.2318539535479207,1.0552210597112133,0.243
HEALTH_WELLBEING,Personal Care and Service Occupations,2021,1.5593591376773164,0.7509032185324236,0.038
HEALTH_WELLBEING,Personal Care and Service Occupations,2022,0.2826639082627445,0.7323497807508611,0.7
HEALTH_WELLBEING,Personal Care and Service Occupations,2020,-13.953250187185269,1852.3785080035912,0.994
HEALTH_WELLBEING,Personal Care and Service Occupations,2018,-2.0136379918522342,5.509255833998323,0.715
HEALTH_WELLBEING,Personal Care and Service Occupations,2023,0.2682621859357201,0.7378306088951069,0.716
HEALTH_WELLBEING,Production Occupations,2019,0.0493011975750056,0.5883006932650088,0.933
HEALTH_WELLBEING,Production Occupations,2021,0.0660375891582638,0.3423450681188941,0.847
HEALTH_WELLBEING,Production Occupations,2022,0.0216683929466004,0.2674026574325374,0.935
HEALTH_WELLBEING,Production Occupations,2020,0.199598138260405,0.5178733111401168,0.7
HEALTH_WELLBEING,Production Occupations,2018,0.7349687973749132,0.5127192504329809,0.152
HEALTH_WELLBEING,Production Occupations,2023,-0.1452772282544815,0.3119999676034785,0.641
HEALTH_WELLBEING,Sales and Related Occupations,2019,-0.0774181320716214,0.271844726967184,0.776
HEALTH_WELLBEING,Sales and Related Occupations,2021,-0.2151802567629205,0.1844510939845485,0.243
HEALTH_WELLBEING,Sales and Related Occupations,2022,0.2013638915237357,0.139637241817313,0.149
HEALTH_WELLBEING,Sales and Related Occupations,2020,0.2220399447356665,0.2193814450015971,0.311
HEALTH_WELLBEING,Sales and Related Occupations,2018,-0.765452801153595,0.450421399774065,0.089
HEALTH_WELLBEING,Sales and Related Occupations,2023,-0.4881538529160625,0.1859684687998611,0.009
HEALTH_WELLBEING,Transportation and Material Moving Occupations,2019,0.1879986684687445,1.0209637436868764,0.854
HEALTH_WELLBEING,Transportation and Material Moving Occupations,2021,,,
HEALTH_WELLBEING,Transportation and Material Moving Occupations,2022,-0.2144569633879643,0.4589478754675308,0.64
HEALTH_WELLBEING,Transportation and Material Moving Occupations,2020,-0.7725260816947535,1.0234340291016766,0.45
HEALTH_WELLBEING,Transportation and Material Moving Occupations,2018,-9.138414670787943,80.61183534473297,0.91
HEALTH_WELLBEING,Transportation and Material Moving Occupations,2023,-0.3162412965834547,0.4656711102355053,0.497
PARENTAL_LEAVE,Architecture and Engineering Occupations,2019,0.9582541496856082,0.2565997006773747,0.0
PARENTAL_LEAVE,Architecture and Engineering Occupations,2021,0.2232013237409769,0.1867982537168098,0.232
PARENTAL_LEAVE,Architecture and Engineering Occupations,2022,0.2283131584317279,0.1240123677332448,0.066
PARENTAL_LEAVE,Architecture and Engineering Occupations,2020,-0.0477784390314016,0.3443664590453579,0.89
PARENTAL_LEAVE,Architecture and Engineering Occupations,2018,-0.7399099702888167,1.008610419332553,0.463
PARENTAL_LEAVE,Architecture and Engineering Occupations,2023,0.270572002434848,0.1060435191417962,0.011
PARENTAL_LEAVE,"Arts, Design, Entertainment, Sports, and Media Occupations",2019,-0.0970304282846822,0.5078763885395883,0.848
PARENTAL_LEAVE,"Arts, Design, Entertainment, Sports, and Media Occupations",2021,0.5067259988688464,0.2332485774099105,0.03
PARENTAL_LEAVE,"Arts, Design, Entertainment, Sports, and Media Occupations",2022,0.4746823130668228,0.1840364332638851,0.01
PARENTAL_LEAVE,"Arts, Design, Entertainment, Sports, and Media Occupations",2020,0.5130417147756937,0.3894176255600371,0.188
PARENTAL_LEAVE,"Arts, Design, Entertainment, Sports, and Media Occupations",2018,,,
PARENTAL_LEAVE,"Arts, Design, Entertainment, Sports, and Media Occupations",2023,0.2863770152316874,0.1670024371681266,0.086
PARENTAL_LEAVE,Business and Financial Operations Occupations,2019,0.2961863053718371,0.1665819621998212,0.075
PARENTAL_LEAVE,Business and Financial Operations Occupations,2021,0.8245418583957548,0.0706151990680062,0.0
PARENTAL_LEAVE,Business and Financial Operations Occupations,2022,0.3528309569898465,0.0616163986390956,0.0
PARENTAL_LEAVE,Business and Financial Operations Occupations,2020,0.4573374480155527,0.1360407548075543,0.001
PARENTAL_LEAVE,Business and Financial Operations Occupations,2018,-0.087484000229131,0.292739929660613,0.765
PARENTAL_LEAVE,Business and Financial Operations Occupations,2023,0.3968677147386406,0.0644667738201616,0.0
PARENTAL_LEAVE,Community and Social Service Occupations,2019,-0.6989014967002994,1.0101800512566803,0.489
PARENTAL_LEAVE,Community and Social Service Occupations,2021,,,
PARENTAL_LEAVE,Community and Social Service Occupations,2022,0.0334420699104434,0.3916137414960726,0.932
PARENTAL_LEAVE,Community and Social Service Occupations,2020,-0.6314059697360321,1.012768456344964,0.533
PARENTAL_LEAVE,Community and Social Service Occupations,2018,0.5882478663900629,0.7287173493543745,0.42
PARENTAL_LEAVE,Community and Social Service Occupations,2023,0.002052315973455,0.395959009524869,0.996
PARENTAL_LEAVE,Computer and Mathematical Occupations,2019,0.6412062355372992,0.0718933408348043,0.0
PARENTAL_LEAVE,Computer and Mathematical Occupations,2021,0.5202358937471991,0.0385124956216089,0.0
PARENTAL_LEAVE,Computer and Mathematical Occupations,2022,0.5057916241653251,0.0285156294237809,0.0
PARENTAL_LEAVE,Computer and Mathematical Occupations,2020,0.3966286824597854,0.0685773924612853,0.0
PARENTAL_LEAVE,Computer and Mathematical Occupations,2018,0.5087718648337985,0.1082999385042496,0.0
PARENTAL_LEAVE,Computer and Mathematical Occupations,2023,0.5138846239679181,0.0293470213338818,0.0
PARENTAL_LEAVE,Educational Instruction and Library Occupations,2019,-0.7226769431418644,1.0052922317867616,0.472
PARENTAL_LEAVE,Educational Instruction and Library Occupations,2021,-0.21542773578278,0.5070926480339696,0.671
PARENTAL_LEAVE,Educational Instruction and Library Occupations,2022,0.2383169535739717,0.2964341519843805,0.421
PARENTAL_LEAVE,Educational Instruction and Library Occupations,2020,-8.241611157062602,49.03564229650435,0.867
PARENTAL_LEAVE,Educational Instruction and Library Occupations,2018,0.1018808966783729,1.0096620099883804,0.92
PARENTAL_LEAVE,Educational Instruction and Library Occupations,2023,0.2925834196082059,0.2661216889358197,0.272
PARENTAL_LEAVE,Healthcare Practitioners and Technical Occupations,2019,,,
PARENTAL_LEAVE,Healthcare Practitioners and Technical Occupations,2021,-1.788601022210974,1.0027134960450277,0.074
PARENTAL_LEAVE,Healthcare Practitioners and Technical Occupations,2022,-0.312979493815965,0.3856825183539227,0.417
PARENTAL_LEAVE,Healthcare Practitioners and Technical Occupations,2020,-0.6486139529628455,1.003763987954888,0.518
PARENTAL_LEAVE,Healthcare Practitioners and Technical Occupations,2018,1.9698532034823448,0.4234338015765389,0.0
PARENTAL_LEAVE,Healthcare Practitioners and Technical Occupations,2023,-0.609848728396596,0.3431490189950185,0.076
PARENTAL_LEAVE,Legal Occupations,2019,-0.264294634065308,1.0124530131090543,0.794
PARENTAL_LEAVE,Legal Occupations,2021,0.1149026820965453,0.4635478867022382,0.804
PARENTAL_LEAVE,Legal Occupations,2022,0.728483270309795,0.3262469023421386,0.026
PARENTAL_LEAVE,Legal Occupations,2020,-21.504650805277997,40597.91060994834,1.0
PARENTAL_LEAVE,Legal Occupations,2018,1.5880191745363852,0.6186793121959393,0.01
PARENTAL_LEAVE,Legal Occupations,2023,1.243222872857583,0.2521509879692207,0.0
PARENTAL_LEAVE,"Life, Physical, and Social Science Occupations",2019,0.0045826892168727,0.5904890185186136,0.994
PARENTAL_LEAVE,"Life, Physical, and Social Science Occupations",2021,0.0610579383670553,0.246237639109504,0.804
PARENTAL_LEAVE,"Life, Physical, and Social Science Occupations",2022,0.5292876708068606,0.1517139123943038,0.0
PARENTAL_LEAVE,"Life, Physical, and Social Science Occupations",2020,0.8531811392854648,0.3517841528812445,0.015
PARENTAL_LEAVE,"Life, Physical, and Social Science Occupations",2018,0.27516912201066,0.7244358262512555,0.704
PARENTAL_LEAVE,"Life, Physical, and Social Science Occupations",2023,-0.2407462572697082,0.174099080397421,0.167
PARENTAL_LEAVE,Management Occupations,2019,0.3775944794079342,0.1495025405353574,0.012
PARENTAL_LEAVE,Management Occupations,2021,0.3198194674017844,0.0776389023460633,0.0
PARENTAL_LEAVE,Management Occupations,2022,0.4177258584354177,0.0557105723255984,0.0
PARENTAL_LEAVE,Management Occupations,2020,0.1125205651602784,0.1419582447676245,0.428
PARENTAL_LEAVE,Management Occupations,2018,-0.1056720796100995,0.2805116047494229,0.706
PARENTAL_LEAVE,Management Occupations,2023,0.4847783887964036,0.0544177392718709,0.0
PARENTAL_LEAVE,Office and Administrative Support Occupations,2019,0.549869142780093,0.3219455562314881,0.088
PARENTAL_LEAVE,Office and Administrative Support Occupations,2021,0.9391505115880324,0.1436657744121938,0.0
PARENTAL_LEAVE,Office and Administrative Support Occupations,2022,0.4059690675443853,0.1362564313150488,0.003
PARENTAL_LEAVE,Office and Administrative Support Occupations,2020,0.5656143284914226,0.2959329099863393,0.056
PARENTAL_LEAVE,Office and Administrative Support Occupations,2018,0.5262678135135481,0.5068482248720595,0.299
PARENTAL_LEAVE,Office and Administrative Support Occupations,2023,0.2973746823636489,0.135171134762219,0.028
PARENTAL_LEAVE,Personal Care and Service Occupations,2019,,,
PARENTAL_LEAVE,Personal Care and Service Occupations,2021,-21.027103833661208,69392.87337603612,1.0
PARENTAL_LEAVE,Personal Care and Service Occupations,2022,0.0251244050448274,1.023845146236346,0.98
PARENTAL_LEAVE,Personal Care and Service Occupations,2020,-12.811814845818123,1421.558280579701,0.993
PARENTAL_LEAVE,Personal Care and Service Occupations,2018,-13.655632768599787,3971.57504501547,0.997
PARENTAL_LEAVE,Personal Care and Service Occupations,2023,-10.626688495010216,189.7451728755929,0.955
PARENTAL_LEAVE,Production Occupations,2019,-12.972774952328988,680.0865656455876,0.985
PARENTAL_LEAVE,Production Occupations,2021,0.4570355044491284,0.3446569209308343,0.185
PARENTAL_LEAVE,Production Occupations,2022,0.1303239303605801,0.2774238924125503,0.639
PARENTAL_LEAVE,Production Occupations,2020,-18.144972351047542,6097.057469157583,0.998
PARENTAL_LEAVE,Production Occupations,2018,1.4933290843715632,0.7589194937771048,0.049
PARENTAL_LEAVE,Production Occupations,2023,-0.1812064249502284,0.3130930211171147,0.563
PARENTAL_LEAVE,Sales and Related Occupations,2019,-0.0179278412037914,0.3580766736853811,0.96
PARENTAL_LEAVE,Sales and Related Occupations,2021,0.3484689706538653,0.1582788003964745,0.028
PARENTAL_LEAVE,Sales and Related Occupations,2022,0.7611610905344373,0.1051985508449382,0.0
PARENTAL_LEAVE,Sales and Related Occupations,2020,0.6106931809789834,0.2301770192384627,0.008
PARENTAL_LEAVE,Sales and Related Occupations,2018,-0.2315865834687258,0.5812644932533346,0.69
PARENTAL_LEAVE,Sales and Related Occupations,2023,0.568690263763898,0.1103879378696798,0.0
PARENTAL_LEAVE,Transportation and Material Moving Occupations,2019,-15.807313958286722,6008.574957574038,0.998
PARENTAL_LEAVE,Transportation and Material Moving Occupations,2021,-0.2230159236764498,0.4289382299887397,0.603
PARENTAL_LEAVE,Transportation and Material Moving Occupations,2022,0.4274682455050513,0.3049720396988887,0.161
PARENTAL_LEAVE,Transportation and Material Moving Occupations,2020,0.5441369511063447,1.0164745290364428,0.592
PARENTAL_LEAVE,Transportation and Material Moving Occupations,2018,2.31686790813114,1.03666486928357,0.025
PARENTAL_LEAVE,Transportation and Material Moving Occupations,2023,-0.8264581086136689,0.5292668400828908,0.118
CULTURE,Architecture and Engineering Occupations,2019,0.5687172336395865,0.1144430746600114,0.0
CULTURE,Architecture and Engineering Occupations,2021,0.8818583457962874,0.078755212814876,0.0
CULTURE,Architecture and Engineering Occupations,2022,0.9058678488024638,0.0588031100224962,0.0
CULTURE,Architecture and Engineering Occupations,2020,0.9931554827454754,0.1054184672698821,0.0
CULTURE,Architecture and Engineering Occupations,2018,0.3450731938555941,0.1544627293013133,0.025
CULTURE,Architecture and Engineering Occupations,2023,0.6202001582457596,0.0687088228895293,0.0
CULTURE,"Arts, Design, Entertainment, Sports, and Media Occupations",2019,0.2598852778793529,0.2014445975506168,0.197
CULTURE,"Arts, Design, Entertainment, Sports, and Media Occupations",2021,0.7369987757906739,0.1259037732945045,0.0
CULTURE,"Arts, Design, Entertainment, Sports, and Media Occupations",2022,0.5068678713437593,0.1064153047682392,0.0
CULTURE,"Arts, Design, Entertainment, Sports, and Media Occupations",2020,0.998040141082162,0.1839945985926051,0.0
CULTURE,"Arts, Design, Entertainment, Sports, and Media Occupations",2018,0.3373438149335244,0.2669554163934999,0.206
CULTURE,"Arts, Design, Entertainment, Sports, and Media Occupations",2023,0.1484418283172356,0.1198157427862336,0.215
CULTURE,Business and Financial Operations Occupations,2019,0.4876990106844302,0.0696517053935686,0.0
CULTURE,Business and Financial Operations Occupations,2021,0.5923684311637848,0.0437952573434324,0.0
CULTURE,Business and Financial Operations Occupations,2022,0.4224566076742877,0.0374415217096196,0.0
CULTURE,Business and Financial Operations Occupations,2020,0.4349734240591833,0.0720821262673167,0.0
CULTURE,Business and Financial Operations Occupations,2018,0.5874645652126627,0.0702192095723357,0.0
CULTURE,Business and Financial Operations Occupations,2023,0.6119772173703307,0.0461100358578743,0.0
CULTURE,Community and Social Service Occupations,2019,1.0835514191781916,0.3502363191467563,0.002
CULTURE,Community and Social Service Occupations,2021,0.6530581894247266,0.3042712449631792,0.032
CULTURE,Community and Social Service Occupations,2022,0.9170412230317868,0.2005674236509709,0.0
CULTURE,Community and Social Service Occupations,2020,0.7070602969714689,0.4407778986611978,0.109
CULTURE,Community and Social Service Occupations,2018,0.3592988174552096,0.6002263710407199,0.549
CULTURE,Community and Social Service Occupations,2023,1.2230737557618332,0.2203169926254324,0.0
CULTURE,Computer and Mathematical Occupations,2019,0.3608377916538608,0.0318011586304293,0.0
CULTURE,Computer and Mathematical Occupations,2021,0.5438554226711807,0.0216554396324517,0.0
CULTURE,Computer and Mathematical Occupations,2022,0.4638649965488257,0.0176885909624802,0.0
CULTURE,Computer and Mathematical Occupations,2020,0.6406669900075207,0.0299404727407793,0.0
CULTURE,Computer and Mathematical Occupations,2018,0.3469154655476788,0.0350115273878579,0.0
CULTURE,Computer and Mathematical Occupations,2023,0.4824723509890588,0.0230286718076973,0.0
CULTURE,Educational Instruction and Library Occupations,2019,0.7336293918880938,0.1766220923130353,0.0
CULTURE,Educational Instruction and Library Occupations,2021,1.2911573486515542,0.1375763799355416,0.0
CULTURE,Educational Instruction and Library Occupations,2022,0.8199073973940042,0.1117802090528279,0.0
CULTURE,Educational Instruction and Library Occupations,2020,1.158200725297638,0.1776970205704701,0.0
CULTURE,Educational Instruction and Library Occupations,2018,0.5648074647662391,0.2197926492999053,0.01
CULTURE,Educational Instruction and Library Occupations,2023,0.8339584791899707,0.1058356442492248,0.0
CULTURE,Healthcare Practitioners and Technical Occupations,2019,0.205127778492137,0.2723960712199612,0.451
CULTURE,Healthcare Practitioners and Technical Occupations,2021,0.1251437682423291,0.1856045642521822,0.5
CULTURE,Healthcare Practitioners and Technical Occupations,2022,0.8462158528544009,0.1458410824048349,0.0
CULTURE,Healthcare Practitioners and Technical Occupations,2020,0.0924767640973143,0.2575528833165824,0.72
CULTURE,Healthcare Practitioners and Technical Occupations,2018,0.4662244781335853,0.3127061570315303,0.136
CULTURE,Healthcare Practitioners and Technical Occupations,2023,0.5796401255843636,0.1597445661292835,0.0
CULTURE,Legal Occupations,2019,0.0841511998546368,0.5232043104513423,0.872
CULTURE,Legal Occupations,2021,0.6402501734500943,0.2525981056303612,0.011
CULTURE,Legal Occupations,2022,1.002168514651388,0.2261558091931613,0.0
CULTURE,Legal Occupations,2020,0.7079914637554018,0.4502720730916032,0.116
CULTURE,Legal Occupations,2018,-0.433601687042258,0.7306335765378352,0.553
CULTURE,Legal Occupations,2023,0.9557921533169138,0.2361110817350144,0.0
CULTURE,"Life, Physical, and Social Science Occupations",2019,0.499318345553254,0.1769424544572576,0.005
CULTURE,"Life, Physical, and Social Science Occupations",2021,0.4318591193603168,0.113840872409276,0.0
CULTURE,"Life, Physical, and Social Science Occupations",2022,0.5482531170072755,0.0867304374050651,0.0
CULTURE,"Life, Physical, and Social Science Occupations",2020,0.3928815556585953,0.164172046594167,0.017
CULTURE,"Life, Physical, and Social Science Occupations",2018,0.4537005771681796,0.2203712984993863,0.04
CULTURE,"Life, Physical, and Social Science Occupations",2023,0.1421104885214561,0.1099096477657008,0.196
CULTURE,Management Occupations,2019,0.580896915766826,0.0587277416555839,0.0
CULTURE,Management Occupations,2021,0.825490410948184,0.0374251263792171,0.0
CULTURE,Management Occupations,2022,0.7397514095248593,0.0322195377502836,0.0
CULTURE,Management Occupations,2020,0.9594752154167232,0.0513580097818203,0.0
CULTURE,Management Occupations,2018,0.327682484443182,0.0755734127599491,0.0
CULTURE,Management Occupations,2023,0.6687409149540336,0.0398757235137794,0.0
CULTURE,Office and Administrative Support Occupations,2019,0.1860049964994022,0.1792831310920264,0.3
CULTURE,Office and Administrative Support Occupations,2021,0.5458291597695691,0.1005037986395015,0.0
CULTURE,Office and Administrative Support Occupations,2022,0.4095144500082799,0.0855030093476784,0.0
CULTURE,Office and Administrative Support Occupations,2020,0.6935420019694116,0.1596446919470421,0.0
CULTURE,Office and Administrative Support Occupations,2018,0.6729260218998852,0.1746561641382217,0.0
CULTURE,Office and Administrative Support Occupations,2023,0.4992692536161748,0.0950519340683342,0.0
CULTURE,Personal Care and Service Occupations,2019,0.856109597621823,0.7969797982272014,0.283
CULTURE,Personal Care and Service Occupations,2021,-20.496100747442032,24387.479679903958,0.999
CULTURE,Personal Care and Service Occupations,2022,0.5531573488343197,0.494446879415978,0.263
CULTURE,Personal Care and Service Occupations,2020,2.542857591296639,0.5974355677063136,0.0
CULTURE,Personal Care and Service Occupations,2018,0.8815702795096251,1.0505795511707428,0.401
CULTURE,Personal Care and Service Occupations,2023,-1.2638398745088508,1.02590496070059,0.218
CULTURE,Production Occupations,2019,0.6824235716862379,0.3218961693241156,0.034
CULTURE,Production Occupations,2021,0.907494103644568,0.1780002825200641,0.0
CULTURE,Production Occupations,2022,0.4656858552066011,0.160367602002904,0.004
CULTURE,Production Occupations,2020,0.1990260998548385,0.3700336787733604,0.591
CULTURE,Production Occupations,2018,0.4942879120561216,0.3967702648193299,0.213
CULTURE,Production Occupations,2023,0.6700353396749072,0.1729515442947828,0.0
CULTURE,Sales and Related Occupations,2019,0.3691402196968629,0.1282914683445154,0.004
CULTURE,Sales and Related Occupations,2021,0.3467916689992618,0.0920368032453012,0.0
CULTURE,Sales and Related Occupations,2022,0.4865687071302507,0.0787841228642479,0.0
CULTURE,Sales and Related Occupations,2020,0.662312309286975,0.1112157511296497,0.0
CULTURE,Sales and Related Occupations,2018,0.1197666856654766,0.1731063119552582,0.489
CULTURE,Sales and Related Occupations,2023,0.5467056044142375,0.0917341036224715,0.0
CULTURE,Transportation and Material Moving Occupations,2019,0.1977014423709546,1.021270865335599,0.847
CULTURE,Transportation and Material Moving Occupations,2021,1.845892400778034,0.207550172478735,0.0
CULTURE,Transportation and Material Moving Occupations,2022,1.3519894829475048,0.2088251048112909,0.0
CULTURE,Transportation and Material Moving Occupations,2020,0.5485875224296433,0.7351809466444404,0.456
CULTURE,Transportation and Material Moving Occupations,2018,0.825758993981458,0.7379967251910475,0.263
CULTURE,Transportation and Material Moving Occupations,2023,1.0394709902431896,0.2682580886939698,0.0
wfh_wham,Architecture and Engineering Occupations,2019,0.3665853839521643,0.1946262313326424,0.06
wfh_wham,Architecture and Engineering Occupations,2021,0.5375976371369099,0.0948217223584356,0.0
wfh_wham,Architecture and Engineering Occupations,2022,0.0917774173197185,0.072382285967209,0.205
wfh_wham,Architecture and Engineering Occupations,2020,1.2434735890449764,0.1196097508156488,0.0
wfh_wham,Architecture and Engineering Occupations,2023,0.0675903975998628,0.0793701673907436,0.394
wfh_wham,"Arts, Design, Entertainment, Sports, and Media Occupations",2019,0.2004568362454736,0.2370763777827723,0.398
wfh_wham,"Arts, Design, Entertainment, Sports, and Media Occupations",2021,0.9803979714043296,0.1099880072115259,0.0
wfh_wham,"Arts, Design, Entertainment, Sports, and Media Occupations",2022,0.8577730560768488,0.095688906045234,0.0
wfh_wham,"Arts, Design, Entertainment, Sports, and Media Occupations",2020,0.5436017705246603,0.1770005571042981,0.002
wfh_wham,"Arts, Design, Entertainment, Sports, and Media Occupations",2023,2.0522439863011512,0.0939555095753065,0.0
wfh_wham,Business and Financial Operations Occupations,2019,0.0186262424122019,0.0860773024379117,0.829
wfh_wham,Business and Financial Operations Occupations,2021,0.2766435337406682,0.0415682716911322,0.0
wfh_wham,Business and Financial Operations Occupations,2022,0.380125701405797,0.0343999249230812,0.0
wfh_wham,Business and Financial Operations Occupations,2020,-0.0740589622295796,0.0678400550894286,0.275
wfh_wham,Business and Financial Operations Occupations,2023,0.4997230720539049,0.0431038254413542,0.0
wfh_wham,Community and Social Service Occupations,2019,0.5682971561019835,0.4367037023433883,0.193
wfh_wham,Community and Social Service Occupations,2021,0.70104200499898,0.3057184491554236,0.022
wfh_wham,Community and Social Service Occupations,2022,0.7339177586242467,0.2239385225217152,0.001
wfh_wham,Community and Social Service Occupations,2020,1.0925497594993254,0.3407445098403263,0.001
wfh_wham,Community and Social Service Occupations,2023,0.7787305950488885,0.2483825382439081,0.002
wfh_wham,Computer and Mathematical Occupations,2019,-0.2782149737113313,0.0409928577449017,0.0
wfh_wham,Computer and Mathematical Occupations,2021,0.1133645589375098,0.0186448411074064,0.0
wfh_wham,Computer and Mathematical Occupations,2022,0.1537139571627748,0.0157683478084444,0.0
wfh_wham,Computer and Mathematical Occupations,2020,0.0533499674244457,0.0269191608785674,0.047
wfh_wham,Computer and Mathematical Occupations,2023,0.1695134470246215,0.0206560919563059,0.0
wfh_wham,Educational Instruction and Library Occupations,2019,0.2352273175217914,0.3294464727300957,0.475
wfh_wham,Educational Instruction and Library Occupations,2021,0.9519797574646373,0.1758029800696993,0.0
wfh_wham,Educational Instruction and Library Occupations,2022,1.0876501948781947,0.1484310333569464,0.0
wfh_wham,Educational Instruction and Library Occupations,2020,0.5447823865595438,0.2612820055515322,0.037
wfh_wham,Educational Instruction and Library Occupations,2023,1.4284204894197277,0.1343542096307093,0.0
wfh_wham,Healthcare Practitioners and Technical Occupations,2019,-1.0203333277864752,0.5906110569305051,0.084
wfh_wham,Healthcare Practitioners and Technical Occupations,2021,1.80006166796276,0.1528775052643836,0.0
wfh_wham,Healthcare Practitioners and Technical Occupations,2022,1.4181409115396673,0.172546618598023,0.0
wfh_wham,Healthcare Practitioners and Technical Occupations,2020,0.149456872347562,0.3479185005269101,0.668
wfh_wham,Healthcare Practitioners and Technical Occupations,2023,1.8866313330753544,0.1714166511549896,0.0
wfh_wham,Legal Occupations,2019,-0.839608174529042,0.7222607336378767,0.245
wfh_wham,Legal Occupations,2021,-0.0266277249630487,0.2491166547677487,0.915
wfh_wham,Legal Occupations,2022,0.2378529640681964,0.220881994631673,0.282
wfh_wham,Legal Occupations,2020,-0.0267122228601926,0.4156951383885791,0.949
wfh_wham,Legal Occupations,2023,0.1007491966697727,0.2313936696942946,0.663
wfh_wham,"Life, Physical, and Social Science Occupations",2019,-0.0364878529801947,0.2628995842558486,0.89
wfh_wham,"Life, Physical, and Social Science Occupations",2021,0.0985487399918847,0.1294093492356415,0.446
wfh_wham,"Life, Physical, and Social Science Occupations",2022,0.610419975090345,0.089543792912197,0.0
wfh_wham,"Life, Physical, and Social Science Occupations",2020,0.3183796324495562,0.1798618383001696,0.077
wfh_wham,"Life, Physical, and Social Science Occupations",2023,0.3736997471545464,0.1119982118199006,0.001
wfh_wham,Management Occupations,2019,-0.0977027845754869,0.0964813830716492,0.311
wfh_wham,Management Occupations,2021,0.5997028357564349,0.040697416000109,0.0
wfh_wham,Management Occupations,2022,0.6797251659344247,0.0330272090358872,0.0
wfh_wham,Management Occupations,2020,0.2546437021714358,0.0679073455811314,0.0
wfh_wham,Management Occupations,2023,0.6822023228359898,0.0408614982937339,0.0
wfh_wham,Office and Administrative Support Occupations,2019,0.0018201377977381,0.2305276678821157,0.994
wfh_wham,Office and Administrative Support Occupations,2021,0.9503187219214236,0.0848155459205949,0.0
wfh_wham,Office and Administrative Support Occupations,2022,1.1038471352325996,0.0722930662626375,0.0
wfh_wham,Office and Administrative Support Occupations,2020,0.4628178836252555,0.1493986684997557,0.002
wfh_wham,Office and Administrative Support Occupations,2023,1.39697545804552,0.0827365562139163,0.0
wfh_wham,Personal Care and Service Occupations,2019,-21.48919974308898,71519.82965417221,1.0
wfh_wham,Personal Care and Service Occupations,2021,1.6213719603066876,0.7702383177536255,0.035
wfh_wham,Personal Care and Service Occupations,2022,2.3697519687545703,0.3967362145395537,0.0
wfh_wham,Personal Care and Service Occupations,2020,1.9731720610321044,0.7757218971860643,0.011
wfh_wham,Personal Care and Service Occupations,2023,1.284975630787125,0.6310107052177605,0.042
wfh_wham,Production Occupations,2019,-0.4187019655961711,0.7215209085940165,0.562
wfh_wham,Production Occupations,2021,0.8826984429678527,0.2131583039102179,0.0
wfh_wham,Production Occupations,2022,1.3065035176857436,0.16251672393526,0.0
wfh_wham,Production Occupations,2020,0.4950634200276067,0.3408777248971296,0.146
wfh_wham,Production Occupations,2023,0.69973849280787,0.2285261410105878,0.002
wfh_wham,Sales and Related Occupations,2019,0.6324778116667353,0.116816192516731,0.0
wfh_wham,Sales and Related Occupations,2021,0.9586826967173282,0.075845222467819,0.0
wfh_wham,Sales and Related Occupations,2022,0.859988082737919,0.07633491547915,0.0
wfh_wham,Sales and Related Occupations,2020,0.5518851096364921,0.1003398252933572,0.0
wfh_wham,Sales and Related Occupations,2023,1.248345324995277,0.0923795614226958,0.0
wfh_wham,Transportation and Material Moving Occupations,2019,-18.205487999576206,17234.76455044988,0.999
wfh_wham,Transportation and Material Moving Occupations,2021,0.533100740446289,0.5270708028276737,0.312
wfh_wham,Transportation and Material Moving Occupations,2022,1.8834198094542192,0.2992358962863685,0.0
wfh_wham,Transportation and Material Moving Occupations,2020,-11.442226884022066,437.5772583327392,0.979
wfh_wham,Transportation and Material Moving Occupations,2023,0.5972954201860597,0.5495207620050522,0.277
